role,parent_name,relationship,email,temp_password,linked_student_name,linked_student_lrn,student_grade_level,section,phone,account_status
parent,Mrs. Elena Dimaculangan,Mother,parent@sapc.edu.ph,SAPC@P5612!,Joshua Dimaculangan,109238475612,Grade 7,Grade 7 - St. Anthony,+63 917 555 0192,Pre-Provisioned (Password Change Required Upon 1st Login)
parent,Mr. Roberto Dela Cruz,Father,parent.109238475613@parent.sapc.edu.ph,SAPC@P5613!,Angelica Dela Cruz,109238475613,Grade 7,Grade 7 - St. Anthony,+63 918 333 4444,Pre-Provisioned (Password Change Required Upon 1st Login)
parent,Mrs. Carmela Reyes,Mother,parent.109238475614@parent.sapc.edu.ph,SAPC@P5614!,Mark Anthony Reyes,109238475614,Grade 8,Grade 8 - St. Benedict,+63 919 444 5555,Pre-Provisioned (Password Change Required Upon 1st Login)
parent,Mr. Ferdinand Bautista,Father,parent.109238470001@parent.sapc.edu.ph,SAPC@P0001!,Erika Bautista,109238470001,Grade 7,Grade 7 - St. Anthony,+63 918 697 338,Pre-Provisioned (Password Change Required Upon 1st Login)
parent,Mrs. Carmela Garcia,Mother,parent.109238470002@parent.sapc.edu.ph,SAPC@P0002!,Althea Garcia,109238470002,Grade 7,Grade 7 - St. Bernadette,+63 918 698 675,Pre-Provisioned (Password Change Required Upon 1st Login)
parent,Mr. Carlos Padilla,Father,parent.109238470003@parent.sapc.edu.ph,SAPC@P0003!,Angela Padilla,109238470003,Grade 7,Grade 7 - St. Bernadette,+63 918 700 012,Pre-Provisioned (Password Change Required Upon 1st Login)
parent,Mrs. Rosalinda Salazar,Mother,parent.109238470004@parent.sapc.edu.ph,SAPC@P0004!,Angelica Salazar,109238470004,Grade 7,Grade 7 - St. Anthony,+63 918 701 349,Pre-Provisioned (Password Change Required Upon 1st Login)
parent,Mr. Danilo De Leon,Father,parent.109238470005@parent.sapc.edu.ph,SAPC@P0005!,Chloe De Leon,109238470005,Grade 7,Grade 7 - St. Anthony,+63 918 702 686,Pre-Provisioned (Password Change Required Upon 1st Login)
parent,Mrs. Josephine San Jose,Mother,parent.109238470006@parent.sapc.edu.ph,SAPC@P0006!,Luis San Jose,109238470006,Grade 7,Grade 7 - St. Francis,+63 918 704 023,Pre-Provisioned (Password Change Required Upon 1st Login)
parent,Mr. Reynaldo Tolentino,Father,parent.109238470007@parent.sapc.edu.ph,SAPC@P0007!,Patricia Tolentino,109238470007,Grade 7,Grade 7 - St. Bernadette,+63 918 705 360,Pre-Provisioned (Password Change Required Upon 1st Login)
parent,Mrs. Remedios Mercado,Mother,parent.109238470008@parent.sapc.edu.ph,SAPC@P0008!,Mariel Mercado,109238470008,Grade 7,Grade 7 - St. Anthony,+63 918 706 697,Pre-Provisioned (Password Change Required Upon 1st Login)
parent,Mr. Renato Santos,Father,parent.109238470009@parent.sapc.edu.ph,SAPC@P0009!,Chloe Santos,109238470009,Grade 7,Grade 7 - St. Bernadette,+63 918 708 034,Pre-Provisioned (Password Change Required Upon 1st Login)
parent,Mrs. Flordeliza Domingo,Mother,parent.109238470010@parent.sapc.edu.ph,SAPC@P0010!,Patricia Domingo,109238470010,Grade 7,Grade 7 - St. Bernadette,+63 918 709 371,Pre-Provisioned (Password Change Required Upon 1st Login)
parent,Mr. Rodolfo Castillo,Father,parent.109238470011@parent.sapc.edu.ph,SAPC@P0011!,Joshua Castillo,109238470011,Grade 7,Grade 7 - St. Therese,+63 918 710 708,Pre-Provisioned (Password Change Required Upon 1st Login)
parent,Mrs. Cynthia De Leon,Mother,parent.109238470012@parent.sapc.edu.ph,SAPC@P0012!,Faith De Leon,109238470012,Grade 7,Grade 7 - St. Therese,+63 918 712 045,Pre-Provisioned (Password Change Required Upon 1st Login)
parent,Mr. Nestor Corpuz,Father,parent.109238470013@parent.sapc.edu.ph,SAPC@P0013!,Patricia Corpuz,109238470013,Grade 7,Grade 7 - St. Francis,+63 918 713 382,Pre-Provisioned (Password Change Required Upon 1st Login)
parent,Mrs. Shirley Castro,Mother,parent.109238470014@parent.sapc.edu.ph,SAPC@P0014!,Camille Castro,109238470014,Grade 7,Grade 7 - St. Anthony,+63 918 714 719,Pre-Provisioned (Password Change Required Upon 1st Login)
parent,Mr. Jaime Flores,Father,parent.109238470015@parent.sapc.edu.ph,SAPC@P0015!,Kyle Flores,109238470015,Grade 7,Grade 7 - St. Therese,+63 918 716 056,Pre-Provisioned (Password Change Required Upon 1st Login)
parent,Mrs. Jennifer Dela Cruz,Mother,parent.109238470016@parent.sapc.edu.ph,SAPC@P0016!,Mariel Dela Cruz,109238470016,Grade 7,Grade 7 - St. Therese,+63 918 717 393,Pre-Provisioned (Password Change Required Upon 1st Login)
parent,Mr. Cesar Navarro,Father,parent.109238470017@parent.sapc.edu.ph,SAPC@P0017!,Erika Navarro,109238470017,Grade 7,Grade 7 - St. Francis,+63 918 718 730,Pre-Provisioned (Password Change Required Upon 1st Login)
parent,Mrs. Grace Manalo,Mother,parent.109238470018@parent.sapc.edu.ph,SAPC@P0018!,Joy Manalo,109238470018,Grade 7,Grade 7 - St. Therese,+63 918 720 067,Pre-Provisioned (Password Change Required Upon 1st Login)
parent,Mr. Arnel Torres,Father,parent.109238470019@parent.sapc.edu.ph,SAPC@P0019!,Tristan Torres,109238470019,Grade 7,Grade 7 - St. Anthony,+63 918 721 404,Pre-Provisioned (Password Change Required Upon 1st Login)
parent,Mrs. Gina Cruz,Mother,parent.109238470020@parent.sapc.edu.ph,SAPC@P0020!,Francis Cruz,109238470020,Grade 7,Grade 7 - St. Therese,+63 918 722 741,Pre-Provisioned (Password Change Required Upon 1st Login)
parent,Mr. Roberto Valdez,Father,parent.109238470021@parent.sapc.edu.ph,SAPC@P0021!,Therese Valdez,109238470021,Grade 7,Grade 7 - St. Therese,+63 918 724 078,Pre-Provisioned (Password Change Required Upon 1st Login)
parent,Mrs. Teresa Navarro,Mother,parent.109238470022@parent.sapc.edu.ph,SAPC@P0022!,Lance Navarro,109238470022,Grade 7,Grade 7 - St. Bernadette,+63 918 725 415,Pre-Provisioned (Password Change Required Upon 1st Login)
parent,Mr. Edgardo Reyes,Father,parent.109238470023@parent.sapc.edu.ph,SAPC@P0023!,Jasmine Reyes,109238470023,Grade 7,Grade 7 - St. Bernadette,+63 918 726 752,Pre-Provisioned (Password Change Required Upon 1st Login)
parent,Mrs. Corazon Morales,Mother,parent.109238470024@parent.sapc.edu.ph,SAPC@P0024!,John Carlo Morales,109238470024,Grade 7,Grade 7 - St. Bernadette,+63 918 728 089,Pre-Provisioned (Password Change Required Upon 1st Login)
parent,Mr. Rolando Aquino,Father,parent.109238470025@parent.sapc.edu.ph,SAPC@P0025!,Angelica Aquino,109238470025,Grade 7,Grade 7 - St. Therese,+63 918 729 426,Pre-Provisioned (Password Change Required Upon 1st Login)
parent,Mrs. Rowena Valdez,Mother,parent.109238470026@parent.sapc.edu.ph,SAPC@P0026!,John Carlo Valdez,109238470026,Grade 7,Grade 7 - St. Therese,+63 918 730 763,Pre-Provisioned (Password Change Required Upon 1st Login)
parent,Mr. Ramon Aquino,Father,parent.109238470027@parent.sapc.edu.ph,SAPC@P0027!,Hannah Aquino,109238470027,Grade 7,Grade 7 - St. Francis,+63 918 732 100,Pre-Provisioned (Password Change Required Upon 1st Login)
parent,Mrs. Lorna Cruz,Mother,parent.109238470028@parent.sapc.edu.ph,SAPC@P0028!,Nicole Cruz,109238470028,Grade 7,Grade 7 - St. Therese,+63 918 733 437,Pre-Provisioned (Password Change Required Upon 1st Login)
parent,Mr. Antonio Flores,Father,parent.109238470029@parent.sapc.edu.ph,SAPC@P0029!,Bianca Flores,109238470029,Grade 7,Grade 7 - St. Therese,+63 918 734 774,Pre-Provisioned (Password Change Required Upon 1st Login)
parent,Mrs. Mary Ann Reyes,Mother,parent.109238470030@parent.sapc.edu.ph,SAPC@P0030!,Nathan Reyes,109238470030,Grade 7,Grade 7 - St. Therese,+63 918 736 111,Pre-Provisioned (Password Change Required Upon 1st Login)
parent,Mr. Eduardo Alcantara,Father,parent.109238470031@parent.sapc.edu.ph,SAPC@P0031!,Francis Alcantara,109238470031,Grade 7,Grade 7 - St. Therese,+63 918 737 448,Pre-Provisioned (Password Change Required Upon 1st Login)
parent,Mrs. Jocelyn Gonzales,Mother,parent.109238470032@parent.sapc.edu.ph,SAPC@P0032!,Lance Gonzales,109238470032,Grade 7,Grade 7 - St. Therese,+63 918 738 785,Pre-Provisioned (Password Change Required Upon 1st Login)
parent,Mr. Wilfredo Flores,Father,parent.109238470033@parent.sapc.edu.ph,SAPC@P0033!,Gabriel Flores,109238470033,Grade 7,Grade 7 - St. Francis,+63 918 740 122,Pre-Provisioned (Password Change Required Upon 1st Login)
parent,Mrs. Elizabeth Dela Cruz,Mother,parent.109238470034@parent.sapc.edu.ph,SAPC@P0034!,Bernadette Dela Cruz,109238470034,Grade 7,Grade 7 - St. Bernadette,+63 918 741 459,Pre-Provisioned (Password Change Required Upon 1st Login)
parent,Mr. Victor Navarro,Father,parent.109238470035@parent.sapc.edu.ph,SAPC@P0035!,Chloe Navarro,109238470035,Grade 7,Grade 7 - St. Therese,+63 918 742 796,Pre-Provisioned (Password Change Required Upon 1st Login)
parent,Mrs. Imelda Aquino,Mother,parent.109238470036@parent.sapc.edu.ph,SAPC@P0036!,Maria Clara Aquino,109238470036,Grade 7,Grade 7 - St. Therese,+63 918 744 133,Pre-Provisioned (Password Change Required Upon 1st Login)
parent,Mr. Gabriel Pascual,Father,parent.109238470037@parent.sapc.edu.ph,SAPC@P0037!,Bernadette Pascual,109238470037,Grade 7,Grade 7 - St. Anthony,+63 918 745 470,Pre-Provisioned (Password Change Required Upon 1st Login)
parent,Mrs. Bernadette Alcantara,Mother,parent.109238470038@parent.sapc.edu.ph,SAPC@P0038!,Therese Alcantara,109238470038,Grade 7,Grade 7 - St. Francis,+63 918 746 807,Pre-Provisioned (Password Change Required Upon 1st Login)
parent,Mr. Manuel De Leon,Father,parent.109238470039@parent.sapc.edu.ph,SAPC@P0039!,Vanessa De Leon,109238470039,Grade 7,Grade 7 - St. Bernadette,+63 918 748 144,Pre-Provisioned (Password Change Required Upon 1st Login)
parent,Mrs. Cristina Mercado,Mother,parent.109238470040@parent.sapc.edu.ph,SAPC@P0040!,Hannah Mercado,109238470040,Grade 7,Grade 7 - St. Bernadette,+63 918 749 481,Pre-Provisioned (Password Change Required Upon 1st Login)
parent,Mr. Mario Cruz,Father,parent.109238470041@parent.sapc.edu.ph,SAPC@P0041!,Angelo Cruz,109238470041,Grade 7,Grade 7 - St. Bernadette,+63 918 750 818,Pre-Provisioned (Password Change Required Upon 1st Login)
parent,Mrs. Lourdes Morales,Mother,parent.109238470042@parent.sapc.edu.ph,SAPC@P0042!,Joaquin Morales,109238470042,Grade 7,Grade 7 - St. Anthony,+63 918 752 155,Pre-Provisioned (Password Change Required Upon 1st Login)
parent,Mr. Gerardo Dela Cruz,Father,parent.109238470043@parent.sapc.edu.ph,SAPC@P0043!,Andrea Dela Cruz,109238470043,Grade 7,Grade 7 - St. Anthony,+63 918 753 492,Pre-Provisioned (Password Change Required Upon 1st Login)
parent,Mrs. Elena Mercado,Mother,parent.109238470044@parent.sapc.edu.ph,SAPC@P0044!,Patricia Mercado,109238470044,Grade 7,Grade 7 - St. Bernadette,+63 918 754 829,Pre-Provisioned (Password Change Required Upon 1st Login)
parent,Mr. Ernesto Reyes,Father,parent.109238470045@parent.sapc.edu.ph,SAPC@P0045!,Gabriel Reyes,109238470045,Grade 7,Grade 7 - St. Bernadette,+63 918 756 166,Pre-Provisioned (Password Change Required Upon 1st Login)
parent,Mrs. Maricel Padilla,Mother,parent.109238470046@parent.sapc.edu.ph,SAPC@P0046!,Jasmine Padilla,109238470046,Grade 7,Grade 7 - St. Bernadette,+63 918 757 503,Pre-Provisioned (Password Change Required Upon 1st Login)
parent,Mr. Ferdinand Pascual,Father,parent.109238470047@parent.sapc.edu.ph,SAPC@P0047!,Mariel Pascual,109238470047,Grade 7,Grade 7 - St. Anthony,+63 918 758 840,Pre-Provisioned (Password Change Required Upon 1st Login)
parent,Mrs. Carmela Domingo,Mother,parent.109238470048@parent.sapc.edu.ph,SAPC@P0048!,Jose Domingo,109238470048,Grade 7,Grade 7 - St. Bernadette,+63 918 760 177,Pre-Provisioned (Password Change Required Upon 1st Login)
parent,Mr. Carlos Dizon,Father,parent.109238470049@parent.sapc.edu.ph,SAPC@P0049!,Chloe Dizon,109238470049,Grade 7,Grade 7 - St. Francis,+63 918 761 514,Pre-Provisioned (Password Change Required Upon 1st Login)
parent,Mrs. Rosalinda Bautista,Mother,parent.109238470050@parent.sapc.edu.ph,SAPC@P0050!,Kathryn Bautista,109238470050,Grade 7,Grade 7 - St. Francis,+63 918 762 851,Pre-Provisioned (Password Change Required Upon 1st Login)
parent,Mr. Danilo Manalo,Father,parent.109238470051@parent.sapc.edu.ph,SAPC@P0051!,Christian Manalo,109238470051,Grade 7,Grade 7 - St. Bernadette,+63 918 764 188,Pre-Provisioned (Password Change Required Upon 1st Login)
parent,Mrs. Josephine Villanueva,Mother,parent.109238470052@parent.sapc.edu.ph,SAPC@P0052!,Jerome Villanueva,109238470052,Grade 7,Grade 7 - St. Therese,+63 918 765 525,Pre-Provisioned (Password Change Required Upon 1st Login)
parent,Mr. Reynaldo Valdez,Father,parent.109238470053@parent.sapc.edu.ph,SAPC@P0053!,Karl Valdez,109238470053,Grade 7,Grade 7 - St. Bernadette,+63 918 766 862,Pre-Provisioned (Password Change Required Upon 1st Login)
parent,Mrs. Remedios Dela Cruz,Mother,parent.109238470054@parent.sapc.edu.ph,SAPC@P0054!,Ethan Dela Cruz,109238470054,Grade 7,Grade 7 - St. Anthony,+63 918 768 199,Pre-Provisioned (Password Change Required Upon 1st Login)
parent,Mr. Renato Tolentino,Father,parent.109238470055@parent.sapc.edu.ph,SAPC@P0055!,Rochelle Tolentino,109238470055,Grade 7,Grade 7 - St. Anthony,+63 918 769 536,Pre-Provisioned (Password Change Required Upon 1st Login)
parent,Mrs. Flordeliza Mercado,Mother,parent.109238470056@parent.sapc.edu.ph,SAPC@P0056!,Chloe Mercado,109238470056,Grade 7,Grade 7 - St. Anthony,+63 918 770 873,Pre-Provisioned (Password Change Required Upon 1st Login)
parent,Mr. Rodolfo De Leon,Father,parent.109238470057@parent.sapc.edu.ph,SAPC@P0057!,Cecilia De Leon,109238470057,Grade 7,Grade 7 - St. Anthony,+63 918 772 210,Pre-Provisioned (Password Change Required Upon 1st Login)
parent,Mrs. Cynthia Pascual,Mother,parent.109238470058@parent.sapc.edu.ph,SAPC@P0058!,Simon Pascual,109238470058,Grade 7,Grade 7 - St. Anthony,+63 918 773 547,Pre-Provisioned (Password Change Required Upon 1st Login)
parent,Mr. Nestor Torres,Father,parent.109238470059@parent.sapc.edu.ph,SAPC@P0059!,Mark Torres,109238470059,Grade 7,Grade 7 - St. Francis,+63 918 774 884,Pre-Provisioned (Password Change Required Upon 1st Login)
parent,Mrs. Shirley Domingo,Mother,parent.109238470060@parent.sapc.edu.ph,SAPC@P0060!,Rochelle Domingo,109238470060,Grade 7,Grade 7 - St. Francis,+63 918 776 221,Pre-Provisioned (Password Change Required Upon 1st Login)
parent,Mr. Jaime Tolentino,Father,parent.109238470061@parent.sapc.edu.ph,SAPC@P0061!,Mariel Tolentino,109238470061,Grade 7,Grade 7 - St. Bernadette,+63 918 777 558,Pre-Provisioned (Password Change Required Upon 1st Login)
parent,Mrs. Jennifer Ocampo,Mother,parent.109238470062@parent.sapc.edu.ph,SAPC@P0062!,Andrea Ocampo,109238470062,Grade 7,Grade 7 - St. Anthony,+63 918 778 895,Pre-Provisioned (Password Change Required Upon 1st Login)
parent,Mr. Cesar Santiago,Father,parent.109238470063@parent.sapc.edu.ph,SAPC@P0063!,Justin Santiago,109238470063,Grade 7,Grade 7 - St. Bernadette,+63 918 780 232,Pre-Provisioned (Password Change Required Upon 1st Login)
parent,Mrs. Grace Villanueva,Mother,parent.109238470064@parent.sapc.edu.ph,SAPC@P0064!,Paolo Villanueva,109238470064,Grade 7,Grade 7 - St. Anthony,+63 918 781 569,Pre-Provisioned (Password Change Required Upon 1st Login)
parent,Mr. Arnel Alcantara,Father,parent.109238470065@parent.sapc.edu.ph,SAPC@P0065!,Diego Alcantara,109238470065,Grade 7,Grade 7 - St. Bernadette,+63 918 782 906,Pre-Provisioned (Password Change Required Upon 1st Login)
parent,Mrs. Gina Flores,Mother,parent.109238470066@parent.sapc.edu.ph,SAPC@P0066!,Angelo Flores,109238470066,Grade 7,Grade 7 - St. Anthony,+63 918 784 243,Pre-Provisioned (Password Change Required Upon 1st Login)
parent,Mr. Roberto Navarro,Father,parent.109238470067@parent.sapc.edu.ph,SAPC@P0067!,Joaquin Navarro,109238470067,Grade 7,Grade 7 - St. Francis,+63 918 785 580,Pre-Provisioned (Password Change Required Upon 1st Login)
parent,Mrs. Teresa Villanueva,Mother,parent.109238470068@parent.sapc.edu.ph,SAPC@P0068!,Benedict Villanueva,109238470068,Grade 7,Grade 7 - St. Anthony,+63 918 786 917,Pre-Provisioned (Password Change Required Upon 1st Login)
parent,Mr. Edgardo San Jose,Father,parent.109238470069@parent.sapc.edu.ph,SAPC@P0069!,Andrea San Jose,109238470069,Grade 7,Grade 7 - St. Therese,+63 918 788 254,Pre-Provisioned (Password Change Required Upon 1st Login)
parent,Mrs. Corazon Ramos,Mother,parent.109238470070@parent.sapc.edu.ph,SAPC@P0070!,Erika Ramos,109238470070,Grade 7,Grade 7 - St. Anthony,+63 918 789 591,Pre-Provisioned (Password Change Required Upon 1st Login)
parent,Mr. Rolando Pascual,Father,parent.109238470071@parent.sapc.edu.ph,SAPC@P0071!,Angelo Pascual,109238470071,Grade 7,Grade 7 - St. Anthony,+63 918 790 928,Pre-Provisioned (Password Change Required Upon 1st Login)
parent,Mrs. Rowena Garcia,Mother,parent.109238470072@parent.sapc.edu.ph,SAPC@P0072!,Lance Garcia,109238470072,Grade 7,Grade 7 - St. Bernadette,+63 918 792 265,Pre-Provisioned (Password Change Required Upon 1st Login)
parent,Mr. Ramon Manalo,Father,parent.109238470073@parent.sapc.edu.ph,SAPC@P0073!,Anthony Manalo,109238470073,Grade 7,Grade 7 - St. Francis,+63 918 793 602,Pre-Provisioned (Password Change Required Upon 1st Login)
parent,Mrs. Lorna Bautista,Mother,parent.109238470074@parent.sapc.edu.ph,SAPC@P0074!,Matthew Bautista,109238470074,Grade 7,Grade 7 - St. Francis,+63 918 794 939,Pre-Provisioned (Password Change Required Upon 1st Login)
parent,Mr. Antonio Cruz,Father,parent.109238470075@parent.sapc.edu.ph,SAPC@P0075!,Erika Cruz,109238470075,Grade 7,Grade 7 - St. Therese,+63 918 796 276,Pre-Provisioned (Password Change Required Upon 1st Login)
parent,Mrs. Mary Ann Soriano,Mother,parent.109238470076@parent.sapc.edu.ph,SAPC@P0076!,Liza Soriano,109238470076,Grade 7,Grade 7 - St. Anthony,+63 918 797 613,Pre-Provisioned (Password Change Required Upon 1st Login)
parent,Mr. Eduardo Castro,Father,parent.109238470077@parent.sapc.edu.ph,SAPC@P0077!,Therese Castro,109238470077,Grade 7,Grade 7 - St. Anthony,+63 918 798 950,Pre-Provisioned (Password Change Required Upon 1st Login)
parent,Mrs. Jocelyn Gonzales,Mother,parent.109238470078@parent.sapc.edu.ph,SAPC@P0078!,Anthony Gonzales,109238470078,Grade 7,Grade 7 - St. Anthony,+63 918 800 287,Pre-Provisioned (Password Change Required Upon 1st Login)
parent,Mr. Wilfredo Corpuz,Father,parent.109238470079@parent.sapc.edu.ph,SAPC@P0079!,Joy Corpuz,109238470079,Grade 7,Grade 7 - St. Francis,+63 918 801 624,Pre-Provisioned (Password Change Required Upon 1st Login)
parent,Mrs. Elizabeth Salazar,Mother,parent.109238470080@parent.sapc.edu.ph,SAPC@P0080!,Daniel Salazar,109238470080,Grade 7,Grade 7 - St. Anthony,+63 918 802 961,Pre-Provisioned (Password Change Required Upon 1st Login)
parent,Mr. Victor Castro,Father,parent.109238470081@parent.sapc.edu.ph,SAPC@P0081!,Simon Castro,109238470081,Grade 7,Grade 7 - St. Anthony,+63 918 804 298,Pre-Provisioned (Password Change Required Upon 1st Login)
parent,Mrs. Imelda Lim,Mother,parent.109238470082@parent.sapc.edu.ph,SAPC@P0082!,Adrian Lim,109238470082,Grade 7,Grade 7 - St. Anthony,+63 918 805 635,Pre-Provisioned (Password Change Required Upon 1st Login)
parent,Mr. Gabriel Gonzales,Father,parent.109238470083@parent.sapc.edu.ph,SAPC@P0083!,Andrea Gonzales,109238470083,Grade 7,Grade 7 - St. Therese,+63 918 806 972,Pre-Provisioned (Password Change Required Upon 1st Login)
parent,Mrs. Bernadette San Jose,Mother,parent.109238470084@parent.sapc.edu.ph,SAPC@P0084!,Trisha San Jose,109238470084,Grade 7,Grade 7 - St. Bernadette,+63 918 808 309,Pre-Provisioned (Password Change Required Upon 1st Login)
parent,Mr. Manuel Ocampo,Father,parent.109238470085@parent.sapc.edu.ph,SAPC@P0085!,Cecilia Ocampo,109238470085,Grade 7,Grade 7 - St. Therese,+63 918 809 646,Pre-Provisioned (Password Change Required Upon 1st Login)
parent,Mrs. Cristina Dimaculangan,Mother,parent.109238470086@parent.sapc.edu.ph,SAPC@P0086!,Sebastian Dimaculangan,109238470086,Grade 7,Grade 7 - St. Francis,+63 918 810 983,Pre-Provisioned (Password Change Required Upon 1st Login)
parent,Mr. Mario Ocampo,Father,parent.109238470087@parent.sapc.edu.ph,SAPC@P0087!,Mariel Ocampo,109238470087,Grade 7,Grade 7 - St. Therese,+63 918 812 320,Pre-Provisioned (Password Change Required Upon 1st Login)
parent,Mrs. Lourdes Alcantara,Mother,parent.109238470088@parent.sapc.edu.ph,SAPC@P0088!,Lorenzo Alcantara,109238470088,Grade 7,Grade 7 - St. Bernadette,+63 918 813 657,Pre-Provisioned (Password Change Required Upon 1st Login)
parent,Mr. Gerardo Ramos,Father,parent.109238470089@parent.sapc.edu.ph,SAPC@P0089!,Simon Ramos,109238470089,Grade 7,Grade 7 - St. Anthony,+63 918 814 994,Pre-Provisioned (Password Change Required Upon 1st Login)
parent,Mrs. Elena Cruz,Mother,parent.109238470090@parent.sapc.edu.ph,SAPC@P0090!,Rita Cruz,109238470090,Grade 7,Grade 7 - St. Therese,+63 918 816 331,Pre-Provisioned (Password Change Required Upon 1st Login)
parent,Mr. Ernesto Lim,Father,parent.109238470091@parent.sapc.edu.ph,SAPC@P0091!,Cedric Lim,109238470091,Grade 7,Grade 7 - St. Bernadette,+63 918 817 668,Pre-Provisioned (Password Change Required Upon 1st Login)
parent,Mrs. Maricel De Leon,Mother,parent.109238470092@parent.sapc.edu.ph,SAPC@P0092!,Gabriel De Leon,109238470092,Grade 7,Grade 7 - St. Bernadette,+63 918 819 005,Pre-Provisioned (Password Change Required Upon 1st Login)
parent,Mr. Ferdinand Domingo,Father,parent.109238470093@parent.sapc.edu.ph,SAPC@P0093!,Liza Domingo,109238470093,Grade 7,Grade 7 - St. Therese,+63 918 820 342,Pre-Provisioned (Password Change Required Upon 1st Login)
parent,Mrs. Carmela Mercado,Mother,parent.109238470094@parent.sapc.edu.ph,SAPC@P0094!,Justin Mercado,109238470094,Grade 7,Grade 7 - St. Anthony,+63 918 821 679,Pre-Provisioned (Password Change Required Upon 1st Login)
parent,Mr. Carlos Morales,Father,parent.109238470095@parent.sapc.edu.ph,SAPC@P0095!,Angelo Morales,109238470095,Grade 7,Grade 7 - St. Francis,+63 918 823 016,Pre-Provisioned (Password Change Required Upon 1st Login)
parent,Mrs. Rosalinda Padilla,Mother,parent.109238470096@parent.sapc.edu.ph,SAPC@P0096!,Jerome Padilla,109238470096,Grade 7,Grade 7 - St. Therese,+63 918 824 353,Pre-Provisioned (Password Change Required Upon 1st Login)
parent,Mr. Danilo Salazar,Father,parent.109238470097@parent.sapc.edu.ph,SAPC@P0097!,Joshua Salazar,109238470097,Grade 7,Grade 7 - St. Bernadette,+63 918 825 690,Pre-Provisioned (Password Change Required Upon 1st Login)
parent,Mrs. Josephine Soriano,Mother,parent.109238470098@parent.sapc.edu.ph,SAPC@P0098!,Sofia Soriano,109238470098,Grade 7,Grade 7 - St. Francis,+63 918 827 027,Pre-Provisioned (Password Change Required Upon 1st Login)
parent,Mr. Reynaldo Aquino,Father,parent.109238470099@parent.sapc.edu.ph,SAPC@P0099!,Liza Aquino,109238470099,Grade 7,Grade 7 - St. Francis,+63 918 828 364,Pre-Provisioned (Password Change Required Upon 1st Login)
parent,Mrs. Remedios Aquino,Mother,parent.109238470100@parent.sapc.edu.ph,SAPC@P0100!,Justin Aquino,109238470100,Grade 7,Grade 7 - St. Francis,+63 918 829 701,Pre-Provisioned (Password Change Required Upon 1st Login)
parent,Mr. Renato Aquino,Father,parent.109238470101@parent.sapc.edu.ph,SAPC@P0101!,Sebastian Aquino,109238470101,Grade 7,Grade 7 - St. Anthony,+63 918 831 038,Pre-Provisioned (Password Change Required Upon 1st Login)
parent,Mrs. Flordeliza Soriano,Mother,parent.109238470102@parent.sapc.edu.ph,SAPC@P0102!,Lucas Soriano,109238470102,Grade 7,Grade 7 - St. Francis,+63 918 832 375,Pre-Provisioned (Password Change Required Upon 1st Login)
parent,Mr. Rodolfo Dimaculangan,Father,parent.109238470103@parent.sapc.edu.ph,SAPC@P0103!,Luis Dimaculangan,109238470103,Grade 7,Grade 7 - St. Francis,+63 918 833 712,Pre-Provisioned (Password Change Required Upon 1st Login)
parent,Mrs. Cynthia Reyes,Mother,parent.109238470104@parent.sapc.edu.ph,SAPC@P0104!,Emman Reyes,109238470104,Grade 7,Grade 7 - St. Francis,+63 918 835 049,Pre-Provisioned (Password Change Required Upon 1st Login)
parent,Mr. Nestor Santos,Father,parent.109238470105@parent.sapc.edu.ph,SAPC@P0105!,Kathleen Santos,109238470105,Grade 7,Grade 7 - St. Anthony,+63 918 836 386,Pre-Provisioned (Password Change Required Upon 1st Login)
parent,Mrs. Shirley San Jose,Mother,parent.109238470106@parent.sapc.edu.ph,SAPC@P0106!,Angela San Jose,109238470106,Grade 7,Grade 7 - St. Francis,+63 918 837 723,Pre-Provisioned (Password Change Required Upon 1st Login)
parent,Mr. Jaime Castillo,Father,parent.109238470107@parent.sapc.edu.ph,SAPC@P0107!,Clare Castillo,109238470107,Grade 7,Grade 7 - St. Francis,+63 918 839 060,Pre-Provisioned (Password Change Required Upon 1st Login)
parent,Mrs. Jennifer Rivera,Mother,parent.109238470108@parent.sapc.edu.ph,SAPC@P0108!,Princess Mae Rivera,109238470108,Grade 7,Grade 7 - St. Bernadette,+63 918 840 397,Pre-Provisioned (Password Change Required Upon 1st Login)
parent,Mr. Cesar Villanueva,Father,parent.109238470109@parent.sapc.edu.ph,SAPC@P0109!,Dominic Villanueva,109238470109,Grade 7,Grade 7 - St. Anthony,+63 918 841 734,Pre-Provisioned (Password Change Required Upon 1st Login)
parent,Mrs. Grace Alcantara,Mother,parent.109238470110@parent.sapc.edu.ph,SAPC@P0110!,Angelo Alcantara,109238470110,Grade 7,Grade 7 - St. Anthony,+63 918 843 071,Pre-Provisioned (Password Change Required Upon 1st Login)
parent,Mr. Arnel De Leon,Father,parent.109238470111@parent.sapc.edu.ph,SAPC@P0111!,John Carlo De Leon,109238470111,Grade 7,Grade 7 - St. Bernadette,+63 918 844 408,Pre-Provisioned (Password Change Required Upon 1st Login)
parent,Mrs. Gina Torres,Mother,parent.109238470112@parent.sapc.edu.ph,SAPC@P0112!,Cedric Torres,109238470112,Grade 7,Grade 7 - St. Bernadette,+63 918 845 745,Pre-Provisioned (Password Change Required Upon 1st Login)
parent,Mr. Roberto Santiago,Father,parent.109238470113@parent.sapc.edu.ph,SAPC@P0113!,Faith Santiago,109238470113,Grade 7,Grade 7 - St. Francis,+63 918 847 082,Pre-Provisioned (Password Change Required Upon 1st Login)
parent,Mrs. Teresa Dela Cruz,Mother,parent.109238470114@parent.sapc.edu.ph,SAPC@P0114!,Martin Dela Cruz,109238470114,Grade 7,Grade 7 - St. Anthony,+63 918 848 419,Pre-Provisioned (Password Change Required Upon 1st Login)
parent,Mr. Edgardo Pascual,Father,parent.109238470115@parent.sapc.edu.ph,SAPC@P0115!,Andrea Pascual,109238470115,Grade 7,Grade 7 - St. Bernadette,+63 918 849 756,Pre-Provisioned (Password Change Required Upon 1st Login)
parent,Mrs. Corazon Flores,Mother,parent.109238470116@parent.sapc.edu.ph,SAPC@P0116!,Benedict Flores,109238470116,Grade 7,Grade 7 - St. Francis,+63 918 851 093,Pre-Provisioned (Password Change Required Upon 1st Login)
parent,Mr. Rolando Soriano,Father,parent.109238470117@parent.sapc.edu.ph,SAPC@P0117!,Carlos Soriano,109238470117,Grade 7,Grade 7 - St. Therese,+63 918 852 430,Pre-Provisioned (Password Change Required Upon 1st Login)
parent,Mrs. Rowena Dizon,Mother,parent.109238470118@parent.sapc.edu.ph,SAPC@P0118!,Vanessa Dizon,109238470118,Grade 7,Grade 7 - St. Bernadette,+63 918 853 767,Pre-Provisioned (Password Change Required Upon 1st Login)
parent,Mr. Ramon Villanueva,Father,parent.109238470119@parent.sapc.edu.ph,SAPC@P0119!,Kathryn Villanueva,109238470119,Grade 7,Grade 7 - St. Bernadette,+63 918 855 104,Pre-Provisioned (Password Change Required Upon 1st Login)
parent,Mrs. Lorna Lim,Mother,parent.109238470120@parent.sapc.edu.ph,SAPC@P0120!,Karl Lim,109238470120,Grade 7,Grade 7 - St. Anthony,+63 918 856 441,Pre-Provisioned (Password Change Required Upon 1st Login)
parent,Mr. Antonio De Leon,Father,parent.109238470121@parent.sapc.edu.ph,SAPC@P0121!,Adrian De Leon,109238470121,Grade 7,Grade 7 - St. Bernadette,+63 918 857 778,Pre-Provisioned (Password Change Required Upon 1st Login)
parent,Mrs. Mary Ann Gonzales,Mother,parent.109238470122@parent.sapc.edu.ph,SAPC@P0122!,Christian Gonzales,109238470122,Grade 7,Grade 7 - St. Anthony,+63 918 859 115,Pre-Provisioned (Password Change Required Upon 1st Login)
parent,Mr. Eduardo Castillo,Father,parent.109238470123@parent.sapc.edu.ph,SAPC@P0123!,Samantha Nicole Castillo,109238470123,Grade 7,Grade 7 - St. Therese,+63 918 860 452,Pre-Provisioned (Password Change Required Upon 1st Login)
parent,Mrs. Jocelyn Mercado,Mother,parent.109238470124@parent.sapc.edu.ph,SAPC@P0124!,Rochelle Mercado,109238470124,Grade 7,Grade 7 - St. Francis,+63 918 861 789,Pre-Provisioned (Password Change Required Upon 1st Login)
parent,Mr. Wilfredo Villanueva,Father,parent.109238470125@parent.sapc.edu.ph,SAPC@P0125!,Lance Villanueva,109238470125,Grade 7,Grade 7 - St. Francis,+63 918 863 126,Pre-Provisioned (Password Change Required Upon 1st Login)
parent,Mrs. Elizabeth San Jose,Mother,parent.109238470126@parent.sapc.edu.ph,SAPC@P0126!,Justin San Jose,109238470126,Grade 8,Grade 8 - St. Dominic,+63 918 864 463,Pre-Provisioned (Password Change Required Upon 1st Login)
parent,Mr. Victor Bautista,Father,parent.109238470127@parent.sapc.edu.ph,SAPC@P0127!,Cedric Bautista,109238470127,Grade 8,Grade 8 - St. Benedict,+63 918 865 800,Pre-Provisioned (Password Change Required Upon 1st Login)
parent,Mrs. Imelda Manalo,Mother,parent.109238470128@parent.sapc.edu.ph,SAPC@P0128!,Maria Clara Manalo,109238470128,Grade 8,Grade 8 - St. Rita,+63 918 867 137,Pre-Provisioned (Password Change Required Upon 1st Login)
parent,Mr. Gabriel Dizon,Father,parent.109238470129@parent.sapc.edu.ph,SAPC@P0129!,Vanessa Dizon,109238470129,Grade 8,Grade 8 - St. Rita,+63 918 868 474,Pre-Provisioned (Password Change Required Upon 1st Login)
parent,Mrs. Bernadette Morales,Mother,parent.109238470130@parent.sapc.edu.ph,SAPC@P0130!,Tristan Morales,109238470130,Grade 8,Grade 8 - St. Clare,+63 918 869 811,Pre-Provisioned (Password Change Required Upon 1st Login)
parent,Mr. Manuel Dimaculangan,Father,parent.109238470131@parent.sapc.edu.ph,SAPC@P0131!,Daniel Dimaculangan,109238470131,Grade 8,Grade 8 - St. Rita,+63 918 871 148,Pre-Provisioned (Password Change Required Upon 1st Login)
parent,Mrs. Cristina Santiago,Mother,parent.109238470132@parent.sapc.edu.ph,SAPC@P0132!,Therese Santiago,109238470132,Grade 8,Grade 8 - St. Dominic,+63 918 872 485,Pre-Provisioned (Password Change Required Upon 1st Login)
parent,Mr. Mario Rivera,Father,parent.109238470133@parent.sapc.edu.ph,SAPC@P0133!,Anthony Rivera,109238470133,Grade 8,Grade 8 - St. Rita,+63 918 873 822,Pre-Provisioned (Password Change Required Upon 1st Login)
parent,Mrs. Lourdes Valdez,Mother,parent.109238470134@parent.sapc.edu.ph,SAPC@P0134!,Matthew Valdez,109238470134,Grade 8,Grade 8 - St. Dominic,+63 918 875 159,Pre-Provisioned (Password Change Required Upon 1st Login)
parent,Mr. Gerardo Mendoza,Father,parent.109238470135@parent.sapc.edu.ph,SAPC@P0135!,Angela Mendoza,109238470135,Grade 8,Grade 8 - St. Dominic,+63 918 876 496,Pre-Provisioned (Password Change Required Upon 1st Login)
parent,Mrs. Elena Cruz,Mother,parent.109238470136@parent.sapc.edu.ph,SAPC@P0136!,Anthony Cruz,109238470136,Grade 8,Grade 8 - St. Rita,+63 918 877 833,Pre-Provisioned (Password Change Required Upon 1st Login)
parent,Mr. Ernesto Manalo,Father,parent.109238470137@parent.sapc.edu.ph,SAPC@P0137!,Camille Manalo,109238470137,Grade 8,Grade 8 - St. Clare,+63 918 879 170,Pre-Provisioned (Password Change Required Upon 1st Login)
parent,Mrs. Maricel Gonzales,Mother,parent.109238470138@parent.sapc.edu.ph,SAPC@P0138!,Elijah Gonzales,109238470138,Grade 8,Grade 8 - St. Clare,+63 918 880 507,Pre-Provisioned (Password Change Required Upon 1st Login)
parent,Mr. Ferdinand Dizon,Father,parent.109238470139@parent.sapc.edu.ph,SAPC@P0139!,Bianca Dizon,109238470139,Grade 8,Grade 8 - St. Benedict,+63 918 881 844,Pre-Provisioned (Password Change Required Upon 1st Login)
parent,Mrs. Carmela Manalo,Mother,parent.109238470140@parent.sapc.edu.ph,SAPC@P0140!,Therese Manalo,109238470140,Grade 8,Grade 8 - St. Benedict,+63 918 883 181,Pre-Provisioned (Password Change Required Upon 1st Login)
parent,Mr. Carlos San Jose,Father,parent.109238470141@parent.sapc.edu.ph,SAPC@P0141!,Simon San Jose,109238470141,Grade 8,Grade 8 - St. Dominic,+63 918 884 518,Pre-Provisioned (Password Change Required Upon 1st Login)
parent,Mrs. Rosalinda Torres,Mother,parent.109238470142@parent.sapc.edu.ph,SAPC@P0142!,Patricia Torres,109238470142,Grade 8,Grade 8 - St. Clare,+63 918 885 855,Pre-Provisioned (Password Change Required Upon 1st Login)
parent,Mr. Danilo Aquino,Father,parent.109238470143@parent.sapc.edu.ph,SAPC@P0143!,Anthony Aquino,109238470143,Grade 8,Grade 8 - St. Dominic,+63 918 887 192,Pre-Provisioned (Password Change Required Upon 1st Login)
parent,Mrs. Josephine Castro,Mother,parent.109238470144@parent.sapc.edu.ph,SAPC@P0144!,Clare Castro,109238470144,Grade 8,Grade 8 - St. Benedict,+63 918 888 529,Pre-Provisioned (Password Change Required Upon 1st Login)
parent,Mr. Reynaldo Castillo,Father,parent.109238470145@parent.sapc.edu.ph,SAPC@P0145!,Samantha Nicole Castillo,109238470145,Grade 8,Grade 8 - St. Benedict,+63 918 889 866,Pre-Provisioned (Password Change Required Upon 1st Login)
parent,Mrs. Remedios Torres,Mother,parent.109238470146@parent.sapc.edu.ph,SAPC@P0146!,Sebastian Torres,109238470146,Grade 8,Grade 8 - St. Rita,+63 918 891 203,Pre-Provisioned (Password Change Required Upon 1st Login)
parent,Mr. Renato Ocampo,Father,parent.109238470147@parent.sapc.edu.ph,SAPC@P0147!,Vincent Ocampo,109238470147,Grade 8,Grade 8 - St. Benedict,+63 918 892 540,Pre-Provisioned (Password Change Required Upon 1st Login)
parent,Mrs. Flordeliza San Jose,Mother,parent.109238470148@parent.sapc.edu.ph,SAPC@P0148!,Rochelle San Jose,109238470148,Grade 8,Grade 8 - St. Clare,+63 918 893 877,Pre-Provisioned (Password Change Required Upon 1st Login)
parent,Mr. Rodolfo De Leon,Father,parent.109238470149@parent.sapc.edu.ph,SAPC@P0149!,Patricia De Leon,109238470149,Grade 8,Grade 8 - St. Clare,+63 918 895 214,Pre-Provisioned (Password Change Required Upon 1st Login)
parent,Mrs. Cynthia Flores,Mother,parent.109238470150@parent.sapc.edu.ph,SAPC@P0150!,Joshua Flores,109238470150,Grade 8,Grade 8 - St. Rita,+63 918 896 551,Pre-Provisioned (Password Change Required Upon 1st Login)
parent,Mr. Nestor De Leon,Father,parent.109238470151@parent.sapc.edu.ph,SAPC@P0151!,Sofia De Leon,109238470151,Grade 8,Grade 8 - St. Rita,+63 918 897 888,Pre-Provisioned (Password Change Required Upon 1st Login)
parent,Mrs. Shirley De Leon,Mother,parent.109238470152@parent.sapc.edu.ph,SAPC@P0152!,Bea De Leon,109238470152,Grade 8,Grade 8 - St. Benedict,+63 918 899 225,Pre-Provisioned (Password Change Required Upon 1st Login)
parent,Mr. Jaime Alcantara,Father,parent.109238470153@parent.sapc.edu.ph,SAPC@P0153!,Justin Alcantara,109238470153,Grade 8,Grade 8 - St. Dominic,+63 918 900 562,Pre-Provisioned (Password Change Required Upon 1st Login)
parent,Mrs. Jennifer Soriano,Mother,parent.109238470154@parent.sapc.edu.ph,SAPC@P0154!,Kathleen Soriano,109238470154,Grade 8,Grade 8 - St. Dominic,+63 918 901 899,Pre-Provisioned (Password Change Required Upon 1st Login)
parent,Mr. Cesar Gonzales,Father,parent.109238470155@parent.sapc.edu.ph,SAPC@P0155!,Cedric Gonzales,109238470155,Grade 8,Grade 8 - St. Dominic,+63 918 903 236,Pre-Provisioned (Password Change Required Upon 1st Login)
parent,Mrs. Grace Dimaculangan,Mother,parent.109238470156@parent.sapc.edu.ph,SAPC@P0156!,Sebastian Dimaculangan,109238470156,Grade 8,Grade 8 - St. Dominic,+63 918 904 573,Pre-Provisioned (Password Change Required Upon 1st Login)
parent,Mr. Arnel Domingo,Father,parent.109238470157@parent.sapc.edu.ph,SAPC@P0157!,Lucas Domingo,109238470157,Grade 8,Grade 8 - St. Clare,+63 918 905 910,Pre-Provisioned (Password Change Required Upon 1st Login)
parent,Mrs. Gina Cruz,Mother,parent.109238470158@parent.sapc.edu.ph,SAPC@P0158!,Matthew Cruz,109238470158,Grade 8,Grade 8 - St. Rita,+63 918 907 247,Pre-Provisioned (Password Change Required Upon 1st Login)
parent,Mr. Roberto Castro,Father,parent.109238470159@parent.sapc.edu.ph,SAPC@P0159!,Dominic Castro,109238470159,Grade 8,Grade 8 - St. Clare,+63 918 908 584,Pre-Provisioned (Password Change Required Upon 1st Login)
parent,Mrs. Teresa Lim,Mother,parent.109238470160@parent.sapc.edu.ph,SAPC@P0160!,Camille Lim,109238470160,Grade 8,Grade 8 - St. Rita,+63 918 909 921,Pre-Provisioned (Password Change Required Upon 1st Login)
parent,Mr. Edgardo Tolentino,Father,parent.109238470161@parent.sapc.edu.ph,SAPC@P0161!,Diego Tolentino,109238470161,Grade 8,Grade 8 - St. Dominic,+63 918 911 258,Pre-Provisioned (Password Change Required Upon 1st Login)
parent,Mrs. Corazon Cruz,Mother,parent.109238470162@parent.sapc.edu.ph,SAPC@P0162!,Matthew Cruz,109238470162,Grade 8,Grade 8 - St. Benedict,+63 918 912 595,Pre-Provisioned (Password Change Required Upon 1st Login)
parent,Mr. Rolando Torres,Father,parent.109238470163@parent.sapc.edu.ph,SAPC@P0163!,Chloe Torres,109238470163,Grade 8,Grade 8 - St. Clare,+63 918 913 932,Pre-Provisioned (Password Change Required Upon 1st Login)
parent,Mrs. Rowena Manalo,Mother,parent.109238470164@parent.sapc.edu.ph,SAPC@P0164!,Daniel Manalo,109238470164,Grade 8,Grade 8 - St. Dominic,+63 918 915 269,Pre-Provisioned (Password Change Required Upon 1st Login)
parent,Mr. Ramon Tolentino,Father,parent.109238470165@parent.sapc.edu.ph,SAPC@P0165!,Matthew Tolentino,109238470165,Grade 8,Grade 8 - St. Benedict,+63 918 916 606,Pre-Provisioned (Password Change Required Upon 1st Login)
parent,Mrs. Lorna Lim,Mother,parent.109238470166@parent.sapc.edu.ph,SAPC@P0166!,Diego Lim,109238470166,Grade 8,Grade 8 - St. Dominic,+63 918 917 943,Pre-Provisioned (Password Change Required Upon 1st Login)
parent,Mr. Antonio Ramos,Father,parent.109238470167@parent.sapc.edu.ph,SAPC@P0167!,Adrian Ramos,109238470167,Grade 8,Grade 8 - St. Rita,+63 918 919 280,Pre-Provisioned (Password Change Required Upon 1st Login)
parent,Mrs. Mary Ann Corpuz,Mother,parent.109238470168@parent.sapc.edu.ph,SAPC@P0168!,Rochelle Corpuz,109238470168,Grade 8,Grade 8 - St. Clare,+63 918 920 617,Pre-Provisioned (Password Change Required Upon 1st Login)
parent,Mr. Eduardo Villanueva,Father,parent.109238470169@parent.sapc.edu.ph,SAPC@P0169!,Samantha Nicole Villanueva,109238470169,Grade 8,Grade 8 - St. Clare,+63 918 921 954,Pre-Provisioned (Password Change Required Upon 1st Login)
parent,Mrs. Jocelyn Dela Cruz,Mother,parent.109238470170@parent.sapc.edu.ph,SAPC@P0170!,Martin Dela Cruz,109238470170,Grade 8,Grade 8 - St. Clare,+63 918 923 291,Pre-Provisioned (Password Change Required Upon 1st Login)
parent,Mr. Wilfredo Padilla,Father,parent.109238470171@parent.sapc.edu.ph,SAPC@P0171!,Trisha Padilla,109238470171,Grade 8,Grade 8 - St. Clare,+63 918 924 628,Pre-Provisioned (Password Change Required Upon 1st Login)
parent,Mrs. Elizabeth Castillo,Mother,parent.109238470172@parent.sapc.edu.ph,SAPC@P0172!,Miguel Castillo,109238470172,Grade 8,Grade 8 - St. Benedict,+63 918 925 965,Pre-Provisioned (Password Change Required Upon 1st Login)
parent,Mr. Victor Reyes,Father,parent.109238470173@parent.sapc.edu.ph,SAPC@P0173!,Jose Reyes,109238470173,Grade 8,Grade 8 - St. Rita,+63 918 927 302,Pre-Provisioned (Password Change Required Upon 1st Login)
parent,Mrs. Imelda Ramos,Mother,parent.109238470174@parent.sapc.edu.ph,SAPC@P0174!,Lorenzo Ramos,109238470174,Grade 8,Grade 8 - St. Benedict,+63 918 928 639,Pre-Provisioned (Password Change Required Upon 1st Login)
parent,Mr. Gabriel Domingo,Father,parent.109238470175@parent.sapc.edu.ph,SAPC@P0175!,Matthew Domingo,109238470175,Grade 8,Grade 8 - St. Rita,+63 918 929 976,Pre-Provisioned (Password Change Required Upon 1st Login)
parent,Mrs. Bernadette Cruz,Mother,parent.109238470176@parent.sapc.edu.ph,SAPC@P0176!,Jasmine Cruz,109238470176,Grade 8,Grade 8 - St. Clare,+63 918 931 313,Pre-Provisioned (Password Change Required Upon 1st Login)
parent,Mr. Manuel Ocampo,Father,parent.109238470177@parent.sapc.edu.ph,SAPC@P0177!,Angelica Ocampo,109238470177,Grade 8,Grade 8 - St. Clare,+63 918 932 650,Pre-Provisioned (Password Change Required Upon 1st Login)
parent,Mrs. Cristina Mendoza,Mother,parent.109238470178@parent.sapc.edu.ph,SAPC@P0178!,Janine Mendoza,109238470178,Grade 8,Grade 8 - St. Rita,+63 918 933 987,Pre-Provisioned (Password Change Required Upon 1st Login)
parent,Mr. Mario Reyes,Father,parent.109238470179@parent.sapc.edu.ph,SAPC@P0179!,Clarisse Reyes,109238470179,Grade 8,Grade 8 - St. Dominic,+63 918 935 324,Pre-Provisioned (Password Change Required Upon 1st Login)
parent,Mrs. Lourdes Garcia,Mother,parent.109238470180@parent.sapc.edu.ph,SAPC@P0180!,Adrian Garcia,109238470180,Grade 8,Grade 8 - St. Clare,+63 918 936 661,Pre-Provisioned (Password Change Required Upon 1st Login)
parent,Mr. Gerardo De Leon,Father,parent.109238470181@parent.sapc.edu.ph,SAPC@P0181!,Patricia De Leon,109238470181,Grade 8,Grade 8 - St. Clare,+63 918 937 998,Pre-Provisioned (Password Change Required Upon 1st Login)
parent,Mrs. Elena Castro,Mother,parent.109238470182@parent.sapc.edu.ph,SAPC@P0182!,Kathryn Castro,109238470182,Grade 8,Grade 8 - St. Dominic,+63 918 939 335,Pre-Provisioned (Password Change Required Upon 1st Login)
parent,Mr. Ernesto Tolentino,Father,parent.109238470183@parent.sapc.edu.ph,SAPC@P0183!,Kathryn Tolentino,109238470183,Grade 8,Grade 8 - St. Dominic,+63 918 940 672,Pre-Provisioned (Password Change Required Upon 1st Login)
parent,Mrs. Maricel Ramos,Mother,parent.109238470184@parent.sapc.edu.ph,SAPC@P0184!,Justin Ramos,109238470184,Grade 8,Grade 8 - St. Benedict,+63 918 942 009,Pre-Provisioned (Password Change Required Upon 1st Login)
parent,Mr. Ferdinand Mendoza,Father,parent.109238470185@parent.sapc.edu.ph,SAPC@P0185!,Cecilia Mendoza,109238470185,Grade 8,Grade 8 - St. Benedict,+63 918 943 346,Pre-Provisioned (Password Change Required Upon 1st Login)
parent,Mrs. Carmela Santos,Mother,parent.109238470186@parent.sapc.edu.ph,SAPC@P0186!,Lorenzo Santos,109238470186,Grade 8,Grade 8 - St. Rita,+63 918 944 683,Pre-Provisioned (Password Change Required Upon 1st Login)
parent,Mr. Carlos Dela Cruz,Father,parent.109238470187@parent.sapc.edu.ph,SAPC@P0187!,Camille Dela Cruz,109238470187,Grade 8,Grade 8 - St. Rita,+63 918 946 020,Pre-Provisioned (Password Change Required Upon 1st Login)
parent,Mrs. Rosalinda Lim,Mother,parent.109238470188@parent.sapc.edu.ph,SAPC@P0188!,Francis Lim,109238470188,Grade 8,Grade 8 - St. Dominic,+63 918 947 357,Pre-Provisioned (Password Change Required Upon 1st Login)
parent,Mr. Danilo Garcia,Father,parent.109238470189@parent.sapc.edu.ph,SAPC@P0189!,Lance Garcia,109238470189,Grade 8,Grade 8 - St. Dominic,+63 918 948 694,Pre-Provisioned (Password Change Required Upon 1st Login)
parent,Mrs. Josephine Torres,Mother,parent.109238470190@parent.sapc.edu.ph,SAPC@P0190!,Paolo Torres,109238470190,Grade 8,Grade 8 - St. Dominic,+63 918 950 031,Pre-Provisioned (Password Change Required Upon 1st Login)
parent,Mr. Reynaldo Navarro,Father,parent.109238470191@parent.sapc.edu.ph,SAPC@P0191!,Angela Navarro,109238470191,Grade 8,Grade 8 - St. Rita,+63 918 951 368,Pre-Provisioned (Password Change Required Upon 1st Login)
parent,Mrs. Remedios Mendoza,Mother,parent.109238470192@parent.sapc.edu.ph,SAPC@P0192!,Andrea Mendoza,109238470192,Grade 8,Grade 8 - St. Rita,+63 918 952 705,Pre-Provisioned (Password Change Required Upon 1st Login)
parent,Mr. Renato Manalo,Father,parent.109238470193@parent.sapc.edu.ph,SAPC@P0193!,Grace Manalo,109238470193,Grade 8,Grade 8 - St. Clare,+63 918 954 042,Pre-Provisioned (Password Change Required Upon 1st Login)
parent,Mrs. Flordeliza Santos,Mother,parent.109238470194@parent.sapc.edu.ph,SAPC@P0194!,Camille Santos,109238470194,Grade 8,Grade 8 - St. Clare,+63 918 955 379,Pre-Provisioned (Password Change Required Upon 1st Login)
parent,Mr. Rodolfo Corpuz,Father,parent.109238470195@parent.sapc.edu.ph,SAPC@P0195!,Rafael Corpuz,109238470195,Grade 8,Grade 8 - St. Clare,+63 918 956 716,Pre-Provisioned (Password Change Required Upon 1st Login)
parent,Mrs. Cynthia Soriano,Mother,parent.109238470196@parent.sapc.edu.ph,SAPC@P0196!,Angelica Soriano,109238470196,Grade 8,Grade 8 - St. Dominic,+63 918 958 053,Pre-Provisioned (Password Change Required Upon 1st Login)
parent,Mr. Nestor Cruz,Father,parent.109238470197@parent.sapc.edu.ph,SAPC@P0197!,Andrea Cruz,109238470197,Grade 8,Grade 8 - St. Clare,+63 918 959 390,Pre-Provisioned (Password Change Required Upon 1st Login)
parent,Mrs. Shirley Padilla,Mother,parent.109238470198@parent.sapc.edu.ph,SAPC@P0198!,Joy Padilla,109238470198,Grade 8,Grade 8 - St. Dominic,+63 918 960 727,Pre-Provisioned (Password Change Required Upon 1st Login)
parent,Mr. Jaime De Leon,Father,parent.109238470199@parent.sapc.edu.ph,SAPC@P0199!,Clarisse De Leon,109238470199,Grade 8,Grade 8 - St. Benedict,+63 918 962 064,Pre-Provisioned (Password Change Required Upon 1st Login)
parent,Mrs. Jennifer Reyes,Mother,parent.109238470200@parent.sapc.edu.ph,SAPC@P0200!,Lorenzo Reyes,109238470200,Grade 8,Grade 8 - St. Clare,+63 918 963 401,Pre-Provisioned (Password Change Required Upon 1st Login)
parent,Mr. Cesar Soriano,Father,parent.109238470201@parent.sapc.edu.ph,SAPC@P0201!,Therese Soriano,109238470201,Grade 8,Grade 8 - St. Dominic,+63 918 964 738,Pre-Provisioned (Password Change Required Upon 1st Login)
parent,Mrs. Grace Padilla,Mother,parent.109238470202@parent.sapc.edu.ph,SAPC@P0202!,Jerome Padilla,109238470202,Grade 8,Grade 8 - St. Benedict,+63 918 966 075,Pre-Provisioned (Password Change Required Upon 1st Login)
parent,Mr. Arnel Santos,Father,parent.109238470203@parent.sapc.edu.ph,SAPC@P0203!,Carlos Santos,109238470203,Grade 8,Grade 8 - St. Clare,+63 918 967 412,Pre-Provisioned (Password Change Required Upon 1st Login)
parent,Mrs. Gina Flores,Mother,parent.109238470204@parent.sapc.edu.ph,SAPC@P0204!,Adrian Flores,109238470204,Grade 8,Grade 8 - St. Benedict,+63 918 968 749,Pre-Provisioned (Password Change Required Upon 1st Login)
parent,Mr. Roberto Valdez,Father,parent.109238470205@parent.sapc.edu.ph,SAPC@P0205!,Lance Valdez,109238470205,Grade 8,Grade 8 - St. Benedict,+63 918 970 086,Pre-Provisioned (Password Change Required Upon 1st Login)
parent,Mrs. Teresa Torres,Mother,parent.109238470206@parent.sapc.edu.ph,SAPC@P0206!,Bianca Torres,109238470206,Grade 8,Grade 8 - St. Clare,+63 918 971 423,Pre-Provisioned (Password Change Required Upon 1st Login)
parent,Mr. Edgardo Bautista,Father,parent.109238470207@parent.sapc.edu.ph,SAPC@P0207!,Anthony Bautista,109238470207,Grade 8,Grade 8 - St. Benedict,+63 918 972 760,Pre-Provisioned (Password Change Required Upon 1st Login)
parent,Mrs. Corazon Aquino,Mother,parent.109238470208@parent.sapc.edu.ph,SAPC@P0208!,Anthony Aquino,109238470208,Grade 8,Grade 8 - St. Dominic,+63 918 974 097,Pre-Provisioned (Password Change Required Upon 1st Login)
parent,Mr. Rolando Manalo,Father,parent.109238470209@parent.sapc.edu.ph,SAPC@P0209!,Elijah Manalo,109238470209,Grade 8,Grade 8 - St. Dominic,+63 918 975 434,Pre-Provisioned (Password Change Required Upon 1st Login)
parent,Mrs. Rowena Navarro,Mother,parent.109238470210@parent.sapc.edu.ph,SAPC@P0210!,Therese Navarro,109238470210,Grade 8,Grade 8 - St. Rita,+63 918 976 771,Pre-Provisioned (Password Change Required Upon 1st Login)
parent,Mr. Ramon Villanueva,Father,parent.109238470211@parent.sapc.edu.ph,SAPC@P0211!,Tristan Villanueva,109238470211,Grade 8,Grade 8 - St. Dominic,+63 918 978 108,Pre-Provisioned (Password Change Required Upon 1st Login)
parent,Mrs. Lorna Padilla,Mother,parent.109238470212@parent.sapc.edu.ph,SAPC@P0212!,Angelica Padilla,109238470212,Grade 8,Grade 8 - St. Rita,+63 918 979 445,Pre-Provisioned (Password Change Required Upon 1st Login)
parent,Mr. Antonio Bautista,Father,parent.109238470213@parent.sapc.edu.ph,SAPC@P0213!,Angelo Bautista,109238470213,Grade 8,Grade 8 - St. Dominic,+63 918 980 782,Pre-Provisioned (Password Change Required Upon 1st Login)
parent,Mrs. Mary Ann Aquino,Mother,parent.109238470214@parent.sapc.edu.ph,SAPC@P0214!,Lorenzo Aquino,109238470214,Grade 8,Grade 8 - St. Dominic,+63 918 982 119,Pre-Provisioned (Password Change Required Upon 1st Login)
parent,Mr. Eduardo Pascual,Father,parent.109238470215@parent.sapc.edu.ph,SAPC@P0215!,Grace Pascual,109238470215,Grade 8,Grade 8 - St. Benedict,+63 918 983 456,Pre-Provisioned (Password Change Required Upon 1st Login)
parent,Mrs. Jocelyn Cruz,Mother,parent.109238470216@parent.sapc.edu.ph,SAPC@P0216!,Miguel Cruz,109238470216,Grade 8,Grade 8 - St. Rita,+63 918 984 793,Pre-Provisioned (Password Change Required Upon 1st Login)
parent,Mr. Wilfredo Santiago,Father,parent.109238470217@parent.sapc.edu.ph,SAPC@P0217!,Karl Santiago,109238470217,Grade 8,Grade 8 - St. Benedict,+63 918 986 130,Pre-Provisioned (Password Change Required Upon 1st Login)
parent,Mrs. Elizabeth Padilla,Mother,parent.109238470218@parent.sapc.edu.ph,SAPC@P0218!,Joshua Padilla,109238470218,Grade 8,Grade 8 - St. Rita,+63 918 987 467,Pre-Provisioned (Password Change Required Upon 1st Login)
parent,Mr. Victor Villanueva,Father,parent.109238470219@parent.sapc.edu.ph,SAPC@P0219!,Rafael Villanueva,109238470219,Grade 8,Grade 8 - St. Dominic,+63 918 988 804,Pre-Provisioned (Password Change Required Upon 1st Login)
parent,Mrs. Imelda Domingo,Mother,parent.109238470220@parent.sapc.edu.ph,SAPC@P0220!,Camille Domingo,109238470220,Grade 8,Grade 8 - St. Rita,+63 918 990 141,Pre-Provisioned (Password Change Required Upon 1st Login)
parent,Mr. Gabriel Dimaculangan,Father,parent.109238470221@parent.sapc.edu.ph,SAPC@P0221!,Erika Dimaculangan,109238470221,Grade 8,Grade 8 - St. Rita,+63 918 991 478,Pre-Provisioned (Password Change Required Upon 1st Login)
parent,Mrs. Bernadette Ocampo,Mother,parent.109238470222@parent.sapc.edu.ph,SAPC@P0222!,Matthew Ocampo,109238470222,Grade 8,Grade 8 - St. Benedict,+63 918 992 815,Pre-Provisioned (Password Change Required Upon 1st Login)
parent,Mr. Manuel Rivera,Father,parent.109238470223@parent.sapc.edu.ph,SAPC@P0223!,Alyssa Rivera,109238470223,Grade 8,Grade 8 - St. Rita,+63 918 994 152,Pre-Provisioned (Password Change Required Upon 1st Login)
parent,Mrs. Cristina Villanueva,Mother,parent.109238470224@parent.sapc.edu.ph,SAPC@P0224!,Sebastian Villanueva,109238470224,Grade 8,Grade 8 - St. Clare,+63 918 995 489,Pre-Provisioned (Password Change Required Upon 1st Login)
parent,Mr. Mario Mercado,Father,parent.109238470225@parent.sapc.edu.ph,SAPC@P0225!,Cecilia Mercado,109238470225,Grade 8,Grade 8 - St. Rita,+63 918 996 826,Pre-Provisioned (Password Change Required Upon 1st Login)
parent,Mrs. Lourdes Reyes,Mother,parent.109238470226@parent.sapc.edu.ph,SAPC@P0226!,Jerome Reyes,109238470226,Grade 8,Grade 8 - St. Rita,+63 918 998 163,Pre-Provisioned (Password Change Required Upon 1st Login)
parent,Mr. Gerardo Ocampo,Father,parent.109238470227@parent.sapc.edu.ph,SAPC@P0227!,Francis Ocampo,109238470227,Grade 8,Grade 8 - St. Benedict,+63 918 999 500,Pre-Provisioned (Password Change Required Upon 1st Login)
parent,Mrs. Elena Santiago,Mother,parent.109238470228@parent.sapc.edu.ph,SAPC@P0228!,Joshua Santiago,109238470228,Grade 8,Grade 8 - St. Dominic,+63 919 000 837,Pre-Provisioned (Password Change Required Upon 1st Login)
parent,Mr. Ernesto Mendoza,Father,parent.109238470229@parent.sapc.edu.ph,SAPC@P0229!,Mark Mendoza,109238470229,Grade 8,Grade 8 - St. Dominic,+63 919 002 174,Pre-Provisioned (Password Change Required Upon 1st Login)
parent,Mrs. Maricel Navarro,Mother,parent.109238470230@parent.sapc.edu.ph,SAPC@P0230!,Chloe Navarro,109238470230,Grade 8,Grade 8 - St. Rita,+63 919 003 511,Pre-Provisioned (Password Change Required Upon 1st Login)
parent,Mr. Ferdinand Navarro,Father,parent.109238470231@parent.sapc.edu.ph,SAPC@P0231!,Faith Navarro,109238470231,Grade 8,Grade 8 - St. Benedict,+63 919 004 848,Pre-Provisioned (Password Change Required Upon 1st Login)
parent,Mrs. Carmela Torres,Mother,parent.109238470232@parent.sapc.edu.ph,SAPC@P0232!,Nathan Torres,109238470232,Grade 8,Grade 8 - St. Dominic,+63 919 006 185,Pre-Provisioned (Password Change Required Upon 1st Login)
parent,Mr. Carlos Ramos,Father,parent.109238470233@parent.sapc.edu.ph,SAPC@P0233!,Andrea Ramos,109238470233,Grade 8,Grade 8 - St. Benedict,+63 919 007 522,Pre-Provisioned (Password Change Required Upon 1st Login)
parent,Mrs. Rosalinda Lim,Mother,parent.109238470234@parent.sapc.edu.ph,SAPC@P0234!,Elijah Lim,109238470234,Grade 8,Grade 8 - St. Rita,+63 919 008 859,Pre-Provisioned (Password Change Required Upon 1st Login)
parent,Mr. Danilo Rivera,Father,parent.109238470235@parent.sapc.edu.ph,SAPC@P0235!,Andrea Rivera,109238470235,Grade 8,Grade 8 - St. Dominic,+63 919 010 196,Pre-Provisioned (Password Change Required Upon 1st Login)
parent,Mrs. Josephine Rivera,Mother,parent.109238470236@parent.sapc.edu.ph,SAPC@P0236!,Mariel Rivera,109238470236,Grade 8,Grade 8 - St. Rita,+63 919 011 533,Pre-Provisioned (Password Change Required Upon 1st Login)
parent,Mr. Reynaldo Santiago,Father,parent.109238470237@parent.sapc.edu.ph,SAPC@P0237!,Vincent Santiago,109238470237,Grade 8,Grade 8 - St. Benedict,+63 919 012 870,Pre-Provisioned (Password Change Required Upon 1st Login)
parent,Mrs. Remedios Pascual,Mother,parent.109238470238@parent.sapc.edu.ph,SAPC@P0238!,Diego Pascual,109238470238,Grade 8,Grade 8 - St. Clare,+63 919 014 207,Pre-Provisioned (Password Change Required Upon 1st Login)
parent,Mr. Renato Rivera,Father,parent.109238470239@parent.sapc.edu.ph,SAPC@P0239!,Benedict Rivera,109238470239,Grade 8,Grade 8 - St. Benedict,+63 919 015 544,Pre-Provisioned (Password Change Required Upon 1st Login)
parent,Mrs. Flordeliza Domingo,Mother,parent.109238470240@parent.sapc.edu.ph,SAPC@P0240!,Janine Domingo,109238470240,Grade 8,Grade 8 - St. Dominic,+63 919 016 881,Pre-Provisioned (Password Change Required Upon 1st Login)
parent,Mr. Rodolfo Padilla,Father,parent.109238470241@parent.sapc.edu.ph,SAPC@P0241!,Benedict Padilla,109238470241,Grade 8,Grade 8 - St. Clare,+63 919 018 218,Pre-Provisioned (Password Change Required Upon 1st Login)
parent,Mrs. Cynthia Salazar,Mother,parent.109238470242@parent.sapc.edu.ph,SAPC@P0242!,Joy Salazar,109238470242,Grade 8,Grade 8 - St. Benedict,+63 919 019 555,Pre-Provisioned (Password Change Required Upon 1st Login)
parent,Mr. Nestor Bautista,Father,parent.109238470243@parent.sapc.edu.ph,SAPC@P0243!,Francis Bautista,109238470243,Grade 8,Grade 8 - St. Benedict,+63 919 020 892,Pre-Provisioned (Password Change Required Upon 1st Login)
parent,Mrs. Shirley Ramos,Mother,parent.109238470244@parent.sapc.edu.ph,SAPC@P0244!,Emman Ramos,109238470244,Grade 8,Grade 8 - St. Benedict,+63 919 022 229,Pre-Provisioned (Password Change Required Upon 1st Login)
parent,Mr. Jaime Corpuz,Father,parent.109238470245@parent.sapc.edu.ph,SAPC@P0245!,Cedric Corpuz,109238470245,Grade 8,Grade 8 - St. Benedict,+63 919 023 566,Pre-Provisioned (Password Change Required Upon 1st Login)
parent,Mrs. Jennifer Garcia,Mother,parent.109238470246@parent.sapc.edu.ph,SAPC@P0246!,Simon Garcia,109238470246,Grade 8,Grade 8 - St. Dominic,+63 919 024 903,Pre-Provisioned (Password Change Required Upon 1st Login)
parent,Mr. Cesar Padilla,Father,parent.109238470247@parent.sapc.edu.ph,SAPC@P0247!,Justin Padilla,109238470247,Grade 8,Grade 8 - St. Rita,+63 919 026 240,Pre-Provisioned (Password Change Required Upon 1st Login)
parent,Mrs. Grace Dela Cruz,Mother,parent.109238470248@parent.sapc.edu.ph,SAPC@P0248!,John Carlo Dela Cruz,109238470248,Grade 8,Grade 8 - St. Clare,+63 919 027 577,Pre-Provisioned (Password Change Required Upon 1st Login)
parent,Mr. Arnel Santiago,Father,parent.109238470249@parent.sapc.edu.ph,SAPC@P0249!,Alyssa Santiago,109238470249,Grade 8,Grade 8 - St. Rita,+63 919 028 914,Pre-Provisioned (Password Change Required Upon 1st Login)
parent,Mrs. Gina Soriano,Mother,parent.109238470250@parent.sapc.edu.ph,SAPC@P0250!,Chloe Soriano,109238470250,Grade 8,Grade 8 - St. Rita,+63 919 030 251,Pre-Provisioned (Password Change Required Upon 1st Login)
parent,Mr. Roberto Ramos,Father,parent.109238470251@parent.sapc.edu.ph,SAPC@P0251!,Mariel Ramos,109238470251,Grade 9,Grade 9 - St. Lorenzo Ruiz,+63 919 031 588,Pre-Provisioned (Password Change Required Upon 1st Login)
parent,Mrs. Teresa Castillo,Mother,parent.109238470252@parent.sapc.edu.ph,SAPC@P0252!,Karl Castillo,109238470252,Grade 9,Grade 9 - St. Martin de Porres,+63 919 032 925,Pre-Provisioned (Password Change Required Upon 1st Login)
parent,Mr. Edgardo Aquino,Father,parent.109238470253@parent.sapc.edu.ph,SAPC@P0253!,Justin Aquino,109238470253,Grade 9,Grade 9 - St. Pedro Calungsod,+63 919 034 262,Pre-Provisioned (Password Change Required Upon 1st Login)
parent,Mrs. Corazon Castillo,Mother,parent.109238470254@parent.sapc.edu.ph,SAPC@P0254!,Alyssa Castillo,109238470254,Grade 9,Grade 9 - St. Pedro Calungsod,+63 919 035 599,Pre-Provisioned (Password Change Required Upon 1st Login)
parent,Mr. Rolando Tolentino,Father,parent.109238470255@parent.sapc.edu.ph,SAPC@P0255!,Elijah Tolentino,109238470255,Grade 9,Grade 9 - St. Pedro Calungsod,+63 919 036 936,Pre-Provisioned (Password Change Required Upon 1st Login)
parent,Mrs. Rowena Santiago,Mother,parent.109238470256@parent.sapc.edu.ph,SAPC@P0256!,Martin Santiago,109238470256,Grade 9,Grade 9 - St. Cecilia,+63 919 038 273,Pre-Provisioned (Password Change Required Upon 1st Login)
parent,Mr. Ramon De Leon,Father,parent.109238470257@parent.sapc.edu.ph,SAPC@P0257!,Andrea De Leon,109238470257,Grade 9,Grade 9 - St. Pedro Calungsod,+63 919 039 610,Pre-Provisioned (Password Change Required Upon 1st Login)
parent,Mrs. Lorna Dimaculangan,Mother,parent.109238470258@parent.sapc.edu.ph,SAPC@P0258!,Justin Dimaculangan,109238470258,Grade 9,Grade 9 - St. Lorenzo Ruiz,+63 919 040 947,Pre-Provisioned (Password Change Required Upon 1st Login)
parent,Mr. Antonio Castro,Father,parent.109238470259@parent.sapc.edu.ph,SAPC@P0259!,Christian Castro,109238470259,Grade 9,Grade 9 - St. Martin de Porres,+63 919 042 284,Pre-Provisioned (Password Change Required Upon 1st Login)
parent,Mrs. Mary Ann Soriano,Mother,parent.109238470260@parent.sapc.edu.ph,SAPC@P0260!,Alyssa Soriano,109238470260,Grade 9,Grade 9 - St. Martin de Porres,+63 919 043 621,Pre-Provisioned (Password Change Required Upon 1st Login)
parent,Mr. Eduardo Villanueva,Father,parent.109238470261@parent.sapc.edu.ph,SAPC@P0261!,Princess Mae Villanueva,109238470261,Grade 9,Grade 9 - St. Cecilia,+63 919 044 958,Pre-Provisioned (Password Change Required Upon 1st Login)
parent,Mrs. Jocelyn Flores,Mother,parent.109238470262@parent.sapc.edu.ph,SAPC@P0262!,Benedict Flores,109238470262,Grade 9,Grade 9 - St. Cecilia,+63 919 046 295,Pre-Provisioned (Password Change Required Upon 1st Login)
parent,Mr. Wilfredo Flores,Father,parent.109238470263@parent.sapc.edu.ph,SAPC@P0263!,Jerome Flores,109238470263,Grade 9,Grade 9 - St. Cecilia,+63 919 047 632,Pre-Provisioned (Password Change Required Upon 1st Login)
parent,Mrs. Elizabeth Gonzales,Mother,parent.109238470264@parent.sapc.edu.ph,SAPC@P0264!,Jasmine Gonzales,109238470264,Grade 9,Grade 9 - St. Lorenzo Ruiz,+63 919 048 969,Pre-Provisioned (Password Change Required Upon 1st Login)
parent,Mr. Victor Garcia,Father,parent.109238470265@parent.sapc.edu.ph,SAPC@P0265!,Liza Garcia,109238470265,Grade 9,Grade 9 - St. Martin de Porres,+63 919 050 306,Pre-Provisioned (Password Change Required Upon 1st Login)
parent,Mrs. Imelda Navarro,Mother,parent.109238470266@parent.sapc.edu.ph,SAPC@P0266!,Christian Navarro,109238470266,Grade 9,Grade 9 - St. Cecilia,+63 919 051 643,Pre-Provisioned (Password Change Required Upon 1st Login)
parent,Mr. Gabriel Mendoza,Father,parent.109238470267@parent.sapc.edu.ph,SAPC@P0267!,Paolo Mendoza,109238470267,Grade 9,Grade 9 - St. Cecilia,+63 919 052 980,Pre-Provisioned (Password Change Required Upon 1st Login)
parent,Mrs. Bernadette San Jose,Mother,parent.109238470268@parent.sapc.edu.ph,SAPC@P0268!,Joshua San Jose,109238470268,Grade 9,Grade 9 - St. Martin de Porres,+63 919 054 317,Pre-Provisioned (Password Change Required Upon 1st Login)
parent,Mr. Manuel Mendoza,Father,parent.109238470269@parent.sapc.edu.ph,SAPC@P0269!,Anthony Mendoza,109238470269,Grade 9,Grade 9 - St. Pedro Calungsod,+63 919 055 654,Pre-Provisioned (Password Change Required Upon 1st Login)
parent,Mrs. Cristina Mendoza,Mother,parent.109238470270@parent.sapc.edu.ph,SAPC@P0270!,Vanessa Mendoza,109238470270,Grade 9,Grade 9 - St. Cecilia,+63 919 056 991,Pre-Provisioned (Password Change Required Upon 1st Login)
parent,Mr. Mario De Leon,Father,parent.109238470271@parent.sapc.edu.ph,SAPC@P0271!,Bernadette De Leon,109238470271,Grade 9,Grade 9 - St. Martin de Porres,+63 919 058 328,Pre-Provisioned (Password Change Required Upon 1st Login)
parent,Mrs. Lourdes Bautista,Mother,parent.109238470272@parent.sapc.edu.ph,SAPC@P0272!,Cecilia Bautista,109238470272,Grade 9,Grade 9 - St. Cecilia,+63 919 059 665,Pre-Provisioned (Password Change Required Upon 1st Login)
parent,Mr. Gerardo Rivera,Father,parent.109238470273@parent.sapc.edu.ph,SAPC@P0273!,Nicole Rivera,109238470273,Grade 9,Grade 9 - St. Martin de Porres,+63 919 061 002,Pre-Provisioned (Password Change Required Upon 1st Login)
parent,Mrs. Elena Domingo,Mother,parent.109238470274@parent.sapc.edu.ph,SAPC@P0274!,Joaquin Domingo,109238470274,Grade 9,Grade 9 - St. Martin de Porres,+63 919 062 339,Pre-Provisioned (Password Change Required Upon 1st Login)
parent,Mr. Ernesto Corpuz,Father,parent.109238470275@parent.sapc.edu.ph,SAPC@P0275!,Kathleen Corpuz,109238470275,Grade 9,Grade 9 - St. Martin de Porres,+63 919 063 676,Pre-Provisioned (Password Change Required Upon 1st Login)
parent,Mrs. Maricel Flores,Mother,parent.109238470276@parent.sapc.edu.ph,SAPC@P0276!,Benedict Flores,109238470276,Grade 9,Grade 9 - St. Pedro Calungsod,+63 919 065 013,Pre-Provisioned (Password Change Required Upon 1st Login)
parent,Mr. Ferdinand Castro,Father,parent.109238470277@parent.sapc.edu.ph,SAPC@P0277!,Nicole Castro,109238470277,Grade 9,Grade 9 - St. Cecilia,+63 919 066 350,Pre-Provisioned (Password Change Required Upon 1st Login)
parent,Mrs. Carmela Garcia,Mother,parent.109238470278@parent.sapc.edu.ph,SAPC@P0278!,Karl Garcia,109238470278,Grade 9,Grade 9 - St. Martin de Porres,+63 919 067 687,Pre-Provisioned (Password Change Required Upon 1st Login)
parent,Mr. Carlos Cruz,Father,parent.109238470279@parent.sapc.edu.ph,SAPC@P0279!,Chloe Cruz,109238470279,Grade 9,Grade 9 - St. Lorenzo Ruiz,+63 919 069 024,Pre-Provisioned (Password Change Required Upon 1st Login)
parent,Mrs. Rosalinda Corpuz,Mother,parent.109238470280@parent.sapc.edu.ph,SAPC@P0280!,Timothy Corpuz,109238470280,Grade 9,Grade 9 - St. Martin de Porres,+63 919 070 361,Pre-Provisioned (Password Change Required Upon 1st Login)
parent,Mr. Danilo San Jose,Father,parent.109238470281@parent.sapc.edu.ph,SAPC@P0281!,Grace San Jose,109238470281,Grade 9,Grade 9 - St. Cecilia,+63 919 071 698,Pre-Provisioned (Password Change Required Upon 1st Login)
parent,Mrs. Josephine Tolentino,Mother,parent.109238470282@parent.sapc.edu.ph,SAPC@P0282!,Patricia Tolentino,109238470282,Grade 9,Grade 9 - St. Martin de Porres,+63 919 073 035,Pre-Provisioned (Password Change Required Upon 1st Login)
parent,Mr. Reynaldo Lim,Father,parent.109238470283@parent.sapc.edu.ph,SAPC@P0283!,Jasmine Lim,109238470283,Grade 9,Grade 9 - St. Lorenzo Ruiz,+63 919 074 372,Pre-Provisioned (Password Change Required Upon 1st Login)
parent,Mrs. Remedios Tolentino,Mother,parent.109238470284@parent.sapc.edu.ph,SAPC@P0284!,Grace Tolentino,109238470284,Grade 9,Grade 9 - St. Martin de Porres,+63 919 075 709,Pre-Provisioned (Password Change Required Upon 1st Login)
parent,Mr. Renato Salazar,Father,parent.109238470285@parent.sapc.edu.ph,SAPC@P0285!,Alyssa Salazar,109238470285,Grade 9,Grade 9 - St. Cecilia,+63 919 077 046,Pre-Provisioned (Password Change Required Upon 1st Login)
parent,Mrs. Flordeliza Aquino,Mother,parent.109238470286@parent.sapc.edu.ph,SAPC@P0286!,Maria Clara Aquino,109238470286,Grade 9,Grade 9 - St. Cecilia,+63 919 078 383,Pre-Provisioned (Password Change Required Upon 1st Login)
parent,Mr. Rodolfo Castillo,Father,parent.109238470287@parent.sapc.edu.ph,SAPC@P0287!,Carlos Castillo,109238470287,Grade 9,Grade 9 - St. Pedro Calungsod,+63 919 079 720,Pre-Provisioned (Password Change Required Upon 1st Login)
parent,Mrs. Cynthia Manalo,Mother,parent.109238470288@parent.sapc.edu.ph,SAPC@P0288!,Maria Clara Manalo,109238470288,Grade 9,Grade 9 - St. Cecilia,+63 919 081 057,Pre-Provisioned (Password Change Required Upon 1st Login)
parent,Mr. Nestor Bautista,Father,parent.109238470289@parent.sapc.edu.ph,SAPC@P0289!,Jasmine Bautista,109238470289,Grade 9,Grade 9 - St. Martin de Porres,+63 919 082 394,Pre-Provisioned (Password Change Required Upon 1st Login)
parent,Mrs. Shirley Alcantara,Mother,parent.109238470290@parent.sapc.edu.ph,SAPC@P0290!,Nicole Alcantara,109238470290,Grade 9,Grade 9 - St. Pedro Calungsod,+63 919 083 731,Pre-Provisioned (Password Change Required Upon 1st Login)
parent,Mr. Jaime Santiago,Father,parent.109238470291@parent.sapc.edu.ph,SAPC@P0291!,Mark Santiago,109238470291,Grade 9,Grade 9 - St. Pedro Calungsod,+63 919 085 068,Pre-Provisioned (Password Change Required Upon 1st Login)
parent,Mrs. Jennifer Lim,Mother,parent.109238470292@parent.sapc.edu.ph,SAPC@P0292!,Mark Lim,109238470292,Grade 9,Grade 9 - St. Pedro Calungsod,+63 919 086 405,Pre-Provisioned (Password Change Required Upon 1st Login)
parent,Mr. Cesar Mendoza,Father,parent.109238470293@parent.sapc.edu.ph,SAPC@P0293!,Clare Mendoza,109238470293,Grade 9,Grade 9 - St. Martin de Porres,+63 919 087 742,Pre-Provisioned (Password Change Required Upon 1st Login)
parent,Mrs. Grace Flores,Mother,parent.109238470294@parent.sapc.edu.ph,SAPC@P0294!,Bea Flores,109238470294,Grade 9,Grade 9 - St. Martin de Porres,+63 919 089 079,Pre-Provisioned (Password Change Required Upon 1st Login)
parent,Mr. Arnel Torres,Father,parent.109238470295@parent.sapc.edu.ph,SAPC@P0295!,Cedric Torres,109238470295,Grade 9,Grade 9 - St. Martin de Porres,+63 919 090 416,Pre-Provisioned (Password Change Required Upon 1st Login)
parent,Mrs. Gina Corpuz,Mother,parent.109238470296@parent.sapc.edu.ph,SAPC@P0296!,Chloe Corpuz,109238470296,Grade 9,Grade 9 - St. Lorenzo Ruiz,+63 919 091 753,Pre-Provisioned (Password Change Required Upon 1st Login)
parent,Mr. Roberto Morales,Father,parent.109238470297@parent.sapc.edu.ph,SAPC@P0297!,Sofia Morales,109238470297,Grade 9,Grade 9 - St. Lorenzo Ruiz,+63 919 093 090,Pre-Provisioned (Password Change Required Upon 1st Login)
parent,Mrs. Teresa Tolentino,Mother,parent.109238470298@parent.sapc.edu.ph,SAPC@P0298!,Vincent Tolentino,109238470298,Grade 9,Grade 9 - St. Lorenzo Ruiz,+63 919 094 427,Pre-Provisioned (Password Change Required Upon 1st Login)
parent,Mr. Edgardo Ocampo,Father,parent.109238470299@parent.sapc.edu.ph,SAPC@P0299!,Jasmine Ocampo,109238470299,Grade 9,Grade 9 - St. Lorenzo Ruiz,+63 919 095 764,Pre-Provisioned (Password Change Required Upon 1st Login)
parent,Mrs. Corazon Castro,Mother,parent.109238470300@parent.sapc.edu.ph,SAPC@P0300!,Lorenzo Castro,109238470300,Grade 9,Grade 9 - St. Cecilia,+63 919 097 101,Pre-Provisioned (Password Change Required Upon 1st Login)
parent,Mr. Rolando Flores,Father,parent.109238470301@parent.sapc.edu.ph,SAPC@P0301!,Therese Flores,109238470301,Grade 9,Grade 9 - St. Martin de Porres,+63 919 098 438,Pre-Provisioned (Password Change Required Upon 1st Login)
parent,Mrs. Rowena Santiago,Mother,parent.109238470302@parent.sapc.edu.ph,SAPC@P0302!,Samantha Nicole Santiago,109238470302,Grade 9,Grade 9 - St. Cecilia,+63 919 099 775,Pre-Provisioned (Password Change Required Upon 1st Login)
parent,Mr. Ramon Aquino,Father,parent.109238470303@parent.sapc.edu.ph,SAPC@P0303!,Angelo Aquino,109238470303,Grade 9,Grade 9 - St. Martin de Porres,+63 919 101 112,Pre-Provisioned (Password Change Required Upon 1st Login)
parent,Mrs. Lorna Gonzales,Mother,parent.109238470304@parent.sapc.edu.ph,SAPC@P0304!,Dominic Gonzales,109238470304,Grade 9,Grade 9 - St. Cecilia,+63 919 102 449,Pre-Provisioned (Password Change Required Upon 1st Login)
parent,Mr. Antonio Santiago,Father,parent.109238470305@parent.sapc.edu.ph,SAPC@P0305!,Trisha Santiago,109238470305,Grade 9,Grade 9 - St. Lorenzo Ruiz,+63 919 103 786,Pre-Provisioned (Password Change Required Upon 1st Login)
parent,Mrs. Mary Ann Alcantara,Mother,parent.109238470306@parent.sapc.edu.ph,SAPC@P0306!,Bea Alcantara,109238470306,Grade 9,Grade 9 - St. Pedro Calungsod,+63 919 105 123,Pre-Provisioned (Password Change Required Upon 1st Login)
parent,Mr. Eduardo Padilla,Father,parent.109238470307@parent.sapc.edu.ph,SAPC@P0307!,Joshua Padilla,109238470307,Grade 9,Grade 9 - St. Lorenzo Ruiz,+63 919 106 460,Pre-Provisioned (Password Change Required Upon 1st Login)
parent,Mrs. Jocelyn Pascual,Mother,parent.109238470308@parent.sapc.edu.ph,SAPC@P0308!,Patricia Pascual,109238470308,Grade 9,Grade 9 - St. Lorenzo Ruiz,+63 919 107 797,Pre-Provisioned (Password Change Required Upon 1st Login)
parent,Mr. Wilfredo Mercado,Father,parent.109238470309@parent.sapc.edu.ph,SAPC@P0309!,Princess Mae Mercado,109238470309,Grade 9,Grade 9 - St. Cecilia,+63 919 109 134,Pre-Provisioned (Password Change Required Upon 1st Login)
parent,Mrs. Elizabeth Rivera,Mother,parent.109238470310@parent.sapc.edu.ph,SAPC@P0310!,Clarisse Rivera,109238470310,Grade 9,Grade 9 - St. Martin de Porres,+63 919 110 471,Pre-Provisioned (Password Change Required Upon 1st Login)
parent,Mr. Victor Salazar,Father,parent.109238470311@parent.sapc.edu.ph,SAPC@P0311!,Lorenzo Salazar,109238470311,Grade 9,Grade 9 - St. Martin de Porres,+63 919 111 808,Pre-Provisioned (Password Change Required Upon 1st Login)
parent,Mrs. Imelda Alcantara,Mother,parent.109238470312@parent.sapc.edu.ph,SAPC@P0312!,Vincent Alcantara,109238470312,Grade 9,Grade 9 - St. Martin de Porres,+63 919 113 145,Pre-Provisioned (Password Change Required Upon 1st Login)
parent,Mr. Gabriel Tolentino,Father,parent.109238470313@parent.sapc.edu.ph,SAPC@P0313!,Patricia Tolentino,109238470313,Grade 9,Grade 9 - St. Pedro Calungsod,+63 919 114 482,Pre-Provisioned (Password Change Required Upon 1st Login)
parent,Mrs. Bernadette Aquino,Mother,parent.109238470314@parent.sapc.edu.ph,SAPC@P0314!,Daniel Aquino,109238470314,Grade 9,Grade 9 - St. Pedro Calungsod,+63 919 115 819,Pre-Provisioned (Password Change Required Upon 1st Login)
parent,Mr. Manuel Flores,Father,parent.109238470315@parent.sapc.edu.ph,SAPC@P0315!,Faith Flores,109238470315,Grade 9,Grade 9 - St. Martin de Porres,+63 919 117 156,Pre-Provisioned (Password Change Required Upon 1st Login)
parent,Mrs. Cristina Dela Cruz,Mother,parent.109238470316@parent.sapc.edu.ph,SAPC@P0316!,Dominic Dela Cruz,109238470316,Grade 9,Grade 9 - St. Pedro Calungsod,+63 919 118 493,Pre-Provisioned (Password Change Required Upon 1st Login)
parent,Mr. Mario Bautista,Father,parent.109238470317@parent.sapc.edu.ph,SAPC@P0317!,Kyle Bautista,109238470317,Grade 9,Grade 9 - St. Lorenzo Ruiz,+63 919 119 830,Pre-Provisioned (Password Change Required Upon 1st Login)
parent,Mrs. Lourdes Lim,Mother,parent.109238470318@parent.sapc.edu.ph,SAPC@P0318!,Elijah Lim,109238470318,Grade 9,Grade 9 - St. Pedro Calungsod,+63 919 121 167,Pre-Provisioned (Password Change Required Upon 1st Login)
parent,Mr. Gerardo Aquino,Father,parent.109238470319@parent.sapc.edu.ph,SAPC@P0319!,Clare Aquino,109238470319,Grade 9,Grade 9 - St. Martin de Porres,+63 919 122 504,Pre-Provisioned (Password Change Required Upon 1st Login)
parent,Mrs. Elena Castillo,Mother,parent.109238470320@parent.sapc.edu.ph,SAPC@P0320!,Althea Castillo,109238470320,Grade 9,Grade 9 - St. Lorenzo Ruiz,+63 919 123 841,Pre-Provisioned (Password Change Required Upon 1st Login)
parent,Mr. Ernesto Castillo,Father,parent.109238470321@parent.sapc.edu.ph,SAPC@P0321!,Cedric Castillo,109238470321,Grade 9,Grade 9 - St. Martin de Porres,+63 919 125 178,Pre-Provisioned (Password Change Required Upon 1st Login)
parent,Mrs. Maricel Santos,Mother,parent.109238470322@parent.sapc.edu.ph,SAPC@P0322!,Faith Santos,109238470322,Grade 9,Grade 9 - St. Martin de Porres,+63 919 126 515,Pre-Provisioned (Password Change Required Upon 1st Login)
parent,Mr. Ferdinand Dela Cruz,Father,parent.109238470323@parent.sapc.edu.ph,SAPC@P0323!,Matthew Dela Cruz,109238470323,Grade 9,Grade 9 - St. Lorenzo Ruiz,+63 919 127 852,Pre-Provisioned (Password Change Required Upon 1st Login)
parent,Mrs. Carmela Torres,Mother,parent.109238470324@parent.sapc.edu.ph,SAPC@P0324!,Ethan Torres,109238470324,Grade 9,Grade 9 - St. Lorenzo Ruiz,+63 919 129 189,Pre-Provisioned (Password Change Required Upon 1st Login)
parent,Mr. Carlos Soriano,Father,parent.109238470325@parent.sapc.edu.ph,SAPC@P0325!,Lance Soriano,109238470325,Grade 9,Grade 9 - St. Cecilia,+63 919 130 526,Pre-Provisioned (Password Change Required Upon 1st Login)
parent,Mrs. Rosalinda Corpuz,Mother,parent.109238470326@parent.sapc.edu.ph,SAPC@P0326!,Benedict Corpuz,109238470326,Grade 9,Grade 9 - St. Lorenzo Ruiz,+63 919 131 863,Pre-Provisioned (Password Change Required Upon 1st Login)
parent,Mr. Danilo Mercado,Father,parent.109238470327@parent.sapc.edu.ph,SAPC@P0327!,Bea Mercado,109238470327,Grade 9,Grade 9 - St. Martin de Porres,+63 919 133 200,Pre-Provisioned (Password Change Required Upon 1st Login)
parent,Mrs. Josephine Garcia,Mother,parent.109238470328@parent.sapc.edu.ph,SAPC@P0328!,Andrea Garcia,109238470328,Grade 9,Grade 9 - St. Martin de Porres,+63 919 134 537,Pre-Provisioned (Password Change Required Upon 1st Login)
parent,Mr. Reynaldo Villanueva,Father,parent.109238470329@parent.sapc.edu.ph,SAPC@P0329!,Janine Villanueva,109238470329,Grade 9,Grade 9 - St. Martin de Porres,+63 919 135 874,Pre-Provisioned (Password Change Required Upon 1st Login)
parent,Mrs. Remedios Castillo,Mother,parent.109238470330@parent.sapc.edu.ph,SAPC@P0330!,Therese Castillo,109238470330,Grade 9,Grade 9 - St. Martin de Porres,+63 919 137 211,Pre-Provisioned (Password Change Required Upon 1st Login)
parent,Mr. Renato Torres,Father,parent.109238470331@parent.sapc.edu.ph,SAPC@P0331!,Ethan Torres,109238470331,Grade 9,Grade 9 - St. Pedro Calungsod,+63 919 138 548,Pre-Provisioned (Password Change Required Upon 1st Login)
parent,Mrs. Flordeliza Garcia,Mother,parent.109238470332@parent.sapc.edu.ph,SAPC@P0332!,Trisha Garcia,109238470332,Grade 9,Grade 9 - St. Lorenzo Ruiz,+63 919 139 885,Pre-Provisioned (Password Change Required Upon 1st Login)
parent,Mr. Rodolfo Reyes,Father,parent.109238470333@parent.sapc.edu.ph,SAPC@P0333!,Adrian Reyes,109238470333,Grade 9,Grade 9 - St. Lorenzo Ruiz,+63 919 141 222,Pre-Provisioned (Password Change Required Upon 1st Login)
parent,Mrs. Cynthia Navarro,Mother,parent.109238470334@parent.sapc.edu.ph,SAPC@P0334!,Joy Navarro,109238470334,Grade 9,Grade 9 - St. Pedro Calungsod,+63 919 142 559,Pre-Provisioned (Password Change Required Upon 1st Login)
parent,Mr. Nestor Mendoza,Father,parent.109238470335@parent.sapc.edu.ph,SAPC@P0335!,Angelo Mendoza,109238470335,Grade 9,Grade 9 - St. Lorenzo Ruiz,+63 919 143 896,Pre-Provisioned (Password Change Required Upon 1st Login)
parent,Mrs. Shirley Alcantara,Mother,parent.109238470336@parent.sapc.edu.ph,SAPC@P0336!,Angelo Alcantara,109238470336,Grade 9,Grade 9 - St. Martin de Porres,+63 919 145 233,Pre-Provisioned (Password Change Required Upon 1st Login)
parent,Mr. Jaime Mercado,Father,parent.109238470337@parent.sapc.edu.ph,SAPC@P0337!,Clarisse Mercado,109238470337,Grade 9,Grade 9 - St. Pedro Calungsod,+63 919 146 570,Pre-Provisioned (Password Change Required Upon 1st Login)
parent,Mrs. Jennifer Soriano,Mother,parent.109238470338@parent.sapc.edu.ph,SAPC@P0338!,Andrea Soriano,109238470338,Grade 9,Grade 9 - St. Martin de Porres,+63 919 147 907,Pre-Provisioned (Password Change Required Upon 1st Login)
parent,Mr. Cesar Reyes,Father,parent.109238470339@parent.sapc.edu.ph,SAPC@P0339!,Camille Reyes,109238470339,Grade 9,Grade 9 - St. Lorenzo Ruiz,+63 919 149 244,Pre-Provisioned (Password Change Required Upon 1st Login)
parent,Mrs. Grace Alcantara,Mother,parent.109238470340@parent.sapc.edu.ph,SAPC@P0340!,Bernadette Alcantara,109238470340,Grade 9,Grade 9 - St. Cecilia,+63 919 150 581,Pre-Provisioned (Password Change Required Upon 1st Login)
parent,Mr. Arnel Dimaculangan,Father,parent.109238470341@parent.sapc.edu.ph,SAPC@P0341!,John Carlo Dimaculangan,109238470341,Grade 9,Grade 9 - St. Cecilia,+63 919 151 918,Pre-Provisioned (Password Change Required Upon 1st Login)
parent,Mrs. Gina Mendoza,Mother,parent.109238470342@parent.sapc.edu.ph,SAPC@P0342!,Joy Mendoza,109238470342,Grade 9,Grade 9 - St. Pedro Calungsod,+63 919 153 255,Pre-Provisioned (Password Change Required Upon 1st Login)
parent,Mr. Roberto Ramos,Father,parent.109238470343@parent.sapc.edu.ph,SAPC@P0343!,Matthew Ramos,109238470343,Grade 9,Grade 9 - St. Martin de Porres,+63 919 154 592,Pre-Provisioned (Password Change Required Upon 1st Login)
parent,Mrs. Teresa Santiago,Mother,parent.109238470344@parent.sapc.edu.ph,SAPC@P0344!,Alyssa Santiago,109238470344,Grade 9,Grade 9 - St. Lorenzo Ruiz,+63 919 155 929,Pre-Provisioned (Password Change Required Upon 1st Login)
parent,Mr. Edgardo Manalo,Father,parent.109238470345@parent.sapc.edu.ph,SAPC@P0345!,Nathan Manalo,109238470345,Grade 9,Grade 9 - St. Martin de Porres,+63 919 157 266,Pre-Provisioned (Password Change Required Upon 1st Login)
parent,Mrs. Corazon Alcantara,Mother,parent.109238470346@parent.sapc.edu.ph,SAPC@P0346!,Jose Alcantara,109238470346,Grade 9,Grade 9 - St. Pedro Calungsod,+63 919 158 603,Pre-Provisioned (Password Change Required Upon 1st Login)
parent,Mr. Rolando Santos,Father,parent.109238470347@parent.sapc.edu.ph,SAPC@P0347!,Martin Santos,109238470347,Grade 9,Grade 9 - St. Cecilia,+63 919 159 940,Pre-Provisioned (Password Change Required Upon 1st Login)
parent,Mrs. Rowena Mercado,Mother,parent.109238470348@parent.sapc.edu.ph,SAPC@P0348!,Lorenzo Mercado,109238470348,Grade 9,Grade 9 - St. Cecilia,+63 919 161 277,Pre-Provisioned (Password Change Required Upon 1st Login)
parent,Mr. Ramon Dimaculangan,Father,parent.109238470349@parent.sapc.edu.ph,SAPC@P0349!,Gabriel Dimaculangan,109238470349,Grade 9,Grade 9 - St. Lorenzo Ruiz,+63 919 162 614,Pre-Provisioned (Password Change Required Upon 1st Login)
parent,Mrs. Lorna Pascual,Mother,parent.109238470350@parent.sapc.edu.ph,SAPC@P0350!,Simon Pascual,109238470350,Grade 9,Grade 9 - St. Martin de Porres,+63 919 163 951,Pre-Provisioned (Password Change Required Upon 1st Login)
parent,Mr. Antonio Gonzales,Father,parent.109238470351@parent.sapc.edu.ph,SAPC@P0351!,Clarisse Gonzales,109238470351,Grade 9,Grade 9 - St. Cecilia,+63 919 165 288,Pre-Provisioned (Password Change Required Upon 1st Login)
parent,Mrs. Mary Ann Garcia,Mother,parent.109238470352@parent.sapc.edu.ph,SAPC@P0352!,Rochelle Garcia,109238470352,Grade 9,Grade 9 - St. Lorenzo Ruiz,+63 919 166 625,Pre-Provisioned (Password Change Required Upon 1st Login)
parent,Mr. Eduardo Tolentino,Father,parent.109238470353@parent.sapc.edu.ph,SAPC@P0353!,Emman Tolentino,109238470353,Grade 9,Grade 9 - St. Martin de Porres,+63 919 167 962,Pre-Provisioned (Password Change Required Upon 1st Login)
parent,Mrs. Jocelyn Gonzales,Mother,parent.109238470354@parent.sapc.edu.ph,SAPC@P0354!,Camille Gonzales,109238470354,Grade 9,Grade 9 - St. Pedro Calungsod,+63 919 169 299,Pre-Provisioned (Password Change Required Upon 1st Login)
parent,Mr. Wilfredo Tolentino,Father,parent.109238470355@parent.sapc.edu.ph,SAPC@P0355!,Bernadette Tolentino,109238470355,Grade 9,Grade 9 - St. Martin de Porres,+63 919 170 636,Pre-Provisioned (Password Change Required Upon 1st Login)
parent,Mrs. Elizabeth Dela Cruz,Mother,parent.109238470356@parent.sapc.edu.ph,SAPC@P0356!,Jasmine Dela Cruz,109238470356,Grade 9,Grade 9 - St. Martin de Porres,+63 919 171 973,Pre-Provisioned (Password Change Required Upon 1st Login)
parent,Mr. Victor Dela Cruz,Father,parent.109238470357@parent.sapc.edu.ph,SAPC@P0357!,Jose Dela Cruz,109238470357,Grade 9,Grade 9 - St. Lorenzo Ruiz,+63 919 173 310,Pre-Provisioned (Password Change Required Upon 1st Login)
parent,Mrs. Imelda Morales,Mother,parent.109238470358@parent.sapc.edu.ph,SAPC@P0358!,Kathleen Morales,109238470358,Grade 9,Grade 9 - St. Pedro Calungsod,+63 919 174 647,Pre-Provisioned (Password Change Required Upon 1st Login)
parent,Mr. Gabriel Ramos,Father,parent.109238470359@parent.sapc.edu.ph,SAPC@P0359!,Kathleen Ramos,109238470359,Grade 9,Grade 9 - St. Cecilia,+63 919 175 984,Pre-Provisioned (Password Change Required Upon 1st Login)
parent,Mrs. Bernadette Dela Cruz,Mother,parent.109238470360@parent.sapc.edu.ph,SAPC@P0360!,Timothy Dela Cruz,109238470360,Grade 9,Grade 9 - St. Pedro Calungsod,+63 919 177 321,Pre-Provisioned (Password Change Required Upon 1st Login)
parent,Mr. Manuel Manalo,Father,parent.109238470361@parent.sapc.edu.ph,SAPC@P0361!,Simon Manalo,109238470361,Grade 9,Grade 9 - St. Cecilia,+63 919 178 658,Pre-Provisioned (Password Change Required Upon 1st Login)
parent,Mrs. Cristina Santos,Mother,parent.109238470362@parent.sapc.edu.ph,SAPC@P0362!,Adrian Santos,109238470362,Grade 9,Grade 9 - St. Martin de Porres,+63 919 179 995,Pre-Provisioned (Password Change Required Upon 1st Login)
parent,Mr. Mario Lim,Father,parent.109238470363@parent.sapc.edu.ph,SAPC@P0363!,Francis Lim,109238470363,Grade 9,Grade 9 - St. Cecilia,+63 919 181 332,Pre-Provisioned (Password Change Required Upon 1st Login)
parent,Mrs. Lourdes Soriano,Mother,parent.109238470364@parent.sapc.edu.ph,SAPC@P0364!,Chloe Soriano,109238470364,Grade 9,Grade 9 - St. Pedro Calungsod,+63 919 182 669,Pre-Provisioned (Password Change Required Upon 1st Login)
parent,Mr. Gerardo Villanueva,Father,parent.109238470365@parent.sapc.edu.ph,SAPC@P0365!,Kyle Villanueva,109238470365,Grade 9,Grade 9 - St. Pedro Calungsod,+63 919 184 006,Pre-Provisioned (Password Change Required Upon 1st Login)
parent,Mrs. Elena Salazar,Mother,parent.109238470366@parent.sapc.edu.ph,SAPC@P0366!,Francis Salazar,109238470366,Grade 9,Grade 9 - St. Cecilia,+63 919 185 343,Pre-Provisioned (Password Change Required Upon 1st Login)
parent,Mr. Ernesto Mendoza,Father,parent.109238470367@parent.sapc.edu.ph,SAPC@P0367!,Daniel Mendoza,109238470367,Grade 9,Grade 9 - St. Lorenzo Ruiz,+63 919 186 680,Pre-Provisioned (Password Change Required Upon 1st Login)
parent,Mrs. Maricel Lim,Mother,parent.109238470368@parent.sapc.edu.ph,SAPC@P0368!,Justin Lim,109238470368,Grade 9,Grade 9 - St. Pedro Calungsod,+63 919 188 017,Pre-Provisioned (Password Change Required Upon 1st Login)
parent,Mr. Ferdinand Alcantara,Father,parent.109238470369@parent.sapc.edu.ph,SAPC@P0369!,Martin Alcantara,109238470369,Grade 9,Grade 9 - St. Lorenzo Ruiz,+63 919 189 354,Pre-Provisioned (Password Change Required Upon 1st Login)
parent,Mrs. Carmela Mendoza,Mother,parent.109238470370@parent.sapc.edu.ph,SAPC@P0370!,Ethan Mendoza,109238470370,Grade 9,Grade 9 - St. Pedro Calungsod,+63 919 190 691,Pre-Provisioned (Password Change Required Upon 1st Login)
parent,Mr. Carlos Mercado,Father,parent.109238470371@parent.sapc.edu.ph,SAPC@P0371!,Trisha Mercado,109238470371,Grade 9,Grade 9 - St. Pedro Calungsod,+63 919 192 028,Pre-Provisioned (Password Change Required Upon 1st Login)
parent,Mrs. Rosalinda Santiago,Mother,parent.109238470372@parent.sapc.edu.ph,SAPC@P0372!,Bernadette Santiago,109238470372,Grade 9,Grade 9 - St. Lorenzo Ruiz,+63 919 193 365,Pre-Provisioned (Password Change Required Upon 1st Login)
parent,Mr. Danilo Dela Cruz,Father,parent.109238470373@parent.sapc.edu.ph,SAPC@P0373!,Simon Dela Cruz,109238470373,Grade 9,Grade 9 - St. Cecilia,+63 919 194 702,Pre-Provisioned (Password Change Required Upon 1st Login)
parent,Mrs. Josephine Pascual,Mother,parent.109238470374@parent.sapc.edu.ph,SAPC@P0374!,Mark Pascual,109238470374,Grade 9,Grade 9 - St. Pedro Calungsod,+63 919 196 039,Pre-Provisioned (Password Change Required Upon 1st Login)
parent,Mr. Reynaldo Mendoza,Father,parent.109238470375@parent.sapc.edu.ph,SAPC@P0375!,Nicole Mendoza,109238470375,Grade 9,Grade 9 - St. Cecilia,+63 919 197 376,Pre-Provisioned (Password Change Required Upon 1st Login)
parent,Mrs. Remedios Castillo,Mother,parent.109238470376@parent.sapc.edu.ph,SAPC@P0376!,Liza Castillo,109238470376,Grade 10,Grade 10 - St. Vincent de Paul,+63 919 198 713,Pre-Provisioned (Password Change Required Upon 1st Login)
parent,Mr. Renato Lim,Father,parent.109238470377@parent.sapc.edu.ph,SAPC@P0377!,Cecilia Lim,109238470377,Grade 10,Grade 10 - St. Vincent de Paul,+63 919 200 050,Pre-Provisioned (Password Change Required Upon 1st Login)
parent,Mrs. Flordeliza Gonzales,Mother,parent.109238470378@parent.sapc.edu.ph,SAPC@P0378!,Cedric Gonzales,109238470378,Grade 10,Grade 10 - St. Thomas Aquinas,+63 919 201 387,Pre-Provisioned (Password Change Required Upon 1st Login)
parent,Mr. Rodolfo Lim,Father,parent.109238470379@parent.sapc.edu.ph,SAPC@P0379!,Bea Lim,109238470379,Grade 10,Grade 10 - St. Augustine,+63 919 202 724,Pre-Provisioned (Password Change Required Upon 1st Login)
parent,Mrs. Cynthia Corpuz,Mother,parent.109238470380@parent.sapc.edu.ph,SAPC@P0380!,Christian Corpuz,109238470380,Grade 10,Grade 10 - St. Augustine,+63 919 204 061,Pre-Provisioned (Password Change Required Upon 1st Login)
parent,Mr. Nestor Castro,Father,parent.109238470381@parent.sapc.edu.ph,SAPC@P0381!,Angelo Castro,109238470381,Grade 10,Grade 10 - St. Thomas Aquinas,+63 919 205 398,Pre-Provisioned (Password Change Required Upon 1st Login)
parent,Mrs. Shirley Villanueva,Mother,parent.109238470382@parent.sapc.edu.ph,SAPC@P0382!,Andrea Villanueva,109238470382,Grade 10,Grade 10 - St. Ignatius,+63 919 206 735,Pre-Provisioned (Password Change Required Upon 1st Login)
parent,Mr. Jaime Torres,Father,parent.109238470383@parent.sapc.edu.ph,SAPC@P0383!,Ethan Torres,109238470383,Grade 10,Grade 10 - St. Vincent de Paul,+63 919 208 072,Pre-Provisioned (Password Change Required Upon 1st Login)
parent,Mrs. Jennifer Alcantara,Mother,parent.109238470384@parent.sapc.edu.ph,SAPC@P0384!,Erika Alcantara,109238470384,Grade 10,Grade 10 - St. Thomas Aquinas,+63 919 209 409,Pre-Provisioned (Password Change Required Upon 1st Login)
parent,Mr. Cesar Villanueva,Father,parent.109238470385@parent.sapc.edu.ph,SAPC@P0385!,Lance Villanueva,109238470385,Grade 10,Grade 10 - St. Vincent de Paul,+63 919 210 746,Pre-Provisioned (Password Change Required Upon 1st Login)
parent,Mrs. Grace Valdez,Mother,parent.109238470386@parent.sapc.edu.ph,SAPC@P0386!,Angelo Valdez,109238470386,Grade 10,Grade 10 - St. Thomas Aquinas,+63 919 212 083,Pre-Provisioned (Password Change Required Upon 1st Login)
parent,Mr. Arnel Castro,Father,parent.109238470387@parent.sapc.edu.ph,SAPC@P0387!,Jerome Castro,109238470387,Grade 10,Grade 10 - St. Vincent de Paul,+63 919 213 420,Pre-Provisioned (Password Change Required Upon 1st Login)
parent,Mrs. Gina Dela Cruz,Mother,parent.109238470388@parent.sapc.edu.ph,SAPC@P0388!,Simon Dela Cruz,109238470388,Grade 10,Grade 10 - St. Augustine,+63 919 214 757,Pre-Provisioned (Password Change Required Upon 1st Login)
parent,Mr. Roberto Lim,Father,parent.109238470389@parent.sapc.edu.ph,SAPC@P0389!,Benedict Lim,109238470389,Grade 10,Grade 10 - St. Ignatius,+63 919 216 094,Pre-Provisioned (Password Change Required Upon 1st Login)
parent,Mrs. Teresa Mendoza,Mother,parent.109238470390@parent.sapc.edu.ph,SAPC@P0390!,Martin Mendoza,109238470390,Grade 10,Grade 10 - St. Augustine,+63 919 217 431,Pre-Provisioned (Password Change Required Upon 1st Login)
parent,Mr. Edgardo Padilla,Father,parent.109238470391@parent.sapc.edu.ph,SAPC@P0391!,Anthony Padilla,109238470391,Grade 10,Grade 10 - St. Ignatius,+63 919 218 768,Pre-Provisioned (Password Change Required Upon 1st Login)
parent,Mrs. Corazon Cruz,Mother,parent.109238470392@parent.sapc.edu.ph,SAPC@P0392!,Elijah Cruz,109238470392,Grade 10,Grade 10 - St. Augustine,+63 919 220 105,Pre-Provisioned (Password Change Required Upon 1st Login)
parent,Mr. Rolando Ramos,Father,parent.109238470393@parent.sapc.edu.ph,SAPC@P0393!,Bea Ramos,109238470393,Grade 10,Grade 10 - St. Vincent de Paul,+63 919 221 442,Pre-Provisioned (Password Change Required Upon 1st Login)
parent,Mrs. Rowena Santos,Mother,parent.109238470394@parent.sapc.edu.ph,SAPC@P0394!,Princess Mae Santos,109238470394,Grade 10,Grade 10 - St. Vincent de Paul,+63 919 222 779,Pre-Provisioned (Password Change Required Upon 1st Login)
parent,Mr. Ramon Castro,Father,parent.109238470395@parent.sapc.edu.ph,SAPC@P0395!,Dominic Castro,109238470395,Grade 10,Grade 10 - St. Augustine,+63 919 224 116,Pre-Provisioned (Password Change Required Upon 1st Login)
parent,Mrs. Lorna Mercado,Mother,parent.109238470396@parent.sapc.edu.ph,SAPC@P0396!,Clarisse Mercado,109238470396,Grade 10,Grade 10 - St. Vincent de Paul,+63 919 225 453,Pre-Provisioned (Password Change Required Upon 1st Login)
parent,Mr. Antonio Bautista,Father,parent.109238470397@parent.sapc.edu.ph,SAPC@P0397!,Justin Bautista,109238470397,Grade 10,Grade 10 - St. Vincent de Paul,+63 919 226 790,Pre-Provisioned (Password Change Required Upon 1st Login)
parent,Mrs. Mary Ann Santos,Mother,parent.109238470398@parent.sapc.edu.ph,SAPC@P0398!,Jose Santos,109238470398,Grade 10,Grade 10 - St. Vincent de Paul,+63 919 228 127,Pre-Provisioned (Password Change Required Upon 1st Login)
parent,Mr. Eduardo Lim,Father,parent.109238470399@parent.sapc.edu.ph,SAPC@P0399!,Gabriel Lim,109238470399,Grade 10,Grade 10 - St. Thomas Aquinas,+63 919 229 464,Pre-Provisioned (Password Change Required Upon 1st Login)
parent,Mrs. Jocelyn Ramos,Mother,parent.109238470400@parent.sapc.edu.ph,SAPC@P0400!,Jose Ramos,109238470400,Grade 10,Grade 10 - St. Ignatius,+63 919 230 801,Pre-Provisioned (Password Change Required Upon 1st Login)
parent,Mr. Wilfredo Bautista,Father,parent.109238470401@parent.sapc.edu.ph,SAPC@P0401!,Karl Bautista,109238470401,Grade 10,Grade 10 - St. Thomas Aquinas,+63 919 232 138,Pre-Provisioned (Password Change Required Upon 1st Login)
parent,Mrs. Elizabeth Padilla,Mother,parent.109238470402@parent.sapc.edu.ph,SAPC@P0402!,Timothy Padilla,109238470402,Grade 10,Grade 10 - St. Augustine,+63 919 233 475,Pre-Provisioned (Password Change Required Upon 1st Login)
parent,Mr. Victor Bautista,Father,parent.109238470403@parent.sapc.edu.ph,SAPC@P0403!,Ethan Bautista,109238470403,Grade 10,Grade 10 - St. Augustine,+63 919 234 812,Pre-Provisioned (Password Change Required Upon 1st Login)
parent,Mrs. Imelda Aquino,Mother,parent.109238470404@parent.sapc.edu.ph,SAPC@P0404!,Adrian Aquino,109238470404,Grade 10,Grade 10 - St. Ignatius,+63 919 236 149,Pre-Provisioned (Password Change Required Upon 1st Login)
parent,Mr. Gabriel Bautista,Father,parent.109238470405@parent.sapc.edu.ph,SAPC@P0405!,Jerome Bautista,109238470405,Grade 10,Grade 10 - St. Thomas Aquinas,+63 919 237 486,Pre-Provisioned (Password Change Required Upon 1st Login)
parent,Mrs. Bernadette Torres,Mother,parent.109238470406@parent.sapc.edu.ph,SAPC@P0406!,Jerome Torres,109238470406,Grade 10,Grade 10 - St. Augustine,+63 919 238 823,Pre-Provisioned (Password Change Required Upon 1st Login)
parent,Mr. Manuel De Leon,Father,parent.109238470407@parent.sapc.edu.ph,SAPC@P0407!,Cecilia De Leon,109238470407,Grade 10,Grade 10 - St. Vincent de Paul,+63 919 240 160,Pre-Provisioned (Password Change Required Upon 1st Login)
parent,Mrs. Cristina Gonzales,Mother,parent.109238470408@parent.sapc.edu.ph,SAPC@P0408!,Clarisse Gonzales,109238470408,Grade 10,Grade 10 - St. Thomas Aquinas,+63 919 241 497,Pre-Provisioned (Password Change Required Upon 1st Login)
parent,Mr. Mario Domingo,Father,parent.109238470409@parent.sapc.edu.ph,SAPC@P0409!,John Carlo Domingo,109238470409,Grade 10,Grade 10 - St. Vincent de Paul,+63 919 242 834,Pre-Provisioned (Password Change Required Upon 1st Login)
parent,Mrs. Lourdes Navarro,Mother,parent.109238470410@parent.sapc.edu.ph,SAPC@P0410!,Ethan Navarro,109238470410,Grade 10,Grade 10 - St. Vincent de Paul,+63 919 244 171,Pre-Provisioned (Password Change Required Upon 1st Login)
parent,Mr. Gerardo Torres,Father,parent.109238470411@parent.sapc.edu.ph,SAPC@P0411!,Lance Torres,109238470411,Grade 10,Grade 10 - St. Ignatius,+63 919 245 508,Pre-Provisioned (Password Change Required Upon 1st Login)
parent,Mrs. Elena Domingo,Mother,parent.109238470412@parent.sapc.edu.ph,SAPC@P0412!,Matthew Domingo,109238470412,Grade 10,Grade 10 - St. Ignatius,+63 919 246 845,Pre-Provisioned (Password Change Required Upon 1st Login)
parent,Mr. Ernesto Reyes,Father,parent.109238470413@parent.sapc.edu.ph,SAPC@P0413!,Emman Reyes,109238470413,Grade 10,Grade 10 - St. Thomas Aquinas,+63 919 248 182,Pre-Provisioned (Password Change Required Upon 1st Login)
parent,Mrs. Maricel Cruz,Mother,parent.109238470414@parent.sapc.edu.ph,SAPC@P0414!,Nathan Cruz,109238470414,Grade 10,Grade 10 - St. Thomas Aquinas,+63 919 249 519,Pre-Provisioned (Password Change Required Upon 1st Login)
parent,Mr. Ferdinand Morales,Father,parent.109238470415@parent.sapc.edu.ph,SAPC@P0415!,Kathryn Morales,109238470415,Grade 10,Grade 10 - St. Augustine,+63 919 250 856,Pre-Provisioned (Password Change Required Upon 1st Login)
parent,Mrs. Carmela Morales,Mother,parent.109238470416@parent.sapc.edu.ph,SAPC@P0416!,Alyssa Morales,109238470416,Grade 10,Grade 10 - St. Thomas Aquinas,+63 919 252 193,Pre-Provisioned (Password Change Required Upon 1st Login)
parent,Mr. Carlos Santos,Father,parent.109238470417@parent.sapc.edu.ph,SAPC@P0417!,Nicole Santos,109238470417,Grade 10,Grade 10 - St. Ignatius,+63 919 253 530,Pre-Provisioned (Password Change Required Upon 1st Login)
parent,Mrs. Rosalinda Ocampo,Mother,parent.109238470418@parent.sapc.edu.ph,SAPC@P0418!,Rita Ocampo,109238470418,Grade 10,Grade 10 - St. Augustine,+63 919 254 867,Pre-Provisioned (Password Change Required Upon 1st Login)
parent,Mr. Danilo Aquino,Father,parent.109238470419@parent.sapc.edu.ph,SAPC@P0419!,Andrea Aquino,109238470419,Grade 10,Grade 10 - St. Thomas Aquinas,+63 919 256 204,Pre-Provisioned (Password Change Required Upon 1st Login)
parent,Mrs. Josephine Rivera,Mother,parent.109238470420@parent.sapc.edu.ph,SAPC@P0420!,Karl Rivera,109238470420,Grade 10,Grade 10 - St. Thomas Aquinas,+63 919 257 541,Pre-Provisioned (Password Change Required Upon 1st Login)
parent,Mr. Reynaldo Rivera,Father,parent.109238470421@parent.sapc.edu.ph,SAPC@P0421!,Simon Rivera,109238470421,Grade 10,Grade 10 - St. Augustine,+63 919 258 878,Pre-Provisioned (Password Change Required Upon 1st Login)
parent,Mrs. Remedios Lim,Mother,parent.109238470422@parent.sapc.edu.ph,SAPC@P0422!,Princess Mae Lim,109238470422,Grade 10,Grade 10 - St. Augustine,+63 919 260 215,Pre-Provisioned (Password Change Required Upon 1st Login)
parent,Mr. Renato San Jose,Father,parent.109238470423@parent.sapc.edu.ph,SAPC@P0423!,Joy San Jose,109238470423,Grade 10,Grade 10 - St. Thomas Aquinas,+63 919 261 552,Pre-Provisioned (Password Change Required Upon 1st Login)
parent,Mrs. Flordeliza Castillo,Mother,parent.109238470424@parent.sapc.edu.ph,SAPC@P0424!,Patricia Castillo,109238470424,Grade 10,Grade 10 - St. Augustine,+63 919 262 889,Pre-Provisioned (Password Change Required Upon 1st Login)
parent,Mr. Rodolfo Ramos,Father,parent.109238470425@parent.sapc.edu.ph,SAPC@P0425!,Bernadette Ramos,109238470425,Grade 10,Grade 10 - St. Thomas Aquinas,+63 919 264 226,Pre-Provisioned (Password Change Required Upon 1st Login)
parent,Mrs. Cynthia Dela Cruz,Mother,parent.109238470426@parent.sapc.edu.ph,SAPC@P0426!,Princess Mae Dela Cruz,109238470426,Grade 10,Grade 10 - St. Thomas Aquinas,+63 919 265 563,Pre-Provisioned (Password Change Required Upon 1st Login)
parent,Mr. Nestor Ramos,Father,parent.109238470427@parent.sapc.edu.ph,SAPC@P0427!,Kyle Ramos,109238470427,Grade 10,Grade 10 - St. Ignatius,+63 919 266 900,Pre-Provisioned (Password Change Required Upon 1st Login)
parent,Mrs. Shirley Cruz,Mother,parent.109238470428@parent.sapc.edu.ph,SAPC@P0428!,Patricia Cruz,109238470428,Grade 10,Grade 10 - St. Ignatius,+63 919 268 237,Pre-Provisioned (Password Change Required Upon 1st Login)
parent,Mr. Jaime Flores,Father,parent.109238470429@parent.sapc.edu.ph,SAPC@P0429!,Christian Flores,109238470429,Grade 10,Grade 10 - St. Vincent de Paul,+63 919 269 574,Pre-Provisioned (Password Change Required Upon 1st Login)
parent,Mrs. Jennifer Garcia,Mother,parent.109238470430@parent.sapc.edu.ph,SAPC@P0430!,Rafael Garcia,109238470430,Grade 10,Grade 10 - St. Augustine,+63 919 270 911,Pre-Provisioned (Password Change Required Upon 1st Login)
parent,Mr. Cesar Aquino,Father,parent.109238470431@parent.sapc.edu.ph,SAPC@P0431!,Carlos Aquino,109238470431,Grade 10,Grade 10 - St. Thomas Aquinas,+63 919 272 248,Pre-Provisioned (Password Change Required Upon 1st Login)
parent,Mrs. Grace Castillo,Mother,parent.109238470432@parent.sapc.edu.ph,SAPC@P0432!,Clare Castillo,109238470432,Grade 10,Grade 10 - St. Thomas Aquinas,+63 919 273 585,Pre-Provisioned (Password Change Required Upon 1st Login)
parent,Mr. Arnel Gonzales,Father,parent.109238470433@parent.sapc.edu.ph,SAPC@P0433!,Maria Clara Gonzales,109238470433,Grade 10,Grade 10 - St. Augustine,+63 919 274 922,Pre-Provisioned (Password Change Required Upon 1st Login)
parent,Mrs. Gina Navarro,Mother,parent.109238470434@parent.sapc.edu.ph,SAPC@P0434!,Bea Navarro,109238470434,Grade 10,Grade 10 - St. Ignatius,+63 919 276 259,Pre-Provisioned (Password Change Required Upon 1st Login)
parent,Mr. Roberto Villanueva,Father,parent.109238470435@parent.sapc.edu.ph,SAPC@P0435!,Dominic Villanueva,109238470435,Grade 10,Grade 10 - St. Thomas Aquinas,+63 919 277 596,Pre-Provisioned (Password Change Required Upon 1st Login)
parent,Mrs. Teresa Garcia,Mother,parent.109238470436@parent.sapc.edu.ph,SAPC@P0436!,Mariel Garcia,109238470436,Grade 10,Grade 10 - St. Vincent de Paul,+63 919 278 933,Pre-Provisioned (Password Change Required Upon 1st Login)
parent,Mr. Edgardo San Jose,Father,parent.109238470437@parent.sapc.edu.ph,SAPC@P0437!,Gabriel San Jose,109238470437,Grade 10,Grade 10 - St. Augustine,+63 919 280 270,Pre-Provisioned (Password Change Required Upon 1st Login)
parent,Mrs. Corazon San Jose,Mother,parent.109238470438@parent.sapc.edu.ph,SAPC@P0438!,Nicole San Jose,109238470438,Grade 10,Grade 10 - St. Ignatius,+63 919 281 607,Pre-Provisioned (Password Change Required Upon 1st Login)
parent,Mr. Rolando Tolentino,Father,parent.109238470439@parent.sapc.edu.ph,SAPC@P0439!,Elijah Tolentino,109238470439,Grade 10,Grade 10 - St. Vincent de Paul,+63 919 282 944,Pre-Provisioned (Password Change Required Upon 1st Login)
parent,Mrs. Rowena Bautista,Mother,parent.109238470440@parent.sapc.edu.ph,SAPC@P0440!,Martin Bautista,109238470440,Grade 10,Grade 10 - St. Thomas Aquinas,+63 919 284 281,Pre-Provisioned (Password Change Required Upon 1st Login)
parent,Mr. Ramon Villanueva,Father,parent.109238470441@parent.sapc.edu.ph,SAPC@P0441!,Patricia Villanueva,109238470441,Grade 10,Grade 10 - St. Thomas Aquinas,+63 919 285 618,Pre-Provisioned (Password Change Required Upon 1st Login)
parent,Mrs. Lorna Pascual,Mother,parent.109238470442@parent.sapc.edu.ph,SAPC@P0442!,Rochelle Pascual,109238470442,Grade 10,Grade 10 - St. Thomas Aquinas,+63 919 286 955,Pre-Provisioned (Password Change Required Upon 1st Login)
parent,Mr. Antonio Lim,Father,parent.109238470443@parent.sapc.edu.ph,SAPC@P0443!,Benedict Lim,109238470443,Grade 10,Grade 10 - St. Ignatius,+63 919 288 292,Pre-Provisioned (Password Change Required Upon 1st Login)
parent,Mrs. Mary Ann Valdez,Mother,parent.109238470444@parent.sapc.edu.ph,SAPC@P0444!,Martin Valdez,109238470444,Grade 10,Grade 10 - St. Augustine,+63 919 289 629,Pre-Provisioned (Password Change Required Upon 1st Login)
parent,Mr. Eduardo Dela Cruz,Father,parent.109238470445@parent.sapc.edu.ph,SAPC@P0445!,Timothy Dela Cruz,109238470445,Grade 10,Grade 10 - St. Vincent de Paul,+63 919 290 966,Pre-Provisioned (Password Change Required Upon 1st Login)
parent,Mrs. Jocelyn Aquino,Mother,parent.109238470446@parent.sapc.edu.ph,SAPC@P0446!,Dominic Aquino,109238470446,Grade 10,Grade 10 - St. Augustine,+63 919 292 303,Pre-Provisioned (Password Change Required Upon 1st Login)
parent,Mr. Wilfredo Navarro,Father,parent.109238470447@parent.sapc.edu.ph,SAPC@P0447!,Lorenzo Navarro,109238470447,Grade 10,Grade 10 - St. Thomas Aquinas,+63 919 293 640,Pre-Provisioned (Password Change Required Upon 1st Login)
parent,Mrs. Elizabeth Santiago,Mother,parent.109238470448@parent.sapc.edu.ph,SAPC@P0448!,Bernadette Santiago,109238470448,Grade 10,Grade 10 - St. Thomas Aquinas,+63 919 294 977,Pre-Provisioned (Password Change Required Upon 1st Login)
parent,Mr. Victor Dizon,Father,parent.109238470449@parent.sapc.edu.ph,SAPC@P0449!,John Carlo Dizon,109238470449,Grade 10,Grade 10 - St. Augustine,+63 919 296 314,Pre-Provisioned (Password Change Required Upon 1st Login)
parent,Mrs. Imelda Navarro,Mother,parent.109238470450@parent.sapc.edu.ph,SAPC@P0450!,Angela Navarro,109238470450,Grade 10,Grade 10 - St. Augustine,+63 919 297 651,Pre-Provisioned (Password Change Required Upon 1st Login)
parent,Mr. Gabriel Castillo,Father,parent.109238470451@parent.sapc.edu.ph,SAPC@P0451!,Alyssa Castillo,109238470451,Grade 10,Grade 10 - St. Vincent de Paul,+63 919 298 988,Pre-Provisioned (Password Change Required Upon 1st Login)
parent,Mrs. Bernadette Ramos,Mother,parent.109238470452@parent.sapc.edu.ph,SAPC@P0452!,Rochelle Ramos,109238470452,Grade 10,Grade 10 - St. Vincent de Paul,+63 919 300 325,Pre-Provisioned (Password Change Required Upon 1st Login)
parent,Mr. Manuel Morales,Father,parent.109238470453@parent.sapc.edu.ph,SAPC@P0453!,Angela Morales,109238470453,Grade 10,Grade 10 - St. Augustine,+63 919 301 662,Pre-Provisioned (Password Change Required Upon 1st Login)
parent,Mrs. Cristina Santos,Mother,parent.109238470454@parent.sapc.edu.ph,SAPC@P0454!,Bernadette Santos,109238470454,Grade 10,Grade 10 - St. Vincent de Paul,+63 919 302 999,Pre-Provisioned (Password Change Required Upon 1st Login)
parent,Mr. Mario De Leon,Father,parent.109238470455@parent.sapc.edu.ph,SAPC@P0455!,Sebastian De Leon,109238470455,Grade 10,Grade 10 - St. Augustine,+63 919 304 336,Pre-Provisioned (Password Change Required Upon 1st Login)
parent,Mrs. Lourdes Mercado,Mother,parent.109238470456@parent.sapc.edu.ph,SAPC@P0456!,Camille Mercado,109238470456,Grade 10,Grade 10 - St. Vincent de Paul,+63 919 305 673,Pre-Provisioned (Password Change Required Upon 1st Login)
parent,Mr. Gerardo Aquino,Father,parent.109238470457@parent.sapc.edu.ph,SAPC@P0457!,Bernadette Aquino,109238470457,Grade 10,Grade 10 - St. Ignatius,+63 919 307 010,Pre-Provisioned (Password Change Required Upon 1st Login)
parent,Mrs. Elena Navarro,Mother,parent.109238470458@parent.sapc.edu.ph,SAPC@P0458!,Diego Navarro,109238470458,Grade 10,Grade 10 - St. Augustine,+63 919 308 347,Pre-Provisioned (Password Change Required Upon 1st Login)
parent,Mr. Ernesto Castro,Father,parent.109238470459@parent.sapc.edu.ph,SAPC@P0459!,Kyle Castro,109238470459,Grade 10,Grade 10 - St. Thomas Aquinas,+63 919 309 684,Pre-Provisioned (Password Change Required Upon 1st Login)
parent,Mrs. Maricel Dizon,Mother,parent.109238470460@parent.sapc.edu.ph,SAPC@P0460!,Carlos Dizon,109238470460,Grade 10,Grade 10 - St. Thomas Aquinas,+63 919 311 021,Pre-Provisioned (Password Change Required Upon 1st Login)
parent,Mr. Ferdinand Dimaculangan,Father,parent.109238470461@parent.sapc.edu.ph,SAPC@P0461!,Gabriel Dimaculangan,109238470461,Grade 10,Grade 10 - St. Thomas Aquinas,+63 919 312 358,Pre-Provisioned (Password Change Required Upon 1st Login)
parent,Mrs. Carmela Corpuz,Mother,parent.109238470462@parent.sapc.edu.ph,SAPC@P0462!,Kyle Corpuz,109238470462,Grade 10,Grade 10 - St. Augustine,+63 919 313 695,Pre-Provisioned (Password Change Required Upon 1st Login)
parent,Mr. Carlos Manalo,Father,parent.109238470463@parent.sapc.edu.ph,SAPC@P0463!,Therese Manalo,109238470463,Grade 10,Grade 10 - St. Augustine,+63 919 315 032,Pre-Provisioned (Password Change Required Upon 1st Login)
parent,Mrs. Rosalinda Reyes,Mother,parent.109238470464@parent.sapc.edu.ph,SAPC@P0464!,Jose Reyes,109238470464,Grade 10,Grade 10 - St. Thomas Aquinas,+63 919 316 369,Pre-Provisioned (Password Change Required Upon 1st Login)
parent,Mr. Danilo Navarro,Father,parent.109238470465@parent.sapc.edu.ph,SAPC@P0465!,Jasmine Navarro,109238470465,Grade 10,Grade 10 - St. Vincent de Paul,+63 919 317 706,Pre-Provisioned (Password Change Required Upon 1st Login)
parent,Mrs. Josephine Garcia,Mother,parent.109238470466@parent.sapc.edu.ph,SAPC@P0466!,Mark Garcia,109238470466,Grade 10,Grade 10 - St. Ignatius,+63 919 319 043,Pre-Provisioned (Password Change Required Upon 1st Login)
parent,Mr. Reynaldo Padilla,Father,parent.109238470467@parent.sapc.edu.ph,SAPC@P0467!,Kathryn Padilla,109238470467,Grade 10,Grade 10 - St. Vincent de Paul,+63 919 320 380,Pre-Provisioned (Password Change Required Upon 1st Login)
parent,Mrs. Remedios Salazar,Mother,parent.109238470468@parent.sapc.edu.ph,SAPC@P0468!,Miguel Salazar,109238470468,Grade 10,Grade 10 - St. Vincent de Paul,+63 919 321 717,Pre-Provisioned (Password Change Required Upon 1st Login)
parent,Mr. Renato Valdez,Father,parent.109238470469@parent.sapc.edu.ph,SAPC@P0469!,Sebastian Valdez,109238470469,Grade 10,Grade 10 - St. Ignatius,+63 919 323 054,Pre-Provisioned (Password Change Required Upon 1st Login)
parent,Mrs. Flordeliza Ocampo,Mother,parent.109238470470@parent.sapc.edu.ph,SAPC@P0470!,Rita Ocampo,109238470470,Grade 10,Grade 10 - St. Vincent de Paul,+63 919 324 391,Pre-Provisioned (Password Change Required Upon 1st Login)
parent,Mr. Rodolfo Castillo,Father,parent.109238470471@parent.sapc.edu.ph,SAPC@P0471!,Angela Castillo,109238470471,Grade 10,Grade 10 - St. Augustine,+63 919 325 728,Pre-Provisioned (Password Change Required Upon 1st Login)
parent,Mrs. Cynthia Mercado,Mother,parent.109238470472@parent.sapc.edu.ph,SAPC@P0472!,Paolo Mercado,109238470472,Grade 10,Grade 10 - St. Vincent de Paul,+63 919 327 065,Pre-Provisioned (Password Change Required Upon 1st Login)
parent,Mr. Nestor Aquino,Father,parent.109238470473@parent.sapc.edu.ph,SAPC@P0473!,Hannah Aquino,109238470473,Grade 10,Grade 10 - St. Thomas Aquinas,+63 919 328 402,Pre-Provisioned (Password Change Required Upon 1st Login)
parent,Mrs. Shirley San Jose,Mother,parent.109238470474@parent.sapc.edu.ph,SAPC@P0474!,Francis San Jose,109238470474,Grade 10,Grade 10 - St. Vincent de Paul,+63 919 329 739,Pre-Provisioned (Password Change Required Upon 1st Login)
parent,Mr. Jaime Aquino,Father,parent.109238470475@parent.sapc.edu.ph,SAPC@P0475!,Clare Aquino,109238470475,Grade 10,Grade 10 - St. Ignatius,+63 919 331 076,Pre-Provisioned (Password Change Required Upon 1st Login)
parent,Mrs. Jennifer Pascual,Mother,parent.109238470476@parent.sapc.edu.ph,SAPC@P0476!,Justin Pascual,109238470476,Grade 10,Grade 10 - St. Thomas Aquinas,+63 919 332 413,Pre-Provisioned (Password Change Required Upon 1st Login)
parent,Mr. Cesar Manalo,Father,parent.109238470477@parent.sapc.edu.ph,SAPC@P0477!,Angelo Manalo,109238470477,Grade 10,Grade 10 - St. Augustine,+63 919 333 750,Pre-Provisioned (Password Change Required Upon 1st Login)
parent,Mrs. Grace Morales,Mother,parent.109238470478@parent.sapc.edu.ph,SAPC@P0478!,Nathan Morales,109238470478,Grade 10,Grade 10 - St. Ignatius,+63 919 335 087,Pre-Provisioned (Password Change Required Upon 1st Login)
parent,Mr. Arnel Navarro,Father,parent.109238470479@parent.sapc.edu.ph,SAPC@P0479!,Rita Navarro,109238470479,Grade 10,Grade 10 - St. Augustine,+63 919 336 424,Pre-Provisioned (Password Change Required Upon 1st Login)
parent,Mrs. Gina Santos,Mother,parent.109238470480@parent.sapc.edu.ph,SAPC@P0480!,Cecilia Santos,109238470480,Grade 10,Grade 10 - St. Thomas Aquinas,+63 919 337 761,Pre-Provisioned (Password Change Required Upon 1st Login)
parent,Mr. Roberto Salazar,Father,parent.109238470481@parent.sapc.edu.ph,SAPC@P0481!,Clarisse Salazar,109238470481,Grade 10,Grade 10 - St. Thomas Aquinas,+63 919 339 098,Pre-Provisioned (Password Change Required Upon 1st Login)
parent,Mrs. Teresa Dimaculangan,Mother,parent.109238470482@parent.sapc.edu.ph,SAPC@P0482!,Kathleen Dimaculangan,109238470482,Grade 10,Grade 10 - St. Vincent de Paul,+63 919 340 435,Pre-Provisioned (Password Change Required Upon 1st Login)
parent,Mr. Edgardo Ocampo,Father,parent.109238470483@parent.sapc.edu.ph,SAPC@P0483!,Christian Ocampo,109238470483,Grade 10,Grade 10 - St. Thomas Aquinas,+63 919 341 772,Pre-Provisioned (Password Change Required Upon 1st Login)
parent,Mrs. Corazon Dimaculangan,Mother,parent.109238470484@parent.sapc.edu.ph,SAPC@P0484!,Janine Dimaculangan,109238470484,Grade 10,Grade 10 - St. Thomas Aquinas,+63 919 343 109,Pre-Provisioned (Password Change Required Upon 1st Login)
parent,Mr. Rolando Navarro,Father,parent.109238470485@parent.sapc.edu.ph,SAPC@P0485!,Ethan Navarro,109238470485,Grade 10,Grade 10 - St. Augustine,+63 919 344 446,Pre-Provisioned (Password Change Required Upon 1st Login)
parent,Mrs. Rowena Pascual,Mother,parent.109238470486@parent.sapc.edu.ph,SAPC@P0486!,Ethan Pascual,109238470486,Grade 10,Grade 10 - St. Augustine,+63 919 345 783,Pre-Provisioned (Password Change Required Upon 1st Login)
parent,Mr. Ramon Bautista,Father,parent.109238470487@parent.sapc.edu.ph,SAPC@P0487!,Rafael Bautista,109238470487,Grade 10,Grade 10 - St. Augustine,+63 919 347 120,Pre-Provisioned (Password Change Required Upon 1st Login)
parent,Mrs. Lorna Padilla,Mother,parent.109238470488@parent.sapc.edu.ph,SAPC@P0488!,Camille Padilla,109238470488,Grade 10,Grade 10 - St. Ignatius,+63 919 348 457,Pre-Provisioned (Password Change Required Upon 1st Login)
parent,Mr. Antonio Lim,Father,parent.109238470489@parent.sapc.edu.ph,SAPC@P0489!,Maria Clara Lim,109238470489,Grade 10,Grade 10 - St. Vincent de Paul,+63 919 349 794,Pre-Provisioned (Password Change Required Upon 1st Login)
parent,Mrs. Mary Ann Mercado,Mother,parent.109238470490@parent.sapc.edu.ph,SAPC@P0490!,Paolo Mercado,109238470490,Grade 10,Grade 10 - St. Ignatius,+63 919 351 131,Pre-Provisioned (Password Change Required Upon 1st Login)
parent,Mr. Eduardo Mendoza,Father,parent.109238470491@parent.sapc.edu.ph,SAPC@P0491!,Anthony Mendoza,109238470491,Grade 10,Grade 10 - St. Augustine,+63 919 352 468,Pre-Provisioned (Password Change Required Upon 1st Login)
parent,Mrs. Jocelyn San Jose,Mother,parent.109238470492@parent.sapc.edu.ph,SAPC@P0492!,Hannah San Jose,109238470492,Grade 10,Grade 10 - St. Thomas Aquinas,+63 919 353 805,Pre-Provisioned (Password Change Required Upon 1st Login)
parent,Mr. Wilfredo Lim,Father,parent.109238470493@parent.sapc.edu.ph,SAPC@P0493!,Joshua Lim,109238470493,Grade 10,Grade 10 - St. Thomas Aquinas,+63 919 355 142,Pre-Provisioned (Password Change Required Upon 1st Login)
parent,Mrs. Elizabeth Soriano,Mother,parent.109238470494@parent.sapc.edu.ph,SAPC@P0494!,Ethan Soriano,109238470494,Grade 10,Grade 10 - St. Thomas Aquinas,+63 919 356 479,Pre-Provisioned (Password Change Required Upon 1st Login)
parent,Mr. Victor Ramos,Father,parent.109238470495@parent.sapc.edu.ph,SAPC@P0495!,Karl Ramos,109238470495,Grade 10,Grade 10 - St. Ignatius,+63 919 357 816,Pre-Provisioned (Password Change Required Upon 1st Login)
parent,Mrs. Imelda Tolentino,Mother,parent.109238470496@parent.sapc.edu.ph,SAPC@P0496!,Jerome Tolentino,109238470496,Grade 10,Grade 10 - St. Ignatius,+63 919 359 153,Pre-Provisioned (Password Change Required Upon 1st Login)
parent,Mr. Gabriel Rivera,Father,parent.109238470497@parent.sapc.edu.ph,SAPC@P0497!,Therese Rivera,109238470497,Grade 10,Grade 10 - St. Augustine,+63 919 360 490,Pre-Provisioned (Password Change Required Upon 1st Login)
parent,Mrs. Bernadette Dimaculangan,Mother,parent.109238470498@parent.sapc.edu.ph,SAPC@P0498!,Hannah Dimaculangan,109238470498,Grade 10,Grade 10 - St. Thomas Aquinas,+63 919 361 827,Pre-Provisioned (Password Change Required Upon 1st Login)
parent,Mr. Manuel Dela Cruz,Father,parent.109238470499@parent.sapc.edu.ph,SAPC@P0499!,Benedict Dela Cruz,109238470499,Grade 10,Grade 10 - St. Thomas Aquinas,+63 919 363 164,Pre-Provisioned (Password Change Required Upon 1st Login)
parent,Mrs. Cristina Garcia,Mother,parent.109238470500@parent.sapc.edu.ph,SAPC@P0500!,Ethan Garcia,109238470500,Grade 10,Grade 10 - St. Thomas Aquinas,+63 919 364 501,Pre-Provisioned (Password Change Required Upon 1st Login)