lrn,student_name,stress_level_1_to_5,primary_stress_trigger,burnout_somatic_symptoms,gad7_anxiety_score,anxiety_severity_level,anxiety_behavioral_manifestation,phq9_depression_score,depression_severity_level,anhedonia_and_withdrawal_flag,emotional_support_feeling,primary_coping_mechanism,coping_adaptiveness,resilience_score_1_to_5,counselor_case_flag,clinical_intake_recommendation
109238475001,"Jerome Santos",4,"Sleep Deprivation & Remediation Burnout","Panic Episodes & Hyperventilation",19,"Severe","Social Withdrawal from Peer Groups",17,"Moderately Severe",true,"Isolated / Disconnected","Avoidance & Withdrawal (Isolating / Skipping Tasks)","Maladaptive / Avoidant",1,true,"Schedule clinical assessment for acute anxiety and somatic distress. Coordinate with guidance counselor and adviser."
109238475002,"Angelo Corpuz",2,"None / Well Adjusted","None",1,"Minimal","None",3,"Minimal / None",false,"Strongly Supported","Problem-Focused (Study Plans / Consultations)","Adaptive / Constructive",4,false,"General wellness maintenance. Continue participation in school clubs and leadership activities."
109238475003,"Samantha Nicole Villanueva",1,"None / Well Adjusted","None",3,"Minimal","None",3,"Minimal / None",false,"Strongly Supported","Creative & Artistic Expression (Music / Sketching)","Adaptive / Constructive",5,false,"Routine annual wellness check-in. Student demonstrates healthy emotional regulation and strong social support."
109238475004,"Althea Gonzales",1,"None / Well Adjusted","None",3,"Minimal","None",4,"Minimal / None",false,"Strongly Supported","Creative & Artistic Expression (Music / Sketching)","Adaptive / Constructive",5,false,"Normal psychological profile; maintain proactive guidance wellness engagement."
109238475005,"Erika Gonzales",5,"Exam & Academic Performance Anxiety","Frequent Tension Headaches & Nausea",19,"Severe","Social Withdrawal from Peer Groups",19,"Moderately Severe",true,"Isolated / Disconnected","Passive Distraction (Excessive Screen Time / Gaming)","Maladaptive / Avoidant",1,true,"Immediate counseling intervention; enroll student in structured study management and emotional resilience coaching."
109238475006,"Lance Dizon",5,"Severe Family Conflict & Parental Separation","Frequent Tension Headaches & Nausea",19,"Severe","Test Panic & Freezing During Exams",23,"Severe",true,"Completely Alone","Avoidance & Withdrawal (Isolating / Skipping Tasks)","Maladaptive / Avoidant",1,true,"Urgent 1-on-1 confidential counseling intake required. Implement academic stress mitigation and parent conference."
109238475007,"Mariel Domingo",1,"None / Well Adjusted","None",4,"Minimal","None",1,"Minimal / None",false,"Strongly Supported","Physical Exercise & Sports","Adaptive / Constructive",5,false,"Routine annual wellness check-in. Student demonstrates healthy emotional regulation and strong social support."
109238475008,"Sofia Manalo",1,"None / Well Adjusted","None",1,"Minimal","None",2,"Minimal / None",false,"Strongly Supported","Creative & Artistic Expression (Music / Sketching)","Adaptive / Constructive",5,false,"General wellness maintenance. Continue participation in school clubs and leadership activities."
109238475009,"Lance Mercado",3,"Math Anxiety & Difficult Subject Fatigue","None",10,"Moderate","Procrastination on Difficult Modules",9,"Mild",true,"Moderately Supported","Physical Exercise & Sports","Neutral / Distraction",3,false,"Recommend school-life balance consultation and peer tutoring support for challenging subjects."
109238475010,"Miguel Mendoza",1,"None / Well Adjusted","None",1,"Minimal","None",2,"Minimal / None",false,"Strongly Supported","Creative & Artistic Expression (Music / Sketching)","Adaptive / Constructive",5,false,"Normal psychological profile; maintain proactive guidance wellness engagement."
109238475011,"Justin Pascual",2,"None / Well Adjusted","None",1,"Minimal","None",4,"Minimal / None",false,"Strongly Supported","Creative & Artistic Expression (Music / Sketching)","Adaptive / Constructive",5,false,"Normal psychological profile; maintain proactive guidance wellness engagement."
109238475012,"Vincent Alcantara",2,"None / Well Adjusted","None",2,"Minimal","None",1,"Minimal / None",false,"Strongly Supported","Problem-Focused (Study Plans / Consultations)","Adaptive / Constructive",4,false,"Normal psychological profile; maintain proactive guidance wellness engagement."
109238475013,"Rafael De Leon",1,"None / Well Adjusted","None",3,"Minimal","None",2,"Minimal / None",false,"Strongly Supported","Social Support (Talking with Friends/Family)","Adaptive / Constructive",5,false,"Routine annual wellness check-in. Student demonstrates healthy emotional regulation and strong social support."
109238475014,"Althea Bautista",1,"None / Well Adjusted","None",3,"Minimal","None",1,"Minimal / None",false,"Strongly Supported","Social Support (Talking with Friends/Family)","Adaptive / Constructive",4,false,"General wellness maintenance. Continue participation in school clubs and leadership activities."
109238475015,"Nicole Padilla",2,"None / Well Adjusted","None",1,"Minimal","None",4,"Minimal / None",false,"Strongly Supported","Social Support (Talking with Friends/Family)","Adaptive / Constructive",4,false,"Routine annual wellness check-in. Student demonstrates healthy emotional regulation and strong social support."
109238475016,"Justin Torres",1,"None / Well Adjusted","None",2,"Minimal","None",4,"Minimal / None",false,"Strongly Supported","Physical Exercise & Sports","Adaptive / Constructive",5,false,"General wellness maintenance. Continue participation in school clubs and leadership activities."
109238475017,"John Carlo Corpuz",4,"Sleep Deprivation & Remediation Burnout","Panic Episodes & Hyperventilation",18,"Severe","Social Withdrawal from Peer Groups",21,"Severe",true,"Isolated / Disconnected","Avoidance & Withdrawal (Isolating / Skipping Tasks)","Maladaptive / Avoidant",1,true,"Immediate counseling intervention; enroll student in structured study management and emotional resilience coaching."
109238475018,"Rochelle Castillo",4,"Severe Family Conflict & Parental Separation","Panic Episodes & Hyperventilation",19,"Severe","School Refusal & Morning Dread",20,"Severe",false,"Isolated / Disconnected","Avoidance & Withdrawal (Isolating / Skipping Tasks)","Maladaptive / Avoidant",2,true,"Immediate counseling intervention; enroll student in structured study management and emotional resilience coaching."
109238475019,"Angelica Reyes",5,"Fear of Academic Failure & Retaining Grade","Chronic Insomnia & Restlessness",16,"Severe","Social Withdrawal from Peer Groups",20,"Severe",false,"Isolated / Disconnected","Emotional Repression / Keeping Feelings Inside","Maladaptive / Avoidant",2,true,"Schedule clinical assessment for acute anxiety and somatic distress. Coordinate with guidance counselor and adviser."
109238475020,"Nicole Ramos",2,"None / Well Adjusted","None",1,"Minimal","None",4,"Minimal / None",false,"Strongly Supported","Creative & Artistic Expression (Music / Sketching)","Adaptive / Constructive",5,false,"Routine annual wellness check-in. Student demonstrates healthy emotional regulation and strong social support."
109238475021,"Kathleen Ocampo",3,"Math Anxiety & Difficult Subject Fatigue","None",7,"Mild","Procrastination on Difficult Modules",10,"Moderate",false,"Moderately Supported","Physical Exercise & Sports","Neutral / Distraction",3,false,"Recommend school-life balance consultation and peer tutoring support for challenging subjects."
109238475022,"Daniel Santos",1,"None / Well Adjusted","None",3,"Minimal","None",1,"Minimal / None",false,"Strongly Supported","Creative & Artistic Expression (Music / Sketching)","Adaptive / Constructive",4,false,"Normal psychological profile; maintain proactive guidance wellness engagement."
109238475023,"Princess Mae Soriano",3,"Peer Relationship & Social Adjustment Strain","Mild Headaches During Review",9,"Mild","Avoidance of Public Presentations",7,"Mild",true,"Moderately Supported","Creative & Artistic Expression (Music / Sketching)","Neutral / Distraction",3,false,"Provide bi-weekly guidance counselor mentoring for time management and test anxiety relief."
109238475024,"Lance Soriano",4,"Financial Insecurity & Tuition Delay Panic","Frequent Tension Headaches & Nausea",21,"Severe","Social Withdrawal from Peer Groups",23,"Severe",true,"Isolated / Disconnected","Emotional Repression / Keeping Feelings Inside","Maladaptive / Avoidant",2,true,"Urgent 1-on-1 confidential counseling intake required. Implement academic stress mitigation and parent conference."
109238475025,"Bianca Santos",1,"None / Well Adjusted","None",2,"Minimal","None",1,"Minimal / None",false,"Strongly Supported","Physical Exercise & Sports","Adaptive / Constructive",5,false,"Normal psychological profile; maintain proactive guidance wellness engagement."
109238475026,"Gabriel Pascual",1,"None / Well Adjusted","None",3,"Minimal","None",4,"Minimal / None",false,"Strongly Supported","Creative & Artistic Expression (Music / Sketching)","Adaptive / Constructive",5,false,"Routine annual wellness check-in. Student demonstrates healthy emotional regulation and strong social support."
109238475027,"Rafael De Leon",4,"Financial Insecurity & Tuition Delay Panic","Chronic Insomnia & Restlessness",21,"Severe","Social Withdrawal from Peer Groups",20,"Severe",true,"Isolated / Disconnected","Passive Distraction (Excessive Screen Time / Gaming)","Maladaptive / Avoidant",2,true,"Schedule clinical assessment for acute anxiety and somatic distress. Coordinate with guidance counselor and adviser."
109238475028,"Nathan Dela Cruz",3,"Midterm Project Deadlines","Mild Headaches During Review",7,"Mild","Classroom Restlessness / Fidgeting",10,"Moderate",false,"Isolated / Disconnected","Emotional Repression / Keeping Feelings Inside","Neutral / Distraction",2,false,"Monitor mood trends via daily check-ins; adviser check-in if attendance slips."
109238475029,"Daniel Pascual",3,"Peer Relationship & Social Adjustment Strain","Occasional Restlessness Before Exams",11,"Moderate","Classroom Restlessness / Fidgeting",7,"Mild",false,"Moderately Supported","Avoidance & Withdrawal (Isolating / Skipping Tasks)","Neutral / Distraction",3,false,"Provide bi-weekly guidance counselor mentoring for time management and test anxiety relief."
109238475030,"Dominic Alcantara",4,"Financial Insecurity & Tuition Delay Panic","Frequent Tension Headaches & Nausea",21,"Severe","Social Withdrawal from Peer Groups",19,"Moderately Severe",true,"Isolated / Disconnected","Passive Distraction (Excessive Screen Time / Gaming)","Maladaptive / Avoidant",1,true,"Prioritize supportive clinical check-in; assess home stress factors and establish safe guidance office open door policy."
109238475031,"Samantha Nicole Gonzales",1,"None / Well Adjusted","None",4,"Minimal","None",4,"Minimal / None",false,"Strongly Supported","Physical Exercise & Sports","Adaptive / Constructive",5,false,"Routine annual wellness check-in. Student demonstrates healthy emotional regulation and strong social support."
109238475032,"Rafael Santos",5,"Exam & Academic Performance Anxiety","Frequent Tension Headaches & Nausea",19,"Severe","Social Withdrawal from Peer Groups",20,"Severe",false,"Isolated / Disconnected","Passive Distraction (Excessive Screen Time / Gaming)","Maladaptive / Avoidant",1,true,"Urgent 1-on-1 confidential counseling intake required. Implement academic stress mitigation and parent conference."
109238475033,"Jasmine San Jose",1,"None / Well Adjusted","None",3,"Minimal","None",3,"Minimal / None",false,"Strongly Supported","Social Support (Talking with Friends/Family)","Adaptive / Constructive",5,false,"General wellness maintenance. Continue participation in school clubs and leadership activities."
109238475034,"Angelo Torres",1,"None / Well Adjusted","None",4,"Minimal","None",4,"Minimal / None",false,"Strongly Supported","Creative & Artistic Expression (Music / Sketching)","Adaptive / Constructive",5,false,"Routine annual wellness check-in. Student demonstrates healthy emotional regulation and strong social support."
109238475035,"Rafael Domingo",3,"Peer Relationship & Social Adjustment Strain","Mild Headaches During Review",9,"Mild","Avoidance of Public Presentations",8,"Mild",true,"Moderately Supported","Creative & Artistic Expression (Music / Sketching)","Neutral / Distraction",3,false,"Provide bi-weekly guidance counselor mentoring for time management and test anxiety relief."
109238475036,"Gabriel Ramos",1,"None / Well Adjusted","None",2,"Minimal","None",1,"Minimal / None",false,"Strongly Supported","Problem-Focused (Study Plans / Consultations)","Adaptive / Constructive",5,false,"General wellness maintenance. Continue participation in school clubs and leadership activities."
109238475037,"Chloe Soriano",2,"None / Well Adjusted","None",4,"Minimal","None",3,"Minimal / None",false,"Strongly Supported","Problem-Focused (Study Plans / Consultations)","Adaptive / Constructive",5,false,"Routine annual wellness check-in. Student demonstrates healthy emotional regulation and strong social support."
109238475038,"Kathleen Ramos",3,"Time Management Between Chores and Studies","None",10,"Moderate","Avoidance of Public Presentations",12,"Moderate",false,"Isolated / Disconnected","Physical Exercise & Sports","Neutral / Distraction",3,true,"Recommend school-life balance consultation and peer tutoring support for challenging subjects."
109238475039,"Adrian Lim",2,"None / Well Adjusted","None",1,"Minimal","None",3,"Minimal / None",false,"Strongly Supported","Social Support (Talking with Friends/Family)","Adaptive / Constructive",5,false,"Normal psychological profile; maintain proactive guidance wellness engagement."
109238475040,"Lucas Lim",1,"None / Well Adjusted","None",2,"Minimal","None",1,"Minimal / None",false,"Strongly Supported","Creative & Artistic Expression (Music / Sketching)","Adaptive / Constructive",4,false,"General wellness maintenance. Continue participation in school clubs and leadership activities."
109238475041,"Denise Torres",1,"None / Well Adjusted","None",3,"Minimal","None",1,"Minimal / None",false,"Strongly Supported","Creative & Artistic Expression (Music / Sketching)","Adaptive / Constructive",5,false,"General wellness maintenance. Continue participation in school clubs and leadership activities."
109238475042,"Andrea Castillo",1,"None / Well Adjusted","None",1,"Minimal","None",3,"Minimal / None",false,"Strongly Supported","Creative & Artistic Expression (Music / Sketching)","Adaptive / Constructive",4,false,"Routine annual wellness check-in. Student demonstrates healthy emotional regulation and strong social support."
109238475043,"Denise Reyes",3,"Parental High Expectation Pressure","None",12,"Moderate","Avoidance of Public Presentations",11,"Moderate",false,"Moderately Supported","Problem-Focused (Study Plans / Consultations)","Adaptive / Constructive",3,true,"Monitor mood trends via daily check-ins; adviser check-in if attendance slips."
109238475044,"Samantha Nicole Valdez",2,"None / Well Adjusted","None",3,"Minimal","None",3,"Minimal / None",false,"Strongly Supported","Creative & Artistic Expression (Music / Sketching)","Adaptive / Constructive",5,false,"Routine annual wellness check-in. Student demonstrates healthy emotional regulation and strong social support."
109238475045,"Vanessa Corpuz",1,"None / Well Adjusted","None",4,"Minimal","None",3,"Minimal / None",false,"Strongly Supported","Social Support (Talking with Friends/Family)","Adaptive / Constructive",5,false,"Normal psychological profile; maintain proactive guidance wellness engagement."
109238475046,"Aaron Ocampo",1,"None / Well Adjusted","None",2,"Minimal","None",1,"Minimal / None",false,"Strongly Supported","Physical Exercise & Sports","Adaptive / Constructive",5,false,"Routine annual wellness check-in. Student demonstrates healthy emotional regulation and strong social support."
109238475047,"Karl De Leon",2,"None / Well Adjusted","None",1,"Minimal","None",3,"Minimal / None",false,"Strongly Supported","Social Support (Talking with Friends/Family)","Adaptive / Constructive",5,false,"Normal psychological profile; maintain proactive guidance wellness engagement."
109238475048,"Angelica Salazar",1,"None / Well Adjusted","None",3,"Minimal","None",4,"Minimal / None",false,"Strongly Supported","Social Support (Talking with Friends/Family)","Adaptive / Constructive",4,false,"Normal psychological profile; maintain proactive guidance wellness engagement."
109238475049,"Vanessa San Jose",5,"Severe Family Conflict & Parental Separation","Panic Episodes & Hyperventilation",18,"Severe","School Refusal & Morning Dread",20,"Severe",false,"Isolated / Disconnected","Emotional Repression / Keeping Feelings Inside","Maladaptive / Avoidant",1,true,"Schedule clinical assessment for acute anxiety and somatic distress. Coordinate with guidance counselor and adviser."
109238475050,"Alyssa Reyes",1,"None / Well Adjusted","None",3,"Minimal","None",3,"Minimal / None",false,"Strongly Supported","Creative & Artistic Expression (Music / Sketching)","Adaptive / Constructive",4,false,"Routine annual wellness check-in. Student demonstrates healthy emotional regulation and strong social support."
109238475051,"Trisha Alcantara",2,"None / Well Adjusted","None",2,"Minimal","None",3,"Minimal / None",false,"Strongly Supported","Creative & Artistic Expression (Music / Sketching)","Adaptive / Constructive",5,false,"Normal psychological profile; maintain proactive guidance wellness engagement."
109238475052,"Bianca Tolentino",3,"Parental High Expectation Pressure","None",9,"Mild","Procrastination on Difficult Modules",12,"Moderate",true,"Moderately Supported","Problem-Focused (Study Plans / Consultations)","Adaptive / Constructive",3,true,"Enroll in Peer Wellness Circle & Midterm Stress Management Workshop. Regular homeroom adviser check-in."
109238475053,"Rafael Castro",3,"Math Anxiety & Difficult Subject Fatigue","None",12,"Moderate","Avoidance of Public Presentations",10,"Moderate",true,"Isolated / Disconnected","Social Support (Talking with Friends/Family)","Adaptive / Constructive",2,true,"Provide bi-weekly guidance counselor mentoring for time management and test anxiety relief."
109238475054,"Vincent Ramos",1,"None / Well Adjusted","None",1,"Minimal","None",1,"Minimal / None",false,"Strongly Supported","Physical Exercise & Sports","Adaptive / Constructive",5,false,"Normal psychological profile; maintain proactive guidance wellness engagement."
109238475055,"Denise Manalo",3,"Midterm Project Deadlines","Afternoon Fatigue Slump",12,"Moderate","Avoidance of Public Presentations",11,"Moderate",false,"Moderately Supported","Social Support (Talking with Friends/Family)","Adaptive / Constructive",3,true,"Enroll in Peer Wellness Circle & Midterm Stress Management Workshop. Regular homeroom adviser check-in."
109238475056,"Karl San Jose",2,"None / Well Adjusted","None",1,"Minimal","None",3,"Minimal / None",false,"Strongly Supported","Social Support (Talking with Friends/Family)","Adaptive / Constructive",5,false,"Normal psychological profile; maintain proactive guidance wellness engagement."
109238475057,"Angelo Alcantara",5,"Sleep Deprivation & Remediation Burnout","Panic Episodes & Hyperventilation",15,"Severe","Social Withdrawal from Peer Groups",23,"Severe",true,"Isolated / Disconnected","Emotional Repression / Keeping Feelings Inside","Maladaptive / Avoidant",2,true,"Urgent 1-on-1 confidential counseling intake required. Implement academic stress mitigation and parent conference."
109238475058,"Patricia San Jose",5,"Exam & Academic Performance Anxiety","Chronic Insomnia & Restlessness",18,"Severe","School Refusal & Morning Dread",15,"Moderately Severe",false,"Isolated / Disconnected","Passive Distraction (Excessive Screen Time / Gaming)","Maladaptive / Avoidant",2,true,"Prioritize supportive clinical check-in; assess home stress factors and establish safe guidance office open door policy."
109238475059,"Kathleen Padilla",1,"None / Well Adjusted","None",2,"Minimal","None",2,"Minimal / None",false,"Strongly Supported","Creative & Artistic Expression (Music / Sketching)","Adaptive / Constructive",5,false,"Normal psychological profile; maintain proactive guidance wellness engagement."
109238475060,"Alyssa Castro",1,"None / Well Adjusted","None",3,"Minimal","None",3,"Minimal / None",false,"Strongly Supported","Physical Exercise & Sports","Adaptive / Constructive",5,false,"Normal psychological profile; maintain proactive guidance wellness engagement."
109238475061,"Lucas Lim",3,"Midterm Project Deadlines","Occasional Restlessness Before Exams",8,"Mild","Classroom Restlessness / Fidgeting",11,"Moderate",false,"Isolated / Disconnected","Passive Distraction (Excessive Screen Time / Gaming)","Neutral / Distraction",2,false,"Recommend school-life balance consultation and peer tutoring support for challenging subjects."
109238475062,"Bianca Villanueva",2,"None / Well Adjusted","None",1,"Minimal","None",4,"Minimal / None",false,"Strongly Supported","Creative & Artistic Expression (Music / Sketching)","Adaptive / Constructive",5,false,"General wellness maintenance. Continue participation in school clubs and leadership activities."
109238475063,"Rafael San Jose",1,"None / Well Adjusted","None",4,"Minimal","None",4,"Minimal / None",false,"Strongly Supported","Problem-Focused (Study Plans / Consultations)","Adaptive / Constructive",5,false,"Routine annual wellness check-in. Student demonstrates healthy emotional regulation and strong social support."
109238475064,"Lucas Pascual",1,"None / Well Adjusted","None",2,"Minimal","None",4,"Minimal / None",false,"Strongly Supported","Problem-Focused (Study Plans / Consultations)","Adaptive / Constructive",5,false,"Normal psychological profile; maintain proactive guidance wellness engagement."
109238475065,"Kyle Bautista",1,"None / Well Adjusted","None",4,"Minimal","None",1,"Minimal / None",false,"Strongly Supported","Problem-Focused (Study Plans / Consultations)","Adaptive / Constructive",5,false,"Normal psychological profile; maintain proactive guidance wellness engagement."
109238475066,"Trisha Castillo",3,"Parental High Expectation Pressure","None",11,"Moderate","Avoidance of Public Presentations",7,"Mild",false,"Moderately Supported","Passive Distraction (Excessive Screen Time / Gaming)","Neutral / Distraction",3,false,"Monitor mood trends via daily check-ins; adviser check-in if attendance slips."
109238475067,"Daniel Padilla",1,"None / Well Adjusted","None",2,"Minimal","None",2,"Minimal / None",false,"Strongly Supported","Problem-Focused (Study Plans / Consultations)","Adaptive / Constructive",4,false,"Routine annual wellness check-in. Student demonstrates healthy emotional regulation and strong social support."
109238475068,"Mariel Tolentino",1,"None / Well Adjusted","None",4,"Minimal","None",2,"Minimal / None",false,"Strongly Supported","Problem-Focused (Study Plans / Consultations)","Adaptive / Constructive",5,false,"Routine annual wellness check-in. Student demonstrates healthy emotional regulation and strong social support."
109238475069,"Jasmine San Jose",1,"None / Well Adjusted","None",4,"Minimal","None",1,"Minimal / None",false,"Strongly Supported","Physical Exercise & Sports","Adaptive / Constructive",5,false,"Normal psychological profile; maintain proactive guidance wellness engagement."
109238475070,"Danielle Garcia",2,"None / Well Adjusted","None",4,"Minimal","None",4,"Minimal / None",false,"Strongly Supported","Physical Exercise & Sports","Adaptive / Constructive",4,false,"Routine annual wellness check-in. Student demonstrates healthy emotional regulation and strong social support."
109238475071,"Andrea Mercado",3,"Time Management Between Chores and Studies","Occasional Restlessness Before Exams",9,"Mild","Procrastination on Difficult Modules",11,"Moderate",true,"Moderately Supported","Avoidance & Withdrawal (Isolating / Skipping Tasks)","Neutral / Distraction",3,false,"Enroll in Peer Wellness Circle & Midterm Stress Management Workshop. Regular homeroom adviser check-in."
109238475072,"Kathleen Castro",4,"Financial Insecurity & Tuition Delay Panic","Chronic Insomnia & Restlessness",16,"Severe","School Refusal & Morning Dread",20,"Severe",true,"Isolated / Disconnected","Avoidance & Withdrawal (Isolating / Skipping Tasks)","Maladaptive / Avoidant",2,true,"Schedule clinical assessment for acute anxiety and somatic distress. Coordinate with guidance counselor and adviser."
109238475073,"Vincent Valdez",1,"None / Well Adjusted","None",3,"Minimal","None",4,"Minimal / None",false,"Strongly Supported","Social Support (Talking with Friends/Family)","Adaptive / Constructive",4,false,"Routine annual wellness check-in. Student demonstrates healthy emotional regulation and strong social support."
109238475074,"Camille Alcantara",1,"None / Well Adjusted","None",1,"Minimal","None",2,"Minimal / None",false,"Strongly Supported","Creative & Artistic Expression (Music / Sketching)","Adaptive / Constructive",5,false,"Normal psychological profile; maintain proactive guidance wellness engagement."
109238475075,"Kathleen Lim",1,"None / Well Adjusted","None",3,"Minimal","None",3,"Minimal / None",false,"Strongly Supported","Problem-Focused (Study Plans / Consultations)","Adaptive / Constructive",5,false,"Normal psychological profile; maintain proactive guidance wellness engagement."
109238475076,"Matthew Santiago",3,"Time Management Between Chores and Studies","None",8,"Mild","Avoidance of Public Presentations",9,"Mild",false,"Isolated / Disconnected","Passive Distraction (Excessive Screen Time / Gaming)","Neutral / Distraction",3,false,"Provide bi-weekly guidance counselor mentoring for time management and test anxiety relief."
109238475077,"Joshua Pascual",1,"None / Well Adjusted","None",1,"Minimal","None",4,"Minimal / None",false,"Strongly Supported","Physical Exercise & Sports","Adaptive / Constructive",5,false,"Routine annual wellness check-in. Student demonstrates healthy emotional regulation and strong social support."
109238475078,"Lance Garcia",1,"None / Well Adjusted","None",4,"Minimal","None",1,"Minimal / None",false,"Strongly Supported","Problem-Focused (Study Plans / Consultations)","Adaptive / Constructive",5,false,"General wellness maintenance. Continue participation in school clubs and leadership activities."
109238475079,"Mark Kenneth Villanueva",1,"None / Well Adjusted","None",2,"Minimal","None",2,"Minimal / None",false,"Strongly Supported","Creative & Artistic Expression (Music / Sketching)","Adaptive / Constructive",5,false,"General wellness maintenance. Continue participation in school clubs and leadership activities."
109238475080,"Rafael De Leon",1,"None / Well Adjusted","None",2,"Minimal","None",3,"Minimal / None",false,"Strongly Supported","Physical Exercise & Sports","Adaptive / Constructive",4,false,"Normal psychological profile; maintain proactive guidance wellness engagement."
109238475081,"Vincent Villanueva",1,"None / Well Adjusted","None",2,"Minimal","None",2,"Minimal / None",false,"Strongly Supported","Physical Exercise & Sports","Adaptive / Constructive",5,false,"General wellness maintenance. Continue participation in school clubs and leadership activities."
109238475082,"Denise Corpuz",3,"Peer Relationship & Social Adjustment Strain","None",10,"Moderate","Procrastination on Difficult Modules",9,"Mild",true,"Moderately Supported","Passive Distraction (Excessive Screen Time / Gaming)","Neutral / Distraction",3,false,"Provide bi-weekly guidance counselor mentoring for time management and test anxiety relief."
109238475083,"Camille Corpuz",3,"Midterm Project Deadlines","Mild Headaches During Review",7,"Mild","Avoidance of Public Presentations",7,"Mild",true,"Isolated / Disconnected","Problem-Focused (Study Plans / Consultations)","Adaptive / Constructive",3,false,"Recommend school-life balance consultation and peer tutoring support for challenging subjects."
109238475084,"Althea Reyes",4,"Financial Insecurity & Tuition Delay Panic","Frequent Tension Headaches & Nausea",14,"Moderate","School Refusal & Morning Dread",21,"Severe",true,"Isolated / Disconnected","Avoidance & Withdrawal (Isolating / Skipping Tasks)","Maladaptive / Avoidant",2,true,"Immediate counseling intervention; enroll student in structured study management and emotional resilience coaching."
109238475085,"Karl Corpuz",3,"Midterm Project Deadlines","Mild Headaches During Review",10,"Moderate","Procrastination on Difficult Modules",10,"Moderate",true,"Moderately Supported","Problem-Focused (Study Plans / Consultations)","Adaptive / Constructive",2,false,"Recommend school-life balance consultation and peer tutoring support for challenging subjects."
109238475086,"Samantha Nicole Soriano",1,"None / Well Adjusted","None",2,"Minimal","None",3,"Minimal / None",false,"Strongly Supported","Social Support (Talking with Friends/Family)","Adaptive / Constructive",5,false,"Normal psychological profile; maintain proactive guidance wellness engagement."
109238475087,"Princess Mae Reyes",2,"None / Well Adjusted","None",4,"Minimal","None",1,"Minimal / None",false,"Strongly Supported","Problem-Focused (Study Plans / Consultations)","Adaptive / Constructive",5,false,"Routine annual wellness check-in. Student demonstrates healthy emotional regulation and strong social support."
109238475088,"Alyssa Ramos",4,"Fear of Academic Failure & Retaining Grade","Chronic Insomnia & Restlessness",17,"Severe","Test Panic & Freezing During Exams",23,"Severe",true,"Completely Alone","Emotional Repression / Keeping Feelings Inside","Maladaptive / Avoidant",2,true,"Prioritize supportive clinical check-in; assess home stress factors and establish safe guidance office open door policy."
109238475089,"Vanessa Pascual",3,"Math Anxiety & Difficult Subject Fatigue","Occasional Restlessness Before Exams",8,"Mild","Avoidance of Public Presentations",11,"Moderate",true,"Isolated / Disconnected","Creative & Artistic Expression (Music / Sketching)","Neutral / Distraction",2,false,"Monitor mood trends via daily check-ins; adviser check-in if attendance slips."
109238475090,"Patricia San Jose",1,"None / Well Adjusted","None",4,"Minimal","None",1,"Minimal / None",false,"Strongly Supported","Problem-Focused (Study Plans / Consultations)","Adaptive / Constructive",4,false,"General wellness maintenance. Continue participation in school clubs and leadership activities."
109238475091,"John Carlo Reyes",4,"Fear of Academic Failure & Retaining Grade","Frequent Tension Headaches & Nausea",19,"Severe","School Refusal & Morning Dread",15,"Moderately Severe",true,"Isolated / Disconnected","Avoidance & Withdrawal (Isolating / Skipping Tasks)","Maladaptive / Avoidant",2,true,"Immediate counseling intervention; enroll student in structured study management and emotional resilience coaching."
109238475092,"Ethan Manalo",3,"Midterm Project Deadlines","None",12,"Moderate","Avoidance of Public Presentations",10,"Moderate",false,"Isolated / Disconnected","Passive Distraction (Excessive Screen Time / Gaming)","Neutral / Distraction",2,true,"Enroll in Peer Wellness Circle & Midterm Stress Management Workshop. Regular homeroom adviser check-in."
109238475093,"Alyssa Tolentino",3,"Time Management Between Chores and Studies","Mild Headaches During Review",9,"Mild","Classroom Restlessness / Fidgeting",8,"Mild",true,"Moderately Supported","Avoidance & Withdrawal (Isolating / Skipping Tasks)","Neutral / Distraction",2,false,"Recommend school-life balance consultation and peer tutoring support for challenging subjects."
109238475094,"Aaron Navarro",3,"Peer Relationship & Social Adjustment Strain","Occasional Restlessness Before Exams",9,"Mild","Avoidance of Public Presentations",8,"Mild",false,"Isolated / Disconnected","Creative & Artistic Expression (Music / Sketching)","Neutral / Distraction",2,false,"Enroll in Peer Wellness Circle & Midterm Stress Management Workshop. Regular homeroom adviser check-in."
109238475095,"Lance Tan",1,"None / Well Adjusted","None",4,"Minimal","None",4,"Minimal / None",false,"Strongly Supported","Creative & Artistic Expression (Music / Sketching)","Adaptive / Constructive",4,false,"Routine annual wellness check-in. Student demonstrates healthy emotional regulation and strong social support."
109238475096,"Angelica Flores",1,"None / Well Adjusted","None",2,"Minimal","None",3,"Minimal / None",false,"Strongly Supported","Social Support (Talking with Friends/Family)","Adaptive / Constructive",5,false,"Routine annual wellness check-in. Student demonstrates healthy emotional regulation and strong social support."
109238475097,"Bianca Castro",4,"Exam & Academic Performance Anxiety","Panic Episodes & Hyperventilation",21,"Severe","Test Panic & Freezing During Exams",22,"Severe",true,"Isolated / Disconnected","Avoidance & Withdrawal (Isolating / Skipping Tasks)","Maladaptive / Avoidant",2,true,"Urgent 1-on-1 confidential counseling intake required. Implement academic stress mitigation and parent conference."
109238475098,"Sofia Dizon",2,"None / Well Adjusted","None",2,"Minimal","None",2,"Minimal / None",false,"Strongly Supported","Creative & Artistic Expression (Music / Sketching)","Adaptive / Constructive",5,false,"General wellness maintenance. Continue participation in school clubs and leadership activities."
109238475099,"Gabriel Soriano",5,"Fear of Academic Failure & Retaining Grade","Frequent Tension Headaches & Nausea",21,"Severe","School Refusal & Morning Dread",22,"Severe",true,"Completely Alone","Avoidance & Withdrawal (Isolating / Skipping Tasks)","Maladaptive / Avoidant",1,true,"Urgent 1-on-1 confidential counseling intake required. Implement academic stress mitigation and parent conference."
109238475100,"Patricia Tolentino",2,"None / Well Adjusted","None",4,"Minimal","None",2,"Minimal / None",false,"Strongly Supported","Social Support (Talking with Friends/Family)","Adaptive / Constructive",5,false,"Routine annual wellness check-in. Student demonstrates healthy emotional regulation and strong social support."
109238475101,"Jerome Castillo",2,"None / Well Adjusted","None",3,"Minimal","None",1,"Minimal / None",false,"Strongly Supported","Creative & Artistic Expression (Music / Sketching)","Adaptive / Constructive",5,false,"Routine annual wellness check-in. Student demonstrates healthy emotional regulation and strong social support."
109238475102,"Ralph Villanueva",1,"None / Well Adjusted","None",1,"Minimal","None",1,"Minimal / None",false,"Strongly Supported","Problem-Focused (Study Plans / Consultations)","Adaptive / Constructive",4,false,"General wellness maintenance. Continue participation in school clubs and leadership activities."
109238475103,"Princess Mae Soriano",3,"Peer Relationship & Social Adjustment Strain","None",8,"Mild","Classroom Restlessness / Fidgeting",9,"Mild",false,"Moderately Supported","Emotional Repression / Keeping Feelings Inside","Neutral / Distraction",2,false,"Provide bi-weekly guidance counselor mentoring for time management and test anxiety relief."
109238475104,"Vincent Torres",1,"None / Well Adjusted","None",3,"Minimal","None",1,"Minimal / None",false,"Strongly Supported","Creative & Artistic Expression (Music / Sketching)","Adaptive / Constructive",5,false,"General wellness maintenance. Continue participation in school clubs and leadership activities."
109238475105,"Francis Castillo",3,"Math Anxiety & Difficult Subject Fatigue","None",10,"Moderate","Avoidance of Public Presentations",9,"Mild",false,"Moderately Supported","Avoidance & Withdrawal (Isolating / Skipping Tasks)","Neutral / Distraction",2,false,"Enroll in Peer Wellness Circle & Midterm Stress Management Workshop. Regular homeroom adviser check-in."
109238475106,"Chloe Corpuz",1,"None / Well Adjusted","None",4,"Minimal","None",3,"Minimal / None",false,"Strongly Supported","Problem-Focused (Study Plans / Consultations)","Adaptive / Constructive",5,false,"Normal psychological profile; maintain proactive guidance wellness engagement."
109238475107,"Bianca Castillo",1,"None / Well Adjusted","None",3,"Minimal","None",4,"Minimal / None",false,"Strongly Supported","Social Support (Talking with Friends/Family)","Adaptive / Constructive",5,false,"Routine annual wellness check-in. Student demonstrates healthy emotional regulation and strong social support."
109238475108,"Ethan Ramos",1,"None / Well Adjusted","None",2,"Minimal","None",2,"Minimal / None",false,"Strongly Supported","Problem-Focused (Study Plans / Consultations)","Adaptive / Constructive",5,false,"Routine annual wellness check-in. Student demonstrates healthy emotional regulation and strong social support."
109238475109,"Paolo Domingo",2,"None / Well Adjusted","None",1,"Minimal","None",1,"Minimal / None",false,"Strongly Supported","Creative & Artistic Expression (Music / Sketching)","Adaptive / Constructive",5,false,"Normal psychological profile; maintain proactive guidance wellness engagement."
109238475110,"Nathan Gonzales",4,"Severe Family Conflict & Parental Separation","Chronic Insomnia & Restlessness",19,"Severe","Severe Avoidance of Class Recitations",23,"Severe",true,"Isolated / Disconnected","Passive Distraction (Excessive Screen Time / Gaming)","Maladaptive / Avoidant",1,true,"Urgent 1-on-1 confidential counseling intake required. Implement academic stress mitigation and parent conference."
109238475111,"Samantha Nicole Lim",3,"Parental High Expectation Pressure","Afternoon Fatigue Slump",10,"Moderate","Avoidance of Public Presentations",9,"Mild",true,"Moderately Supported","Creative & Artistic Expression (Music / Sketching)","Neutral / Distraction",2,false,"Provide bi-weekly guidance counselor mentoring for time management and test anxiety relief."
109238475112,"Jerome Lim",3,"Math Anxiety & Difficult Subject Fatigue","Afternoon Fatigue Slump",12,"Moderate","Avoidance of Public Presentations",7,"Mild",false,"Isolated / Disconnected","Passive Distraction (Excessive Screen Time / Gaming)","Neutral / Distraction",3,true,"Provide bi-weekly guidance counselor mentoring for time management and test anxiety relief."
109238475113,"Nicole Valdez",3,"Peer Relationship & Social Adjustment Strain","None",12,"Moderate","Classroom Restlessness / Fidgeting",12,"Moderate",false,"Isolated / Disconnected","Problem-Focused (Study Plans / Consultations)","Adaptive / Constructive",3,true,"Recommend school-life balance consultation and peer tutoring support for challenging subjects."
109238475114,"Bea Patricia Corpuz",2,"None / Well Adjusted","None",3,"Minimal","None",4,"Minimal / None",false,"Strongly Supported","Physical Exercise & Sports","Adaptive / Constructive",5,false,"Routine annual wellness check-in. Student demonstrates healthy emotional regulation and strong social support."
109238475115,"Christian Dave Santiago",2,"None / Well Adjusted","None",4,"Minimal","None",3,"Minimal / None",false,"Strongly Supported","Problem-Focused (Study Plans / Consultations)","Adaptive / Constructive",4,false,"General wellness maintenance. Continue participation in school clubs and leadership activities."
109238475116,"Erika Ramos",2,"None / Well Adjusted","None",1,"Minimal","None",1,"Minimal / None",false,"Strongly Supported","Creative & Artistic Expression (Music / Sketching)","Adaptive / Constructive",4,false,"Normal psychological profile; maintain proactive guidance wellness engagement."
109238475117,"Lance Mendoza",1,"None / Well Adjusted","None",4,"Minimal","None",3,"Minimal / None",false,"Strongly Supported","Creative & Artistic Expression (Music / Sketching)","Adaptive / Constructive",5,false,"Normal psychological profile; maintain proactive guidance wellness engagement."
109238475118,"Kathleen Mendoza",1,"None / Well Adjusted","None",3,"Minimal","None",1,"Minimal / None",false,"Strongly Supported","Physical Exercise & Sports","Adaptive / Constructive",5,false,"General wellness maintenance. Continue participation in school clubs and leadership activities."
109238475119,"John Carlo Castillo",1,"None / Well Adjusted","None",4,"Minimal","None",1,"Minimal / None",false,"Strongly Supported","Physical Exercise & Sports","Adaptive / Constructive",4,false,"General wellness maintenance. Continue participation in school clubs and leadership activities."
109238475120,"Hannah Tolentino",1,"None / Well Adjusted","None",4,"Minimal","None",3,"Minimal / None",false,"Strongly Supported","Social Support (Talking with Friends/Family)","Adaptive / Constructive",4,false,"Normal psychological profile; maintain proactive guidance wellness engagement."
109238475121,"Sofia Ocampo",1,"None / Well Adjusted","None",4,"Minimal","None",1,"Minimal / None",false,"Strongly Supported","Problem-Focused (Study Plans / Consultations)","Adaptive / Constructive",4,false,"Routine annual wellness check-in. Student demonstrates healthy emotional regulation and strong social support."
109238475122,"Bianca Pascual",1,"None / Well Adjusted","None",3,"Minimal","None",3,"Minimal / None",false,"Strongly Supported","Creative & Artistic Expression (Music / Sketching)","Adaptive / Constructive",5,false,"General wellness maintenance. Continue participation in school clubs and leadership activities."
109238475123,"Nicole Santos",1,"None / Well Adjusted","None",2,"Minimal","None",2,"Minimal / None",false,"Strongly Supported","Social Support (Talking with Friends/Family)","Adaptive / Constructive",4,false,"Routine annual wellness check-in. Student demonstrates healthy emotional regulation and strong social support."
109238475124,"Jasmine Manalo",1,"None / Well Adjusted","None",2,"Minimal","None",3,"Minimal / None",false,"Strongly Supported","Social Support (Talking with Friends/Family)","Adaptive / Constructive",5,false,"Normal psychological profile; maintain proactive guidance wellness engagement."
109238475125,"Cedric Villanueva",1,"None / Well Adjusted","None",3,"Minimal","None",1,"Minimal / None",false,"Strongly Supported","Social Support (Talking with Friends/Family)","Adaptive / Constructive",5,false,"Routine annual wellness check-in. Student demonstrates healthy emotional regulation and strong social support."
109238475126,"Jerome Corpuz",1,"None / Well Adjusted","None",2,"Minimal","None",2,"Minimal / None",false,"Strongly Supported","Problem-Focused (Study Plans / Consultations)","Adaptive / Constructive",5,false,"Routine annual wellness check-in. Student demonstrates healthy emotional regulation and strong social support."
109238475127,"Jerome Salazar",3,"Math Anxiety & Difficult Subject Fatigue","Occasional Restlessness Before Exams",12,"Moderate","Avoidance of Public Presentations",9,"Mild",false,"Isolated / Disconnected","Social Support (Talking with Friends/Family)","Adaptive / Constructive",3,true,"Enroll in Peer Wellness Circle & Midterm Stress Management Workshop. Regular homeroom adviser check-in."
109238475128,"Erika Villanueva",1,"None / Well Adjusted","None",1,"Minimal","None",3,"Minimal / None",false,"Strongly Supported","Creative & Artistic Expression (Music / Sketching)","Adaptive / Constructive",5,false,"Normal psychological profile; maintain proactive guidance wellness engagement."
109238475129,"Cedric Santos",1,"None / Well Adjusted","None",3,"Minimal","None",1,"Minimal / None",false,"Strongly Supported","Problem-Focused (Study Plans / Consultations)","Adaptive / Constructive",5,false,"Normal psychological profile; maintain proactive guidance wellness engagement."
109238475130,"Vincent Torres",1,"None / Well Adjusted","None",2,"Minimal","None",4,"Minimal / None",false,"Strongly Supported","Problem-Focused (Study Plans / Consultations)","Adaptive / Constructive",4,false,"Normal psychological profile; maintain proactive guidance wellness engagement."
109238475131,"Mark Kenneth Santiago",2,"None / Well Adjusted","None",4,"Minimal","None",3,"Minimal / None",false,"Strongly Supported","Problem-Focused (Study Plans / Consultations)","Adaptive / Constructive",4,false,"Normal psychological profile; maintain proactive guidance wellness engagement."
109238475132,"Lucas Domingo",2,"None / Well Adjusted","None",4,"Minimal","None",1,"Minimal / None",false,"Strongly Supported","Physical Exercise & Sports","Adaptive / Constructive",5,false,"Routine annual wellness check-in. Student demonstrates healthy emotional regulation and strong social support."
109238475133,"Samantha Nicole Alcantara",1,"None / Well Adjusted","None",1,"Minimal","None",1,"Minimal / None",false,"Strongly Supported","Creative & Artistic Expression (Music / Sketching)","Adaptive / Constructive",5,false,"Routine annual wellness check-in. Student demonstrates healthy emotional regulation and strong social support."
109238475134,"Mark Kenneth Salazar",3,"Peer Relationship & Social Adjustment Strain","Afternoon Fatigue Slump",11,"Moderate","Avoidance of Public Presentations",11,"Moderate",false,"Moderately Supported","Passive Distraction (Excessive Screen Time / Gaming)","Neutral / Distraction",3,false,"Provide bi-weekly guidance counselor mentoring for time management and test anxiety relief."
109238475135,"Miguel Garcia",5,"Severe Family Conflict & Parental Separation","Emotional Exhaustion & Crying Spells",21,"Severe","School Refusal & Morning Dread",16,"Moderately Severe",true,"Completely Alone","Passive Distraction (Excessive Screen Time / Gaming)","Maladaptive / Avoidant",2,true,"Prioritize supportive clinical check-in; assess home stress factors and establish safe guidance office open door policy."
109238475136,"Cedric Santos",3,"Peer Relationship & Social Adjustment Strain","Mild Headaches During Review",11,"Moderate","Procrastination on Difficult Modules",11,"Moderate",true,"Isolated / Disconnected","Social Support (Talking with Friends/Family)","Adaptive / Constructive",3,false,"Enroll in Peer Wellness Circle & Midterm Stress Management Workshop. Regular homeroom adviser check-in."
109238475137,"Chloe Villanueva",3,"Math Anxiety & Difficult Subject Fatigue","Occasional Restlessness Before Exams",8,"Mild","Avoidance of Public Presentations",7,"Mild",false,"Isolated / Disconnected","Avoidance & Withdrawal (Isolating / Skipping Tasks)","Neutral / Distraction",3,false,"Recommend school-life balance consultation and peer tutoring support for challenging subjects."
109238475138,"John Carlo Flores",1,"None / Well Adjusted","None",3,"Minimal","None",1,"Minimal / None",false,"Strongly Supported","Social Support (Talking with Friends/Family)","Adaptive / Constructive",4,false,"Normal psychological profile; maintain proactive guidance wellness engagement."
109238475139,"Shaina Corpuz",3,"Math Anxiety & Difficult Subject Fatigue","Afternoon Fatigue Slump",8,"Mild","Procrastination on Difficult Modules",7,"Mild",false,"Moderately Supported","Avoidance & Withdrawal (Isolating / Skipping Tasks)","Neutral / Distraction",3,false,"Monitor mood trends via daily check-ins; adviser check-in if attendance slips."
109238475140,"Andrea Ramos",2,"None / Well Adjusted","None",2,"Minimal","None",2,"Minimal / None",false,"Strongly Supported","Physical Exercise & Sports","Adaptive / Constructive",4,false,"Normal psychological profile; maintain proactive guidance wellness engagement."
109238475141,"Jerome Castillo",2,"None / Well Adjusted","None",3,"Minimal","None",3,"Minimal / None",false,"Strongly Supported","Problem-Focused (Study Plans / Consultations)","Adaptive / Constructive",4,false,"General wellness maintenance. Continue participation in school clubs and leadership activities."
109238475142,"Denise Soriano",5,"Sleep Deprivation & Remediation Burnout","Frequent Tension Headaches & Nausea",18,"Severe","School Refusal & Morning Dread",23,"Severe",true,"Isolated / Disconnected","Passive Distraction (Excessive Screen Time / Gaming)","Maladaptive / Avoidant",2,true,"Prioritize supportive clinical check-in; assess home stress factors and establish safe guidance office open door policy."
109238475143,"Aaron Tolentino",3,"Math Anxiety & Difficult Subject Fatigue","None",7,"Mild","Classroom Restlessness / Fidgeting",8,"Mild",true,"Moderately Supported","Passive Distraction (Excessive Screen Time / Gaming)","Neutral / Distraction",3,false,"Provide bi-weekly guidance counselor mentoring for time management and test anxiety relief."
109238475144,"Althea Padilla",3,"Math Anxiety & Difficult Subject Fatigue","None",11,"Moderate","Avoidance of Public Presentations",12,"Moderate",true,"Moderately Supported","Social Support (Talking with Friends/Family)","Adaptive / Constructive",2,true,"Recommend school-life balance consultation and peer tutoring support for challenging subjects."
109238475145,"Chloe Mercado",1,"None / Well Adjusted","None",3,"Minimal","None",3,"Minimal / None",false,"Strongly Supported","Social Support (Talking with Friends/Family)","Adaptive / Constructive",5,false,"Normal psychological profile; maintain proactive guidance wellness engagement."
109238475146,"Lucas Soriano",3,"Math Anxiety & Difficult Subject Fatigue","None",12,"Moderate","Avoidance of Public Presentations",10,"Moderate",false,"Isolated / Disconnected","Creative & Artistic Expression (Music / Sketching)","Neutral / Distraction",2,true,"Enroll in Peer Wellness Circle & Midterm Stress Management Workshop. Regular homeroom adviser check-in."
109238475147,"Patricia Alcantara",4,"Sleep Deprivation & Remediation Burnout","Emotional Exhaustion & Crying Spells",15,"Severe","School Refusal & Morning Dread",23,"Severe",false,"Isolated / Disconnected","Passive Distraction (Excessive Screen Time / Gaming)","Maladaptive / Avoidant",1,true,"Schedule clinical assessment for acute anxiety and somatic distress. Coordinate with guidance counselor and adviser."
109238475148,"Mariel Reyes",1,"None / Well Adjusted","None",2,"Minimal","None",1,"Minimal / None",false,"Strongly Supported","Social Support (Talking with Friends/Family)","Adaptive / Constructive",5,false,"General wellness maintenance. Continue participation in school clubs and leadership activities."
109238475149,"Mariel Castro",2,"None / Well Adjusted","None",4,"Minimal","None",4,"Minimal / None",false,"Strongly Supported","Social Support (Talking with Friends/Family)","Adaptive / Constructive",5,false,"General wellness maintenance. Continue participation in school clubs and leadership activities."
109238475150,"Shaina Navarro",5,"Exam & Academic Performance Anxiety","Chronic Insomnia & Restlessness",18,"Severe","Test Panic & Freezing During Exams",20,"Severe",true,"Completely Alone","Avoidance & Withdrawal (Isolating / Skipping Tasks)","Maladaptive / Avoidant",2,true,"Prioritize supportive clinical check-in; assess home stress factors and establish safe guidance office open door policy."
109238475151,"Sofia Dizon",4,"Sleep Deprivation & Remediation Burnout","Frequent Tension Headaches & Nausea",16,"Severe","Severe Avoidance of Class Recitations",17,"Moderately Severe",true,"Isolated / Disconnected","Avoidance & Withdrawal (Isolating / Skipping Tasks)","Maladaptive / Avoidant",1,true,"Urgent 1-on-1 confidential counseling intake required. Implement academic stress mitigation and parent conference."
109238475152,"Adrian Flores",4,"Severe Family Conflict & Parental Separation","Frequent Tension Headaches & Nausea",15,"Severe","Social Withdrawal from Peer Groups",17,"Moderately Severe",true,"Isolated / Disconnected","Avoidance & Withdrawal (Isolating / Skipping Tasks)","Maladaptive / Avoidant",1,true,"Schedule clinical assessment for acute anxiety and somatic distress. Coordinate with guidance counselor and adviser."
109238475153,"Kristine Lim",5,"Sleep Deprivation & Remediation Burnout","Chronic Insomnia & Restlessness",14,"Moderate","School Refusal & Morning Dread",17,"Moderately Severe",true,"Isolated / Disconnected","Avoidance & Withdrawal (Isolating / Skipping Tasks)","Maladaptive / Avoidant",1,true,"Prioritize supportive clinical check-in; assess home stress factors and establish safe guidance office open door policy."
109238475154,"Lance Alcantara",1,"None / Well Adjusted","None",3,"Minimal","None",1,"Minimal / None",false,"Strongly Supported","Social Support (Talking with Friends/Family)","Adaptive / Constructive",5,false,"Routine annual wellness check-in. Student demonstrates healthy emotional regulation and strong social support."
109238475155,"Rochelle Santiago",4,"Sleep Deprivation & Remediation Burnout","Emotional Exhaustion & Crying Spells",16,"Severe","Severe Avoidance of Class Recitations",17,"Moderately Severe",true,"Completely Alone","Passive Distraction (Excessive Screen Time / Gaming)","Maladaptive / Avoidant",1,true,"Immediate counseling intervention; enroll student in structured study management and emotional resilience coaching."
109238475156,"Vanessa Rivera",1,"None / Well Adjusted","None",4,"Minimal","None",4,"Minimal / None",false,"Strongly Supported","Social Support (Talking with Friends/Family)","Adaptive / Constructive",5,false,"Routine annual wellness check-in. Student demonstrates healthy emotional regulation and strong social support."
109238475157,"Chloe Rivera",4,"Severe Family Conflict & Parental Separation","Chronic Insomnia & Restlessness",16,"Severe","Social Withdrawal from Peer Groups",15,"Moderately Severe",false,"Isolated / Disconnected","Emotional Repression / Keeping Feelings Inside","Maladaptive / Avoidant",1,true,"Schedule clinical assessment for acute anxiety and somatic distress. Coordinate with guidance counselor and adviser."
109238475158,"Hannah Ramos",1,"None / Well Adjusted","None",4,"Minimal","None",4,"Minimal / None",false,"Strongly Supported","Problem-Focused (Study Plans / Consultations)","Adaptive / Constructive",4,false,"Normal psychological profile; maintain proactive guidance wellness engagement."
109238475159,"Rafael Corpuz",3,"Parental High Expectation Pressure","None",12,"Moderate","Avoidance of Public Presentations",7,"Mild",true,"Moderately Supported","Creative & Artistic Expression (Music / Sketching)","Neutral / Distraction",3,true,"Provide bi-weekly guidance counselor mentoring for time management and test anxiety relief."
109238475160,"Angelo Santiago",1,"None / Well Adjusted","None",2,"Minimal","None",4,"Minimal / None",false,"Strongly Supported","Physical Exercise & Sports","Adaptive / Constructive",4,false,"General wellness maintenance. Continue participation in school clubs and leadership activities."
109238475161,"Miguel San Jose",4,"Severe Family Conflict & Parental Separation","Chronic Insomnia & Restlessness",16,"Severe","Severe Avoidance of Class Recitations",22,"Severe",true,"Isolated / Disconnected","Avoidance & Withdrawal (Isolating / Skipping Tasks)","Maladaptive / Avoidant",2,true,"Schedule clinical assessment for acute anxiety and somatic distress. Coordinate with guidance counselor and adviser."
109238475162,"Rafael Soriano",2,"None / Well Adjusted","None",4,"Minimal","None",4,"Minimal / None",false,"Strongly Supported","Creative & Artistic Expression (Music / Sketching)","Adaptive / Constructive",4,false,"Routine annual wellness check-in. Student demonstrates healthy emotional regulation and strong social support."
109238475163,"Kyle Dela Cruz",1,"None / Well Adjusted","None",4,"Minimal","None",3,"Minimal / None",false,"Strongly Supported","Problem-Focused (Study Plans / Consultations)","Adaptive / Constructive",4,false,"Normal psychological profile; maintain proactive guidance wellness engagement."
109238475164,"Francis Ramos",1,"None / Well Adjusted","None",3,"Minimal","None",4,"Minimal / None",false,"Strongly Supported","Physical Exercise & Sports","Adaptive / Constructive",5,false,"Routine annual wellness check-in. Student demonstrates healthy emotional regulation and strong social support."
109238475165,"Vanessa Santos",1,"None / Well Adjusted","None",1,"Minimal","None",4,"Minimal / None",false,"Strongly Supported","Problem-Focused (Study Plans / Consultations)","Adaptive / Constructive",5,false,"General wellness maintenance. Continue participation in school clubs and leadership activities."
109238475166,"John Carlo Tan",1,"None / Well Adjusted","None",3,"Minimal","None",1,"Minimal / None",false,"Strongly Supported","Physical Exercise & Sports","Adaptive / Constructive",5,false,"General wellness maintenance. Continue participation in school clubs and leadership activities."
109238475167,"Sofia Santos",1,"None / Well Adjusted","None",1,"Minimal","None",1,"Minimal / None",false,"Strongly Supported","Physical Exercise & Sports","Adaptive / Constructive",5,false,"Normal psychological profile; maintain proactive guidance wellness engagement."
109238475168,"Francis Salazar",1,"None / Well Adjusted","None",4,"Minimal","None",3,"Minimal / None",false,"Strongly Supported","Physical Exercise & Sports","Adaptive / Constructive",5,false,"Normal psychological profile; maintain proactive guidance wellness engagement."
109238475169,"Ralph Garcia",2,"None / Well Adjusted","None",4,"Minimal","None",3,"Minimal / None",false,"Strongly Supported","Physical Exercise & Sports","Adaptive / Constructive",5,false,"General wellness maintenance. Continue participation in school clubs and leadership activities."
109238475170,"Trisha Ocampo",3,"Midterm Project Deadlines","Occasional Restlessness Before Exams",12,"Moderate","Avoidance of Public Presentations",10,"Moderate",false,"Isolated / Disconnected","Avoidance & Withdrawal (Isolating / Skipping Tasks)","Neutral / Distraction",2,true,"Recommend school-life balance consultation and peer tutoring support for challenging subjects."
109238475171,"Camille Ramos",1,"None / Well Adjusted","None",2,"Minimal","None",4,"Minimal / None",false,"Strongly Supported","Creative & Artistic Expression (Music / Sketching)","Adaptive / Constructive",5,false,"Routine annual wellness check-in. Student demonstrates healthy emotional regulation and strong social support."
109238475172,"Cedric Corpuz",1,"None / Well Adjusted","None",1,"Minimal","None",1,"Minimal / None",false,"Strongly Supported","Creative & Artistic Expression (Music / Sketching)","Adaptive / Constructive",5,false,"General wellness maintenance. Continue participation in school clubs and leadership activities."
109238475173,"Shaina Dela Cruz",4,"Fear of Academic Failure & Retaining Grade","Panic Episodes & Hyperventilation",21,"Severe","Test Panic & Freezing During Exams",19,"Moderately Severe",false,"Isolated / Disconnected","Emotional Repression / Keeping Feelings Inside","Maladaptive / Avoidant",2,true,"Prioritize supportive clinical check-in; assess home stress factors and establish safe guidance office open door policy."
109238475174,"Dominic Soriano",1,"None / Well Adjusted","None",2,"Minimal","None",2,"Minimal / None",false,"Strongly Supported","Creative & Artistic Expression (Music / Sketching)","Adaptive / Constructive",5,false,"General wellness maintenance. Continue participation in school clubs and leadership activities."
109238475175,"Rochelle Gonzales",5,"Financial Insecurity & Tuition Delay Panic","Chronic Insomnia & Restlessness",20,"Severe","School Refusal & Morning Dread",23,"Severe",false,"Isolated / Disconnected","Avoidance & Withdrawal (Isolating / Skipping Tasks)","Maladaptive / Avoidant",1,true,"Schedule clinical assessment for acute anxiety and somatic distress. Coordinate with guidance counselor and adviser."
109238475176,"Danielle Santiago",1,"None / Well Adjusted","None",3,"Minimal","None",3,"Minimal / None",false,"Strongly Supported","Social Support (Talking with Friends/Family)","Adaptive / Constructive",5,false,"Normal psychological profile; maintain proactive guidance wellness engagement."
109238475177,"Justin Bautista",4,"Severe Family Conflict & Parental Separation","Panic Episodes & Hyperventilation",21,"Severe","Test Panic & Freezing During Exams",19,"Moderately Severe",true,"Completely Alone","Passive Distraction (Excessive Screen Time / Gaming)","Maladaptive / Avoidant",1,true,"Prioritize supportive clinical check-in; assess home stress factors and establish safe guidance office open door policy."
109238475178,"Hannah Villanueva",1,"None / Well Adjusted","None",3,"Minimal","None",4,"Minimal / None",false,"Strongly Supported","Problem-Focused (Study Plans / Consultations)","Adaptive / Constructive",5,false,"Routine annual wellness check-in. Student demonstrates healthy emotional regulation and strong social support."
109238475179,"Mark Kenneth Salazar",3,"Parental High Expectation Pressure","Occasional Restlessness Before Exams",7,"Mild","Procrastination on Difficult Modules",12,"Moderate",false,"Moderately Supported","Emotional Repression / Keeping Feelings Inside","Neutral / Distraction",3,true,"Recommend school-life balance consultation and peer tutoring support for challenging subjects."
109238475180,"Angelo Bautista",1,"None / Well Adjusted","None",3,"Minimal","None",3,"Minimal / None",false,"Strongly Supported","Physical Exercise & Sports","Adaptive / Constructive",5,false,"Normal psychological profile; maintain proactive guidance wellness engagement."
109238475181,"Gabriel San Jose",1,"None / Well Adjusted","None",4,"Minimal","None",2,"Minimal / None",false,"Strongly Supported","Social Support (Talking with Friends/Family)","Adaptive / Constructive",4,false,"Normal psychological profile; maintain proactive guidance wellness engagement."
109238475182,"Danielle Torres",3,"Time Management Between Chores and Studies","None",10,"Moderate","Procrastination on Difficult Modules",11,"Moderate",false,"Isolated / Disconnected","Physical Exercise & Sports","Neutral / Distraction",3,false,"Monitor mood trends via daily check-ins; adviser check-in if attendance slips."
109238475183,"Vanessa De Leon",1,"None / Well Adjusted","None",4,"Minimal","None",4,"Minimal / None",false,"Strongly Supported","Social Support (Talking with Friends/Family)","Adaptive / Constructive",4,false,"Normal psychological profile; maintain proactive guidance wellness engagement."
109238475184,"Patricia Gonzales",3,"Midterm Project Deadlines","Occasional Restlessness Before Exams",7,"Mild","Classroom Restlessness / Fidgeting",7,"Mild",false,"Moderately Supported","Creative & Artistic Expression (Music / Sketching)","Neutral / Distraction",2,false,"Recommend school-life balance consultation and peer tutoring support for challenging subjects."
109238475185,"Bianca Dizon",4,"Exam & Academic Performance Anxiety","Chronic Insomnia & Restlessness",18,"Severe","Test Panic & Freezing During Exams",18,"Moderately Severe",true,"Isolated / Disconnected","Emotional Repression / Keeping Feelings Inside","Maladaptive / Avoidant",1,true,"Schedule clinical assessment for acute anxiety and somatic distress. Coordinate with guidance counselor and adviser."
109238475186,"Justin Dizon",3,"Midterm Project Deadlines","None",10,"Moderate","Classroom Restlessness / Fidgeting",12,"Moderate",true,"Moderately Supported","Creative & Artistic Expression (Music / Sketching)","Neutral / Distraction",2,true,"Provide bi-weekly guidance counselor mentoring for time management and test anxiety relief."
109238475187,"Adrian Bautista",3,"Math Anxiety & Difficult Subject Fatigue","None",8,"Mild","Classroom Restlessness / Fidgeting",9,"Mild",true,"Moderately Supported","Passive Distraction (Excessive Screen Time / Gaming)","Neutral / Distraction",2,false,"Enroll in Peer Wellness Circle & Midterm Stress Management Workshop. Regular homeroom adviser check-in."
109238475188,"Mariel Gonzales",2,"None / Well Adjusted","None",2,"Minimal","None",1,"Minimal / None",false,"Strongly Supported","Creative & Artistic Expression (Music / Sketching)","Adaptive / Constructive",4,false,"Normal psychological profile; maintain proactive guidance wellness engagement."
109238475189,"Ralph Mercado",2,"None / Well Adjusted","None",3,"Minimal","None",2,"Minimal / None",false,"Strongly Supported","Social Support (Talking with Friends/Family)","Adaptive / Constructive",5,false,"Normal psychological profile; maintain proactive guidance wellness engagement."
109238475190,"Paolo Padilla",1,"None / Well Adjusted","None",4,"Minimal","None",1,"Minimal / None",false,"Strongly Supported","Social Support (Talking with Friends/Family)","Adaptive / Constructive",5,false,"Normal psychological profile; maintain proactive guidance wellness engagement."
109238475191,"Samantha Nicole Valdez",1,"None / Well Adjusted","None",4,"Minimal","None",1,"Minimal / None",false,"Strongly Supported","Creative & Artistic Expression (Music / Sketching)","Adaptive / Constructive",5,false,"Routine annual wellness check-in. Student demonstrates healthy emotional regulation and strong social support."
109238475192,"John Carlo Ocampo",5,"Fear of Academic Failure & Retaining Grade","Chronic Insomnia & Restlessness",20,"Severe","Social Withdrawal from Peer Groups",23,"Severe",false,"Isolated / Disconnected","Emotional Repression / Keeping Feelings Inside","Maladaptive / Avoidant",2,true,"Schedule clinical assessment for acute anxiety and somatic distress. Coordinate with guidance counselor and adviser."
109238475193,"Rafael Padilla",1,"None / Well Adjusted","None",1,"Minimal","None",2,"Minimal / None",false,"Strongly Supported","Problem-Focused (Study Plans / Consultations)","Adaptive / Constructive",5,false,"Routine annual wellness check-in. Student demonstrates healthy emotional regulation and strong social support."
109238475194,"Lance Dizon",3,"Peer Relationship & Social Adjustment Strain","Occasional Restlessness Before Exams",8,"Mild","Avoidance of Public Presentations",9,"Mild",false,"Isolated / Disconnected","Emotional Repression / Keeping Feelings Inside","Neutral / Distraction",3,false,"Recommend school-life balance consultation and peer tutoring support for challenging subjects."
109238475195,"Danielle Villanueva",1,"None / Well Adjusted","None",3,"Minimal","None",3,"Minimal / None",false,"Strongly Supported","Creative & Artistic Expression (Music / Sketching)","Adaptive / Constructive",5,false,"General wellness maintenance. Continue participation in school clubs and leadership activities."
109238475196,"Patricia Castro",2,"None / Well Adjusted","None",4,"Minimal","None",2,"Minimal / None",false,"Strongly Supported","Problem-Focused (Study Plans / Consultations)","Adaptive / Constructive",5,false,"Routine annual wellness check-in. Student demonstrates healthy emotional regulation and strong social support."
109238475197,"Vanessa Garcia",2,"None / Well Adjusted","None",2,"Minimal","None",4,"Minimal / None",false,"Strongly Supported","Problem-Focused (Study Plans / Consultations)","Adaptive / Constructive",4,false,"Routine annual wellness check-in. Student demonstrates healthy emotional regulation and strong social support."
109238475198,"Erika Pascual",2,"None / Well Adjusted","None",3,"Minimal","None",4,"Minimal / None",false,"Strongly Supported","Problem-Focused (Study Plans / Consultations)","Adaptive / Constructive",5,false,"Normal psychological profile; maintain proactive guidance wellness engagement."
109238475199,"Chloe Mendoza",3,"Peer Relationship & Social Adjustment Strain","Mild Headaches During Review",10,"Moderate","Procrastination on Difficult Modules",11,"Moderate",true,"Moderately Supported","Social Support (Talking with Friends/Family)","Adaptive / Constructive",3,false,"Recommend school-life balance consultation and peer tutoring support for challenging subjects."
109238475200,"Kyle De Leon",3,"Midterm Project Deadlines","Occasional Restlessness Before Exams",7,"Mild","Procrastination on Difficult Modules",10,"Moderate",false,"Isolated / Disconnected","Social Support (Talking with Friends/Family)","Adaptive / Constructive",2,false,"Monitor mood trends via daily check-ins; adviser check-in if attendance slips."
109238475201,"Vincent Corpuz",2,"None / Well Adjusted","None",4,"Minimal","None",4,"Minimal / None",false,"Strongly Supported","Social Support (Talking with Friends/Family)","Adaptive / Constructive",5,false,"Normal psychological profile; maintain proactive guidance wellness engagement."
109238475202,"Karl Pascual",3,"Parental High Expectation Pressure","Mild Headaches During Review",11,"Moderate","Avoidance of Public Presentations",9,"Mild",false,"Isolated / Disconnected","Passive Distraction (Excessive Screen Time / Gaming)","Neutral / Distraction",3,false,"Monitor mood trends via daily check-ins; adviser check-in if attendance slips."
109238475203,"Gabriel Castillo",1,"None / Well Adjusted","None",2,"Minimal","None",4,"Minimal / None",false,"Strongly Supported","Physical Exercise & Sports","Adaptive / Constructive",5,false,"Routine annual wellness check-in. Student demonstrates healthy emotional regulation and strong social support."
109238475204,"Nicole De Leon",1,"None / Well Adjusted","None",3,"Minimal","None",3,"Minimal / None",false,"Strongly Supported","Creative & Artistic Expression (Music / Sketching)","Adaptive / Constructive",5,false,"General wellness maintenance. Continue participation in school clubs and leadership activities."
109238475205,"Danielle Dizon",3,"Midterm Project Deadlines","None",7,"Mild","Procrastination on Difficult Modules",9,"Mild",false,"Moderately Supported","Creative & Artistic Expression (Music / Sketching)","Neutral / Distraction",2,false,"Provide bi-weekly guidance counselor mentoring for time management and test anxiety relief."
109238475206,"Kristine Reyes",2,"None / Well Adjusted","None",4,"Minimal","None",1,"Minimal / None",false,"Strongly Supported","Physical Exercise & Sports","Adaptive / Constructive",4,false,"Routine annual wellness check-in. Student demonstrates healthy emotional regulation and strong social support."
109238475207,"Mark Kenneth Navarro",3,"Parental High Expectation Pressure","None",12,"Moderate","Avoidance of Public Presentations",7,"Mild",false,"Isolated / Disconnected","Physical Exercise & Sports","Neutral / Distraction",3,true,"Monitor mood trends via daily check-ins; adviser check-in if attendance slips."
109238475208,"Joshua Corpuz",1,"None / Well Adjusted","None",4,"Minimal","None",4,"Minimal / None",false,"Strongly Supported","Problem-Focused (Study Plans / Consultations)","Adaptive / Constructive",5,false,"Routine annual wellness check-in. Student demonstrates healthy emotional regulation and strong social support."
109238475209,"Nathan Santos",2,"None / Well Adjusted","None",1,"Minimal","None",2,"Minimal / None",false,"Strongly Supported","Physical Exercise & Sports","Adaptive / Constructive",5,false,"Normal psychological profile; maintain proactive guidance wellness engagement."
109238475210,"Angelo Santiago",3,"Peer Relationship & Social Adjustment Strain","Afternoon Fatigue Slump",12,"Moderate","Classroom Restlessness / Fidgeting",11,"Moderate",false,"Moderately Supported","Problem-Focused (Study Plans / Consultations)","Adaptive / Constructive",2,true,"Monitor mood trends via daily check-ins; adviser check-in if attendance slips."
109238475211,"Lucas Villanueva",1,"None / Well Adjusted","None",3,"Minimal","None",4,"Minimal / None",false,"Strongly Supported","Creative & Artistic Expression (Music / Sketching)","Adaptive / Constructive",5,false,"General wellness maintenance. Continue participation in school clubs and leadership activities."
109238475212,"Ethan Domingo",1,"None / Well Adjusted","None",3,"Minimal","None",1,"Minimal / None",false,"Strongly Supported","Problem-Focused (Study Plans / Consultations)","Adaptive / Constructive",4,false,"Normal psychological profile; maintain proactive guidance wellness engagement."
109238475213,"Bea Patricia Dela Cruz",1,"None / Well Adjusted","None",4,"Minimal","None",1,"Minimal / None",false,"Strongly Supported","Creative & Artistic Expression (Music / Sketching)","Adaptive / Constructive",4,false,"Routine annual wellness check-in. Student demonstrates healthy emotional regulation and strong social support."
109238475214,"Kristine Castillo",1,"None / Well Adjusted","None",4,"Minimal","None",4,"Minimal / None",false,"Strongly Supported","Physical Exercise & Sports","Adaptive / Constructive",4,false,"Routine annual wellness check-in. Student demonstrates healthy emotional regulation and strong social support."
109238475215,"Andrea Ramos",3,"Time Management Between Chores and Studies","None",10,"Moderate","Classroom Restlessness / Fidgeting",9,"Mild",false,"Isolated / Disconnected","Passive Distraction (Excessive Screen Time / Gaming)","Neutral / Distraction",2,false,"Provide bi-weekly guidance counselor mentoring for time management and test anxiety relief."
109238475216,"Lance Dela Cruz",1,"None / Well Adjusted","None",1,"Minimal","None",1,"Minimal / None",false,"Strongly Supported","Social Support (Talking with Friends/Family)","Adaptive / Constructive",5,false,"Routine annual wellness check-in. Student demonstrates healthy emotional regulation and strong social support."
109238475217,"Angelica Dela Cruz",3,"Peer Relationship & Social Adjustment Strain","None",8,"Mild","Avoidance of Public Presentations",7,"Mild",true,"Isolated / Disconnected","Passive Distraction (Excessive Screen Time / Gaming)","Neutral / Distraction",3,false,"Recommend school-life balance consultation and peer tutoring support for challenging subjects."
109238475218,"Paolo Reyes",3,"Midterm Project Deadlines","None",12,"Moderate","Avoidance of Public Presentations",12,"Moderate",false,"Moderately Supported","Passive Distraction (Excessive Screen Time / Gaming)","Neutral / Distraction",3,true,"Monitor mood trends via daily check-ins; adviser check-in if attendance slips."
109238475219,"Miguel Mendoza",1,"None / Well Adjusted","None",2,"Minimal","None",1,"Minimal / None",false,"Strongly Supported","Social Support (Talking with Friends/Family)","Adaptive / Constructive",4,false,"Routine annual wellness check-in. Student demonstrates healthy emotional regulation and strong social support."
109238475220,"Bianca Salazar",2,"None / Well Adjusted","None",4,"Minimal","None",4,"Minimal / None",false,"Strongly Supported","Creative & Artistic Expression (Music / Sketching)","Adaptive / Constructive",5,false,"General wellness maintenance. Continue participation in school clubs and leadership activities."
109238475221,"Dominic Santos",5,"Fear of Academic Failure & Retaining Grade","Frequent Tension Headaches & Nausea",17,"Severe","Social Withdrawal from Peer Groups",22,"Severe",true,"Completely Alone","Avoidance & Withdrawal (Isolating / Skipping Tasks)","Maladaptive / Avoidant",1,true,"Schedule clinical assessment for acute anxiety and somatic distress. Coordinate with guidance counselor and adviser."
109238475222,"Francis Castillo",5,"Severe Family Conflict & Parental Separation","Chronic Insomnia & Restlessness",21,"Severe","Social Withdrawal from Peer Groups",22,"Severe",true,"Isolated / Disconnected","Emotional Repression / Keeping Feelings Inside","Maladaptive / Avoidant",1,true,"Prioritize supportive clinical check-in; assess home stress factors and establish safe guidance office open door policy."
109238475223,"Althea Dizon",1,"None / Well Adjusted","None",3,"Minimal","None",3,"Minimal / None",false,"Strongly Supported","Creative & Artistic Expression (Music / Sketching)","Adaptive / Constructive",4,false,"General wellness maintenance. Continue participation in school clubs and leadership activities."
109238475224,"Mariel Aquino",3,"Parental High Expectation Pressure","None",7,"Mild","Procrastination on Difficult Modules",12,"Moderate",true,"Moderately Supported","Creative & Artistic Expression (Music / Sketching)","Neutral / Distraction",3,true,"Recommend school-life balance consultation and peer tutoring support for challenging subjects."
109238475225,"Matthew Ocampo",3,"Peer Relationship & Social Adjustment Strain","None",9,"Mild","Procrastination on Difficult Modules",8,"Mild",false,"Isolated / Disconnected","Physical Exercise & Sports","Neutral / Distraction",3,false,"Recommend school-life balance consultation and peer tutoring support for challenging subjects."
109238475226,"Jerome Domingo",5,"Severe Family Conflict & Parental Separation","Chronic Insomnia & Restlessness",15,"Severe","Test Panic & Freezing During Exams",22,"Severe",true,"Completely Alone","Avoidance & Withdrawal (Isolating / Skipping Tasks)","Maladaptive / Avoidant",1,true,"Urgent 1-on-1 confidential counseling intake required. Implement academic stress mitigation and parent conference."
109238475227,"Joshua Pascual",4,"Sleep Deprivation & Remediation Burnout","Frequent Tension Headaches & Nausea",14,"Moderate","Social Withdrawal from Peer Groups",23,"Severe",false,"Isolated / Disconnected","Emotional Repression / Keeping Feelings Inside","Maladaptive / Avoidant",2,true,"Urgent 1-on-1 confidential counseling intake required. Implement academic stress mitigation and parent conference."
109238475228,"Sean Padilla",2,"None / Well Adjusted","None",3,"Minimal","None",3,"Minimal / None",false,"Strongly Supported","Problem-Focused (Study Plans / Consultations)","Adaptive / Constructive",5,false,"General wellness maintenance. Continue participation in school clubs and leadership activities."
109238475229,"Danielle Ocampo",1,"None / Well Adjusted","None",3,"Minimal","None",4,"Minimal / None",false,"Strongly Supported","Creative & Artistic Expression (Music / Sketching)","Adaptive / Constructive",5,false,"General wellness maintenance. Continue participation in school clubs and leadership activities."
109238475230,"Kristine Mendoza",1,"None / Well Adjusted","None",2,"Minimal","None",2,"Minimal / None",false,"Strongly Supported","Physical Exercise & Sports","Adaptive / Constructive",4,false,"Normal psychological profile; maintain proactive guidance wellness engagement."
109238475231,"Matthew Ramos",1,"None / Well Adjusted","None",4,"Minimal","None",1,"Minimal / None",false,"Strongly Supported","Creative & Artistic Expression (Music / Sketching)","Adaptive / Constructive",5,false,"Routine annual wellness check-in. Student demonstrates healthy emotional regulation and strong social support."
109238475232,"Chloe Salazar",5,"Fear of Academic Failure & Retaining Grade","Emotional Exhaustion & Crying Spells",19,"Severe","Severe Avoidance of Class Recitations",17,"Moderately Severe",true,"Isolated / Disconnected","Avoidance & Withdrawal (Isolating / Skipping Tasks)","Maladaptive / Avoidant",1,true,"Immediate counseling intervention; enroll student in structured study management and emotional resilience coaching."
109238475233,"Daniel Pascual",2,"None / Well Adjusted","None",2,"Minimal","None",3,"Minimal / None",false,"Strongly Supported","Physical Exercise & Sports","Adaptive / Constructive",5,false,"General wellness maintenance. Continue participation in school clubs and leadership activities."
109238475234,"Christian Dave Castillo",1,"None / Well Adjusted","None",3,"Minimal","None",3,"Minimal / None",false,"Strongly Supported","Physical Exercise & Sports","Adaptive / Constructive",5,false,"Routine annual wellness check-in. Student demonstrates healthy emotional regulation and strong social support."
109238475235,"Ethan Castillo",4,"Exam & Academic Performance Anxiety","Emotional Exhaustion & Crying Spells",14,"Moderate","Social Withdrawal from Peer Groups",15,"Moderately Severe",false,"Completely Alone","Avoidance & Withdrawal (Isolating / Skipping Tasks)","Maladaptive / Avoidant",1,true,"Prioritize supportive clinical check-in; assess home stress factors and establish safe guidance office open door policy."
109238475236,"Shaina Rivera",1,"None / Well Adjusted","None",3,"Minimal","None",3,"Minimal / None",false,"Strongly Supported","Problem-Focused (Study Plans / Consultations)","Adaptive / Constructive",5,false,"General wellness maintenance. Continue participation in school clubs and leadership activities."
109238475237,"Cedric Ocampo",3,"Midterm Project Deadlines","Afternoon Fatigue Slump",10,"Moderate","Procrastination on Difficult Modules",10,"Moderate",false,"Moderately Supported","Physical Exercise & Sports","Neutral / Distraction",3,false,"Monitor mood trends via daily check-ins; adviser check-in if attendance slips."
109238475238,"Alexander Pascual",1,"None / Well Adjusted","None",1,"Minimal","None",3,"Minimal / None",false,"Strongly Supported","Creative & Artistic Expression (Music / Sketching)","Adaptive / Constructive",5,false,"Routine annual wellness check-in. Student demonstrates healthy emotional regulation and strong social support."
109238475239,"Erika Padilla",2,"None / Well Adjusted","None",2,"Minimal","None",2,"Minimal / None",false,"Strongly Supported","Creative & Artistic Expression (Music / Sketching)","Adaptive / Constructive",5,false,"Normal psychological profile; maintain proactive guidance wellness engagement."
109238475240,"Erika Pascual",4,"Sleep Deprivation & Remediation Burnout","Panic Episodes & Hyperventilation",21,"Severe","School Refusal & Morning Dread",23,"Severe",true,"Isolated / Disconnected","Avoidance & Withdrawal (Isolating / Skipping Tasks)","Maladaptive / Avoidant",2,true,"Schedule clinical assessment for acute anxiety and somatic distress. Coordinate with guidance counselor and adviser."
109238475241,"Nathan Manalo",1,"None / Well Adjusted","None",4,"Minimal","None",4,"Minimal / None",false,"Strongly Supported","Social Support (Talking with Friends/Family)","Adaptive / Constructive",5,false,"Routine annual wellness check-in. Student demonstrates healthy emotional regulation and strong social support."
109238475242,"Camille Torres",5,"Severe Family Conflict & Parental Separation","Chronic Insomnia & Restlessness",20,"Severe","Test Panic & Freezing During Exams",17,"Moderately Severe",true,"Isolated / Disconnected","Avoidance & Withdrawal (Isolating / Skipping Tasks)","Maladaptive / Avoidant",2,true,"Schedule clinical assessment for acute anxiety and somatic distress. Coordinate with guidance counselor and adviser."
109238475243,"Rochelle Rivera",3,"Time Management Between Chores and Studies","None",9,"Mild","Avoidance of Public Presentations",7,"Mild",false,"Isolated / Disconnected","Problem-Focused (Study Plans / Consultations)","Adaptive / Constructive",2,false,"Recommend school-life balance consultation and peer tutoring support for challenging subjects."
109238475244,"Joshua Villanueva",2,"None / Well Adjusted","None",1,"Minimal","None",4,"Minimal / None",false,"Strongly Supported","Social Support (Talking with Friends/Family)","Adaptive / Constructive",4,false,"Normal psychological profile; maintain proactive guidance wellness engagement."
109238475245,"Joshua Santos",3,"Parental High Expectation Pressure","Occasional Restlessness Before Exams",12,"Moderate","Classroom Restlessness / Fidgeting",10,"Moderate",false,"Moderately Supported","Social Support (Talking with Friends/Family)","Adaptive / Constructive",2,true,"Monitor mood trends via daily check-ins; adviser check-in if attendance slips."
109238475246,"Lucas Bautista",1,"None / Well Adjusted","None",4,"Minimal","None",1,"Minimal / None",false,"Strongly Supported","Creative & Artistic Expression (Music / Sketching)","Adaptive / Constructive",4,false,"Normal psychological profile; maintain proactive guidance wellness engagement."
109238475247,"Kyle Salazar",1,"None / Well Adjusted","None",1,"Minimal","None",3,"Minimal / None",false,"Strongly Supported","Creative & Artistic Expression (Music / Sketching)","Adaptive / Constructive",5,false,"Routine annual wellness check-in. Student demonstrates healthy emotional regulation and strong social support."
109238475248,"Alyssa Santos",1,"None / Well Adjusted","None",3,"Minimal","None",1,"Minimal / None",false,"Strongly Supported","Physical Exercise & Sports","Adaptive / Constructive",5,false,"Routine annual wellness check-in. Student demonstrates healthy emotional regulation and strong social support."
109238475249,"Nathan Garcia",2,"None / Well Adjusted","None",1,"Minimal","None",3,"Minimal / None",false,"Strongly Supported","Physical Exercise & Sports","Adaptive / Constructive",5,false,"General wellness maintenance. Continue participation in school clubs and leadership activities."
109238475250,"Ethan Ramos",2,"None / Well Adjusted","None",4,"Minimal","None",3,"Minimal / None",false,"Strongly Supported","Physical Exercise & Sports","Adaptive / Constructive",5,false,"Routine annual wellness check-in. Student demonstrates healthy emotional regulation and strong social support."
109238475251,"Sean Pascual",1,"None / Well Adjusted","None",3,"Minimal","None",3,"Minimal / None",false,"Strongly Supported","Physical Exercise & Sports","Adaptive / Constructive",5,false,"General wellness maintenance. Continue participation in school clubs and leadership activities."
109238475252,"Daniel Bautista",4,"Severe Family Conflict & Parental Separation","Chronic Insomnia & Restlessness",17,"Severe","Test Panic & Freezing During Exams",18,"Moderately Severe",true,"Isolated / Disconnected","Passive Distraction (Excessive Screen Time / Gaming)","Maladaptive / Avoidant",2,true,"Prioritize supportive clinical check-in; assess home stress factors and establish safe guidance office open door policy."
109238475253,"Lucas Rivera",2,"None / Well Adjusted","None",2,"Minimal","None",2,"Minimal / None",false,"Strongly Supported","Physical Exercise & Sports","Adaptive / Constructive",4,false,"Routine annual wellness check-in. Student demonstrates healthy emotional regulation and strong social support."
109238475254,"Dominic Valdez",1,"None / Well Adjusted","None",2,"Minimal","None",3,"Minimal / None",false,"Strongly Supported","Physical Exercise & Sports","Adaptive / Constructive",5,false,"Routine annual wellness check-in. Student demonstrates healthy emotional regulation and strong social support."
109238475255,"John Carlo Dizon",3,"Math Anxiety & Difficult Subject Fatigue","None",7,"Mild","Avoidance of Public Presentations",7,"Mild",false,"Isolated / Disconnected","Social Support (Talking with Friends/Family)","Adaptive / Constructive",3,false,"Provide bi-weekly guidance counselor mentoring for time management and test anxiety relief."
109238475256,"Danielle Corpuz",1,"None / Well Adjusted","None",4,"Minimal","None",1,"Minimal / None",false,"Strongly Supported","Problem-Focused (Study Plans / Consultations)","Adaptive / Constructive",4,false,"Routine annual wellness check-in. Student demonstrates healthy emotional regulation and strong social support."
109238475257,"Mark Kenneth Corpuz",2,"None / Well Adjusted","None",4,"Minimal","None",2,"Minimal / None",false,"Strongly Supported","Problem-Focused (Study Plans / Consultations)","Adaptive / Constructive",5,false,"Normal psychological profile; maintain proactive guidance wellness engagement."
109238475258,"Mark Kenneth Manalo",2,"None / Well Adjusted","None",1,"Minimal","None",2,"Minimal / None",false,"Strongly Supported","Problem-Focused (Study Plans / Consultations)","Adaptive / Constructive",5,false,"Routine annual wellness check-in. Student demonstrates healthy emotional regulation and strong social support."
109238475259,"Jasmine Garcia",1,"None / Well Adjusted","None",1,"Minimal","None",3,"Minimal / None",false,"Strongly Supported","Physical Exercise & Sports","Adaptive / Constructive",5,false,"Normal psychological profile; maintain proactive guidance wellness engagement."
109238475260,"Erika Flores",1,"None / Well Adjusted","None",1,"Minimal","None",3,"Minimal / None",false,"Strongly Supported","Physical Exercise & Sports","Adaptive / Constructive",5,false,"Normal psychological profile; maintain proactive guidance wellness engagement."
109238475261,"Mark Kenneth Reyes",1,"None / Well Adjusted","None",2,"Minimal","None",4,"Minimal / None",false,"Strongly Supported","Physical Exercise & Sports","Adaptive / Constructive",5,false,"Routine annual wellness check-in. Student demonstrates healthy emotional regulation and strong social support."
109238475262,"Jasmine Santiago",3,"Peer Relationship & Social Adjustment Strain","None",11,"Moderate","Avoidance of Public Presentations",12,"Moderate",false,"Isolated / Disconnected","Problem-Focused (Study Plans / Consultations)","Adaptive / Constructive",3,true,"Enroll in Peer Wellness Circle & Midterm Stress Management Workshop. Regular homeroom adviser check-in."
109238475263,"Patricia Soriano",3,"Math Anxiety & Difficult Subject Fatigue","Afternoon Fatigue Slump",9,"Mild","Avoidance of Public Presentations",12,"Moderate",true,"Moderately Supported","Creative & Artistic Expression (Music / Sketching)","Neutral / Distraction",3,true,"Enroll in Peer Wellness Circle & Midterm Stress Management Workshop. Regular homeroom adviser check-in."
109238475264,"Cedric Mercado",2,"None / Well Adjusted","None",1,"Minimal","None",3,"Minimal / None",false,"Strongly Supported","Physical Exercise & Sports","Adaptive / Constructive",4,false,"Routine annual wellness check-in. Student demonstrates healthy emotional regulation and strong social support."
109238475265,"Sean Rivera",3,"Peer Relationship & Social Adjustment Strain","Mild Headaches During Review",12,"Moderate","Procrastination on Difficult Modules",9,"Mild",true,"Isolated / Disconnected","Avoidance & Withdrawal (Isolating / Skipping Tasks)","Neutral / Distraction",2,true,"Monitor mood trends via daily check-ins; adviser check-in if attendance slips."
109238475266,"Justin Mendoza",2,"None / Well Adjusted","None",4,"Minimal","None",1,"Minimal / None",false,"Strongly Supported","Creative & Artistic Expression (Music / Sketching)","Adaptive / Constructive",5,false,"Normal psychological profile; maintain proactive guidance wellness engagement."
109238475267,"Adrian Dela Cruz",3,"Math Anxiety & Difficult Subject Fatigue","Occasional Restlessness Before Exams",8,"Mild","Procrastination on Difficult Modules",9,"Mild",false,"Isolated / Disconnected","Social Support (Talking with Friends/Family)","Adaptive / Constructive",2,false,"Provide bi-weekly guidance counselor mentoring for time management and test anxiety relief."
109238475268,"Paolo San Jose",3,"Math Anxiety & Difficult Subject Fatigue","None",8,"Mild","Procrastination on Difficult Modules",12,"Moderate",true,"Moderately Supported","Passive Distraction (Excessive Screen Time / Gaming)","Neutral / Distraction",3,true,"Provide bi-weekly guidance counselor mentoring for time management and test anxiety relief."
109238475269,"Denise Valdez",1,"None / Well Adjusted","None",2,"Minimal","None",4,"Minimal / None",false,"Strongly Supported","Physical Exercise & Sports","Adaptive / Constructive",4,false,"Normal psychological profile; maintain proactive guidance wellness engagement."
109238475270,"Erika Bautista",1,"None / Well Adjusted","None",2,"Minimal","None",2,"Minimal / None",false,"Strongly Supported","Social Support (Talking with Friends/Family)","Adaptive / Constructive",5,false,"Routine annual wellness check-in. Student demonstrates healthy emotional regulation and strong social support."
109238475271,"Camille De Leon",2,"None / Well Adjusted","None",2,"Minimal","None",4,"Minimal / None",false,"Strongly Supported","Physical Exercise & Sports","Adaptive / Constructive",4,false,"Routine annual wellness check-in. Student demonstrates healthy emotional regulation and strong social support."
109238475272,"Dominic San Jose",1,"None / Well Adjusted","None",2,"Minimal","None",4,"Minimal / None",false,"Strongly Supported","Physical Exercise & Sports","Adaptive / Constructive",4,false,"Normal psychological profile; maintain proactive guidance wellness engagement."
109238475273,"Erika Valdez",1,"None / Well Adjusted","None",1,"Minimal","None",3,"Minimal / None",false,"Strongly Supported","Social Support (Talking with Friends/Family)","Adaptive / Constructive",4,false,"Routine annual wellness check-in. Student demonstrates healthy emotional regulation and strong social support."
109238475274,"Lucas Castillo",2,"None / Well Adjusted","None",4,"Minimal","None",1,"Minimal / None",false,"Strongly Supported","Physical Exercise & Sports","Adaptive / Constructive",5,false,"General wellness maintenance. Continue participation in school clubs and leadership activities."
109238475275,"Chloe Dizon",1,"None / Well Adjusted","None",3,"Minimal","None",4,"Minimal / None",false,"Strongly Supported","Social Support (Talking with Friends/Family)","Adaptive / Constructive",4,false,"General wellness maintenance. Continue participation in school clubs and leadership activities."
109238475276,"Althea Santiago",4,"Severe Family Conflict & Parental Separation","Emotional Exhaustion & Crying Spells",16,"Severe","School Refusal & Morning Dread",23,"Severe",true,"Isolated / Disconnected","Emotional Repression / Keeping Feelings Inside","Maladaptive / Avoidant",1,true,"Schedule clinical assessment for acute anxiety and somatic distress. Coordinate with guidance counselor and adviser."
109238475277,"John Carlo Castro",1,"None / Well Adjusted","None",1,"Minimal","None",2,"Minimal / None",false,"Strongly Supported","Physical Exercise & Sports","Adaptive / Constructive",5,false,"Routine annual wellness check-in. Student demonstrates healthy emotional regulation and strong social support."
109238475278,"John Carlo Ramos",1,"None / Well Adjusted","None",4,"Minimal","None",2,"Minimal / None",false,"Strongly Supported","Problem-Focused (Study Plans / Consultations)","Adaptive / Constructive",5,false,"General wellness maintenance. Continue participation in school clubs and leadership activities."
109238475279,"Mark Kenneth Lim",3,"Math Anxiety & Difficult Subject Fatigue","None",11,"Moderate","Avoidance of Public Presentations",12,"Moderate",false,"Moderately Supported","Passive Distraction (Excessive Screen Time / Gaming)","Neutral / Distraction",2,true,"Enroll in Peer Wellness Circle & Midterm Stress Management Workshop. Regular homeroom adviser check-in."
109238475280,"Vanessa Gonzales",3,"Midterm Project Deadlines","None",9,"Mild","Procrastination on Difficult Modules",11,"Moderate",false,"Moderately Supported","Problem-Focused (Study Plans / Consultations)","Adaptive / Constructive",2,false,"Enroll in Peer Wellness Circle & Midterm Stress Management Workshop. Regular homeroom adviser check-in."
109238475281,"Daniel Dela Cruz",3,"Time Management Between Chores and Studies","None",11,"Moderate","Procrastination on Difficult Modules",9,"Mild",true,"Isolated / Disconnected","Passive Distraction (Excessive Screen Time / Gaming)","Neutral / Distraction",3,false,"Recommend school-life balance consultation and peer tutoring support for challenging subjects."
109238475282,"Justin Manalo",1,"None / Well Adjusted","None",1,"Minimal","None",1,"Minimal / None",false,"Strongly Supported","Problem-Focused (Study Plans / Consultations)","Adaptive / Constructive",4,false,"Normal psychological profile; maintain proactive guidance wellness engagement."
109238475283,"Kristine Santiago",3,"Time Management Between Chores and Studies","Afternoon Fatigue Slump",11,"Moderate","Avoidance of Public Presentations",8,"Mild",false,"Isolated / Disconnected","Avoidance & Withdrawal (Isolating / Skipping Tasks)","Neutral / Distraction",2,false,"Monitor mood trends via daily check-ins; adviser check-in if attendance slips."
109238475284,"Nathan Padilla",1,"None / Well Adjusted","None",4,"Minimal","None",3,"Minimal / None",false,"Strongly Supported","Problem-Focused (Study Plans / Consultations)","Adaptive / Constructive",5,false,"Routine annual wellness check-in. Student demonstrates healthy emotional regulation and strong social support."
109238475285,"Althea Manalo",1,"None / Well Adjusted","None",3,"Minimal","None",4,"Minimal / None",false,"Strongly Supported","Physical Exercise & Sports","Adaptive / Constructive",4,false,"Normal psychological profile; maintain proactive guidance wellness engagement."
109238475286,"Erika Gonzales",2,"None / Well Adjusted","None",4,"Minimal","None",1,"Minimal / None",false,"Strongly Supported","Problem-Focused (Study Plans / Consultations)","Adaptive / Constructive",4,false,"Normal psychological profile; maintain proactive guidance wellness engagement."
109238475287,"Trisha Valdez",4,"Financial Insecurity & Tuition Delay Panic","Chronic Insomnia & Restlessness",17,"Severe","Severe Avoidance of Class Recitations",15,"Moderately Severe",true,"Completely Alone","Passive Distraction (Excessive Screen Time / Gaming)","Maladaptive / Avoidant",2,true,"Schedule clinical assessment for acute anxiety and somatic distress. Coordinate with guidance counselor and adviser."
109238475288,"Adrian Navarro",2,"None / Well Adjusted","None",3,"Minimal","None",1,"Minimal / None",false,"Strongly Supported","Creative & Artistic Expression (Music / Sketching)","Adaptive / Constructive",5,false,"Routine annual wellness check-in. Student demonstrates healthy emotional regulation and strong social support."
109238475289,"Bianca De Leon",3,"Peer Relationship & Social Adjustment Strain","None",12,"Moderate","Avoidance of Public Presentations",10,"Moderate",false,"Moderately Supported","Problem-Focused (Study Plans / Consultations)","Adaptive / Constructive",3,true,"Provide bi-weekly guidance counselor mentoring for time management and test anxiety relief."
109238475290,"Samantha Nicole Tolentino",3,"Parental High Expectation Pressure","Occasional Restlessness Before Exams",12,"Moderate","Classroom Restlessness / Fidgeting",8,"Mild",false,"Isolated / Disconnected","Social Support (Talking with Friends/Family)","Adaptive / Constructive",3,true,"Monitor mood trends via daily check-ins; adviser check-in if attendance slips."
109238475291,"Jerome Corpuz",1,"None / Well Adjusted","None",1,"Minimal","None",2,"Minimal / None",false,"Strongly Supported","Creative & Artistic Expression (Music / Sketching)","Adaptive / Constructive",4,false,"Normal psychological profile; maintain proactive guidance wellness engagement."
109238475292,"Adrian Rivera",4,"Sleep Deprivation & Remediation Burnout","Panic Episodes & Hyperventilation",19,"Severe","Test Panic & Freezing During Exams",17,"Moderately Severe",false,"Isolated / Disconnected","Avoidance & Withdrawal (Isolating / Skipping Tasks)","Maladaptive / Avoidant",2,true,"Prioritize supportive clinical check-in; assess home stress factors and establish safe guidance office open door policy."
109238475293,"Rochelle Castillo",3,"Time Management Between Chores and Studies","Afternoon Fatigue Slump",12,"Moderate","Procrastination on Difficult Modules",11,"Moderate",false,"Isolated / Disconnected","Problem-Focused (Study Plans / Consultations)","Adaptive / Constructive",2,true,"Provide bi-weekly guidance counselor mentoring for time management and test anxiety relief."
109238475294,"Patricia Flores",1,"None / Well Adjusted","None",2,"Minimal","None",3,"Minimal / None",false,"Strongly Supported","Physical Exercise & Sports","Adaptive / Constructive",4,false,"Normal psychological profile; maintain proactive guidance wellness engagement."
109238475295,"Jasmine Torres",2,"None / Well Adjusted","None",3,"Minimal","None",3,"Minimal / None",false,"Strongly Supported","Problem-Focused (Study Plans / Consultations)","Adaptive / Constructive",5,false,"Routine annual wellness check-in. Student demonstrates healthy emotional regulation and strong social support."
109238475296,"Alexander Bautista",5,"Fear of Academic Failure & Retaining Grade","Emotional Exhaustion & Crying Spells",19,"Severe","Severe Avoidance of Class Recitations",17,"Moderately Severe",true,"Completely Alone","Emotional Repression / Keeping Feelings Inside","Maladaptive / Avoidant",1,true,"Prioritize supportive clinical check-in; assess home stress factors and establish safe guidance office open door policy."
109238475297,"Hannah Villanueva",3,"Parental High Expectation Pressure","None",10,"Moderate","Classroom Restlessness / Fidgeting",7,"Mild",true,"Isolated / Disconnected","Passive Distraction (Excessive Screen Time / Gaming)","Neutral / Distraction",2,false,"Monitor mood trends via daily check-ins; adviser check-in if attendance slips."
109238475298,"Justin De Leon",4,"Financial Insecurity & Tuition Delay Panic","Frequent Tension Headaches & Nausea",20,"Severe","Test Panic & Freezing During Exams",16,"Moderately Severe",true,"Isolated / Disconnected","Avoidance & Withdrawal (Isolating / Skipping Tasks)","Maladaptive / Avoidant",2,true,"Immediate counseling intervention; enroll student in structured study management and emotional resilience coaching."
109238475299,"Daniel Lim",1,"None / Well Adjusted","None",4,"Minimal","None",1,"Minimal / None",false,"Strongly Supported","Creative & Artistic Expression (Music / Sketching)","Adaptive / Constructive",5,false,"Normal psychological profile; maintain proactive guidance wellness engagement."
109238475300,"Nicole San Jose",1,"None / Well Adjusted","None",2,"Minimal","None",1,"Minimal / None",false,"Strongly Supported","Social Support (Talking with Friends/Family)","Adaptive / Constructive",5,false,"Routine annual wellness check-in. Student demonstrates healthy emotional regulation and strong social support."
109238475301,"Sofia Lim",1,"None / Well Adjusted","None",2,"Minimal","None",1,"Minimal / None",false,"Strongly Supported","Social Support (Talking with Friends/Family)","Adaptive / Constructive",5,false,"Routine annual wellness check-in. Student demonstrates healthy emotional regulation and strong social support."
109238475302,"Francis Bautista",3,"Midterm Project Deadlines","None",12,"Moderate","Avoidance of Public Presentations",12,"Moderate",false,"Isolated / Disconnected","Problem-Focused (Study Plans / Consultations)","Adaptive / Constructive",2,true,"Monitor mood trends via daily check-ins; adviser check-in if attendance slips."
109238475303,"Kathleen Soriano",4,"Exam & Academic Performance Anxiety","Frequent Tension Headaches & Nausea",21,"Severe","Test Panic & Freezing During Exams",22,"Severe",true,"Isolated / Disconnected","Passive Distraction (Excessive Screen Time / Gaming)","Maladaptive / Avoidant",2,true,"Schedule clinical assessment for acute anxiety and somatic distress. Coordinate with guidance counselor and adviser."
109238475304,"Erika Garcia",3,"Peer Relationship & Social Adjustment Strain","Mild Headaches During Review",11,"Moderate","Classroom Restlessness / Fidgeting",7,"Mild",true,"Moderately Supported","Avoidance & Withdrawal (Isolating / Skipping Tasks)","Neutral / Distraction",2,false,"Monitor mood trends via daily check-ins; adviser check-in if attendance slips."
109238475305,"Kyle Villanueva",2,"None / Well Adjusted","None",4,"Minimal","None",4,"Minimal / None",false,"Strongly Supported","Creative & Artistic Expression (Music / Sketching)","Adaptive / Constructive",4,false,"Normal psychological profile; maintain proactive guidance wellness engagement."
109238475306,"Dominic Tolentino",1,"None / Well Adjusted","None",3,"Minimal","None",4,"Minimal / None",false,"Strongly Supported","Physical Exercise & Sports","Adaptive / Constructive",5,false,"General wellness maintenance. Continue participation in school clubs and leadership activities."
109238475307,"Karl Gonzales",4,"Financial Insecurity & Tuition Delay Panic","Panic Episodes & Hyperventilation",16,"Severe","Severe Avoidance of Class Recitations",17,"Moderately Severe",true,"Isolated / Disconnected","Emotional Repression / Keeping Feelings Inside","Maladaptive / Avoidant",1,true,"Prioritize supportive clinical check-in; assess home stress factors and establish safe guidance office open door policy."
109238475308,"Erika Padilla",1,"None / Well Adjusted","None",4,"Minimal","None",1,"Minimal / None",false,"Strongly Supported","Physical Exercise & Sports","Adaptive / Constructive",5,false,"Normal psychological profile; maintain proactive guidance wellness engagement."
109238475309,"Lucas Mendoza",1,"None / Well Adjusted","None",2,"Minimal","None",2,"Minimal / None",false,"Strongly Supported","Creative & Artistic Expression (Music / Sketching)","Adaptive / Constructive",4,false,"Routine annual wellness check-in. Student demonstrates healthy emotional regulation and strong social support."
109238475310,"Rafael Domingo",2,"None / Well Adjusted","None",2,"Minimal","None",4,"Minimal / None",false,"Strongly Supported","Physical Exercise & Sports","Adaptive / Constructive",5,false,"Routine annual wellness check-in. Student demonstrates healthy emotional regulation and strong social support."
109238475311,"Rochelle Lim",1,"None / Well Adjusted","None",1,"Minimal","None",4,"Minimal / None",false,"Strongly Supported","Creative & Artistic Expression (Music / Sketching)","Adaptive / Constructive",5,false,"General wellness maintenance. Continue participation in school clubs and leadership activities."
109238475312,"Mariel Manalo",4,"Severe Family Conflict & Parental Separation","Emotional Exhaustion & Crying Spells",15,"Severe","School Refusal & Morning Dread",17,"Moderately Severe",true,"Isolated / Disconnected","Avoidance & Withdrawal (Isolating / Skipping Tasks)","Maladaptive / Avoidant",2,true,"Prioritize supportive clinical check-in; assess home stress factors and establish safe guidance office open door policy."
109238475313,"Andrea Dizon",3,"Time Management Between Chores and Studies","Occasional Restlessness Before Exams",12,"Moderate","Procrastination on Difficult Modules",10,"Moderate",false,"Isolated / Disconnected","Social Support (Talking with Friends/Family)","Adaptive / Constructive",3,true,"Enroll in Peer Wellness Circle & Midterm Stress Management Workshop. Regular homeroom adviser check-in."
109238475314,"Denise Tolentino",3,"Time Management Between Chores and Studies","None",10,"Moderate","Avoidance of Public Presentations",11,"Moderate",false,"Moderately Supported","Emotional Repression / Keeping Feelings Inside","Neutral / Distraction",3,false,"Enroll in Peer Wellness Circle & Midterm Stress Management Workshop. Regular homeroom adviser check-in."
109238475315,"Andrea Ocampo",3,"Peer Relationship & Social Adjustment Strain","Occasional Restlessness Before Exams",11,"Moderate","Avoidance of Public Presentations",9,"Mild",false,"Isolated / Disconnected","Avoidance & Withdrawal (Isolating / Skipping Tasks)","Neutral / Distraction",3,false,"Recommend school-life balance consultation and peer tutoring support for challenging subjects."
109238475316,"Chloe Garcia",4,"Sleep Deprivation & Remediation Burnout","Chronic Insomnia & Restlessness",15,"Severe","Severe Avoidance of Class Recitations",22,"Severe",false,"Isolated / Disconnected","Passive Distraction (Excessive Screen Time / Gaming)","Maladaptive / Avoidant",2,true,"Urgent 1-on-1 confidential counseling intake required. Implement academic stress mitigation and parent conference."
109238475317,"Rafael Torres",1,"None / Well Adjusted","None",3,"Minimal","None",1,"Minimal / None",false,"Strongly Supported","Creative & Artistic Expression (Music / Sketching)","Adaptive / Constructive",5,false,"General wellness maintenance. Continue participation in school clubs and leadership activities."
109238475318,"Rafael Aquino",2,"None / Well Adjusted","None",2,"Minimal","None",3,"Minimal / None",false,"Strongly Supported","Physical Exercise & Sports","Adaptive / Constructive",5,false,"Normal psychological profile; maintain proactive guidance wellness engagement."
109238475319,"Camille Tan",3,"Peer Relationship & Social Adjustment Strain","None",12,"Moderate","Classroom Restlessness / Fidgeting",10,"Moderate",false,"Isolated / Disconnected","Social Support (Talking with Friends/Family)","Adaptive / Constructive",3,true,"Provide bi-weekly guidance counselor mentoring for time management and test anxiety relief."
109238475320,"Nicole Santos",4,"Severe Family Conflict & Parental Separation","Frequent Tension Headaches & Nausea",14,"Moderate","Test Panic & Freezing During Exams",20,"Severe",true,"Isolated / Disconnected","Avoidance & Withdrawal (Isolating / Skipping Tasks)","Maladaptive / Avoidant",2,true,"Immediate counseling intervention; enroll student in structured study management and emotional resilience coaching."
109238475321,"Ethan Manalo",1,"None / Well Adjusted","None",3,"Minimal","None",2,"Minimal / None",false,"Strongly Supported","Physical Exercise & Sports","Adaptive / Constructive",5,false,"Normal psychological profile; maintain proactive guidance wellness engagement."
109238475322,"Lance Alcantara",3,"Peer Relationship & Social Adjustment Strain","None",8,"Mild","Procrastination on Difficult Modules",12,"Moderate",false,"Moderately Supported","Avoidance & Withdrawal (Isolating / Skipping Tasks)","Neutral / Distraction",3,true,"Monitor mood trends via daily check-ins; adviser check-in if attendance slips."
109238475323,"Ralph Castro",1,"None / Well Adjusted","None",1,"Minimal","None",4,"Minimal / None",false,"Strongly Supported","Problem-Focused (Study Plans / Consultations)","Adaptive / Constructive",4,false,"General wellness maintenance. Continue participation in school clubs and leadership activities."
109238475324,"Erika Bautista",1,"None / Well Adjusted","None",3,"Minimal","None",1,"Minimal / None",false,"Strongly Supported","Creative & Artistic Expression (Music / Sketching)","Adaptive / Constructive",5,false,"Normal psychological profile; maintain proactive guidance wellness engagement."
109238475325,"Denise Santiago",2,"None / Well Adjusted","None",1,"Minimal","None",4,"Minimal / None",false,"Strongly Supported","Problem-Focused (Study Plans / Consultations)","Adaptive / Constructive",4,false,"Normal psychological profile; maintain proactive guidance wellness engagement."
109238475326,"Althea Castillo",3,"Math Anxiety & Difficult Subject Fatigue","None",8,"Mild","Procrastination on Difficult Modules",11,"Moderate",false,"Moderately Supported","Avoidance & Withdrawal (Isolating / Skipping Tasks)","Neutral / Distraction",2,false,"Enroll in Peer Wellness Circle & Midterm Stress Management Workshop. Regular homeroom adviser check-in."
109238475327,"Patricia Mendoza",5,"Sleep Deprivation & Remediation Burnout","Chronic Insomnia & Restlessness",14,"Moderate","School Refusal & Morning Dread",21,"Severe",false,"Completely Alone","Passive Distraction (Excessive Screen Time / Gaming)","Maladaptive / Avoidant",2,true,"Urgent 1-on-1 confidential counseling intake required. Implement academic stress mitigation and parent conference."
109238475328,"Althea San Jose",1,"None / Well Adjusted","None",2,"Minimal","None",2,"Minimal / None",false,"Strongly Supported","Problem-Focused (Study Plans / Consultations)","Adaptive / Constructive",5,false,"General wellness maintenance. Continue participation in school clubs and leadership activities."
109238475329,"Lucas Valdez",1,"None / Well Adjusted","None",3,"Minimal","None",1,"Minimal / None",false,"Strongly Supported","Problem-Focused (Study Plans / Consultations)","Adaptive / Constructive",4,false,"Normal psychological profile; maintain proactive guidance wellness engagement."
109238475330,"Justin Lim",1,"None / Well Adjusted","None",4,"Minimal","None",2,"Minimal / None",false,"Strongly Supported","Problem-Focused (Study Plans / Consultations)","Adaptive / Constructive",5,false,"General wellness maintenance. Continue participation in school clubs and leadership activities."
109238475331,"Princess Mae Dizon",1,"None / Well Adjusted","None",4,"Minimal","None",1,"Minimal / None",false,"Strongly Supported","Social Support (Talking with Friends/Family)","Adaptive / Constructive",4,false,"General wellness maintenance. Continue participation in school clubs and leadership activities."
109238475332,"Karl Navarro",5,"Exam & Academic Performance Anxiety","Emotional Exhaustion & Crying Spells",17,"Severe","Social Withdrawal from Peer Groups",23,"Severe",true,"Isolated / Disconnected","Avoidance & Withdrawal (Isolating / Skipping Tasks)","Maladaptive / Avoidant",2,true,"Immediate counseling intervention; enroll student in structured study management and emotional resilience coaching."
109238475333,"Paolo Torres",2,"None / Well Adjusted","None",1,"Minimal","None",3,"Minimal / None",false,"Strongly Supported","Creative & Artistic Expression (Music / Sketching)","Adaptive / Constructive",5,false,"General wellness maintenance. Continue participation in school clubs and leadership activities."
109238475334,"Francis Castro",1,"None / Well Adjusted","None",1,"Minimal","None",3,"Minimal / None",false,"Strongly Supported","Physical Exercise & Sports","Adaptive / Constructive",5,false,"General wellness maintenance. Continue participation in school clubs and leadership activities."
109238475335,"Ralph Santos",3,"Peer Relationship & Social Adjustment Strain","None",9,"Mild","Avoidance of Public Presentations",7,"Mild",false,"Isolated / Disconnected","Passive Distraction (Excessive Screen Time / Gaming)","Neutral / Distraction",2,false,"Recommend school-life balance consultation and peer tutoring support for challenging subjects."
109238475336,"Kathleen Ramos",4,"Severe Family Conflict & Parental Separation","Panic Episodes & Hyperventilation",15,"Severe","Social Withdrawal from Peer Groups",20,"Severe",true,"Completely Alone","Avoidance & Withdrawal (Isolating / Skipping Tasks)","Maladaptive / Avoidant",2,true,"Immediate counseling intervention; enroll student in structured study management and emotional resilience coaching."
109238475337,"Miguel Garcia",1,"None / Well Adjusted","None",1,"Minimal","None",1,"Minimal / None",false,"Strongly Supported","Physical Exercise & Sports","Adaptive / Constructive",5,false,"Routine annual wellness check-in. Student demonstrates healthy emotional regulation and strong social support."
109238475338,"Gabriel Ocampo",4,"Fear of Academic Failure & Retaining Grade","Emotional Exhaustion & Crying Spells",16,"Severe","Severe Avoidance of Class Recitations",23,"Severe",false,"Isolated / Disconnected","Emotional Repression / Keeping Feelings Inside","Maladaptive / Avoidant",1,true,"Urgent 1-on-1 confidential counseling intake required. Implement academic stress mitigation and parent conference."
109238475339,"Kathleen Villanueva",4,"Fear of Academic Failure & Retaining Grade","Emotional Exhaustion & Crying Spells",16,"Severe","Severe Avoidance of Class Recitations",15,"Moderately Severe",true,"Isolated / Disconnected","Passive Distraction (Excessive Screen Time / Gaming)","Maladaptive / Avoidant",2,true,"Prioritize supportive clinical check-in; assess home stress factors and establish safe guidance office open door policy."
109238475340,"Miguel Gonzales",5,"Sleep Deprivation & Remediation Burnout","Chronic Insomnia & Restlessness",16,"Severe","Severe Avoidance of Class Recitations",20,"Severe",true,"Isolated / Disconnected","Avoidance & Withdrawal (Isolating / Skipping Tasks)","Maladaptive / Avoidant",2,true,"Schedule clinical assessment for acute anxiety and somatic distress. Coordinate with guidance counselor and adviser."
109238475341,"Dominic Domingo",5,"Fear of Academic Failure & Retaining Grade","Panic Episodes & Hyperventilation",20,"Severe","Severe Avoidance of Class Recitations",15,"Moderately Severe",true,"Completely Alone","Emotional Repression / Keeping Feelings Inside","Maladaptive / Avoidant",2,true,"Prioritize supportive clinical check-in; assess home stress factors and establish safe guidance office open door policy."
109238475342,"Sean Flores",1,"None / Well Adjusted","None",2,"Minimal","None",2,"Minimal / None",false,"Strongly Supported","Physical Exercise & Sports","Adaptive / Constructive",5,false,"Normal psychological profile; maintain proactive guidance wellness engagement."
109238475343,"Ralph San Jose",1,"None / Well Adjusted","None",4,"Minimal","None",3,"Minimal / None",false,"Strongly Supported","Physical Exercise & Sports","Adaptive / Constructive",5,false,"General wellness maintenance. Continue participation in school clubs and leadership activities."
109238475344,"Ralph Soriano",2,"None / Well Adjusted","None",4,"Minimal","None",4,"Minimal / None",false,"Strongly Supported","Creative & Artistic Expression (Music / Sketching)","Adaptive / Constructive",5,false,"General wellness maintenance. Continue participation in school clubs and leadership activities."
109238475345,"Matthew Torres",3,"Midterm Project Deadlines","Mild Headaches During Review",11,"Moderate","Procrastination on Difficult Modules",9,"Mild",false,"Isolated / Disconnected","Emotional Repression / Keeping Feelings Inside","Neutral / Distraction",2,false,"Recommend school-life balance consultation and peer tutoring support for challenging subjects."
109238475346,"Aaron Gonzales",1,"None / Well Adjusted","None",1,"Minimal","None",1,"Minimal / None",false,"Strongly Supported","Social Support (Talking with Friends/Family)","Adaptive / Constructive",5,false,"Routine annual wellness check-in. Student demonstrates healthy emotional regulation and strong social support."
109238475347,"Rochelle San Jose",2,"None / Well Adjusted","None",4,"Minimal","None",4,"Minimal / None",false,"Strongly Supported","Social Support (Talking with Friends/Family)","Adaptive / Constructive",5,false,"Routine annual wellness check-in. Student demonstrates healthy emotional regulation and strong social support."
109238475348,"Ethan Salazar",1,"None / Well Adjusted","None",2,"Minimal","None",3,"Minimal / None",false,"Strongly Supported","Social Support (Talking with Friends/Family)","Adaptive / Constructive",5,false,"Routine annual wellness check-in. Student demonstrates healthy emotional regulation and strong social support."
109238475349,"Dominic Reyes",4,"Financial Insecurity & Tuition Delay Panic","Emotional Exhaustion & Crying Spells",16,"Severe","Test Panic & Freezing During Exams",21,"Severe",true,"Completely Alone","Emotional Repression / Keeping Feelings Inside","Maladaptive / Avoidant",1,true,"Schedule clinical assessment for acute anxiety and somatic distress. Coordinate with guidance counselor and adviser."
109238475350,"Andrea Dela Cruz",1,"None / Well Adjusted","None",3,"Minimal","None",2,"Minimal / None",false,"Strongly Supported","Physical Exercise & Sports","Adaptive / Constructive",4,false,"General wellness maintenance. Continue participation in school clubs and leadership activities."
109238475351,"Francis Flores",3,"Time Management Between Chores and Studies","Mild Headaches During Review",9,"Mild","Avoidance of Public Presentations",8,"Mild",false,"Moderately Supported","Avoidance & Withdrawal (Isolating / Skipping Tasks)","Neutral / Distraction",3,false,"Enroll in Peer Wellness Circle & Midterm Stress Management Workshop. Regular homeroom adviser check-in."
109238475352,"Vanessa Ramos",1,"None / Well Adjusted","None",4,"Minimal","None",2,"Minimal / None",false,"Strongly Supported","Physical Exercise & Sports","Adaptive / Constructive",4,false,"General wellness maintenance. Continue participation in school clubs and leadership activities."
109238475353,"Lucas Santos",1,"None / Well Adjusted","None",4,"Minimal","None",2,"Minimal / None",false,"Strongly Supported","Creative & Artistic Expression (Music / Sketching)","Adaptive / Constructive",5,false,"Routine annual wellness check-in. Student demonstrates healthy emotional regulation and strong social support."
109238475354,"Lance Valdez",4,"Severe Family Conflict & Parental Separation","Frequent Tension Headaches & Nausea",19,"Severe","Social Withdrawal from Peer Groups",22,"Severe",false,"Isolated / Disconnected","Avoidance & Withdrawal (Isolating / Skipping Tasks)","Maladaptive / Avoidant",1,true,"Immediate counseling intervention; enroll student in structured study management and emotional resilience coaching."
109238475355,"Chloe Valdez",1,"None / Well Adjusted","None",3,"Minimal","None",4,"Minimal / None",false,"Strongly Supported","Physical Exercise & Sports","Adaptive / Constructive",5,false,"Normal psychological profile; maintain proactive guidance wellness engagement."
109238475356,"Rafael Mendoza",1,"None / Well Adjusted","None",2,"Minimal","None",2,"Minimal / None",false,"Strongly Supported","Physical Exercise & Sports","Adaptive / Constructive",5,false,"General wellness maintenance. Continue participation in school clubs and leadership activities."
109238475357,"Francis Torres",5,"Financial Insecurity & Tuition Delay Panic","Frequent Tension Headaches & Nausea",21,"Severe","Severe Avoidance of Class Recitations",16,"Moderately Severe",true,"Completely Alone","Emotional Repression / Keeping Feelings Inside","Maladaptive / Avoidant",2,true,"Schedule clinical assessment for acute anxiety and somatic distress. Coordinate with guidance counselor and adviser."
109238475358,"Adrian Manalo",1,"None / Well Adjusted","None",4,"Minimal","None",2,"Minimal / None",false,"Strongly Supported","Physical Exercise & Sports","Adaptive / Constructive",4,false,"General wellness maintenance. Continue participation in school clubs and leadership activities."
109238475359,"Patricia Tan",2,"None / Well Adjusted","None",4,"Minimal","None",1,"Minimal / None",false,"Strongly Supported","Social Support (Talking with Friends/Family)","Adaptive / Constructive",4,false,"Routine annual wellness check-in. Student demonstrates healthy emotional regulation and strong social support."
109238475360,"Chloe Torres",3,"Midterm Project Deadlines","None",8,"Mild","Classroom Restlessness / Fidgeting",7,"Mild",false,"Moderately Supported","Creative & Artistic Expression (Music / Sketching)","Neutral / Distraction",2,false,"Monitor mood trends via daily check-ins; adviser check-in if attendance slips."
109238475361,"Vanessa Reyes",1,"None / Well Adjusted","None",3,"Minimal","None",2,"Minimal / None",false,"Strongly Supported","Physical Exercise & Sports","Adaptive / Constructive",5,false,"Routine annual wellness check-in. Student demonstrates healthy emotional regulation and strong social support."
109238475362,"Aaron Ocampo",4,"Exam & Academic Performance Anxiety","Chronic Insomnia & Restlessness",19,"Severe","School Refusal & Morning Dread",20,"Severe",true,"Isolated / Disconnected","Avoidance & Withdrawal (Isolating / Skipping Tasks)","Maladaptive / Avoidant",2,true,"Prioritize supportive clinical check-in; assess home stress factors and establish safe guidance office open door policy."
109238475363,"Angelo Tan",1,"None / Well Adjusted","None",4,"Minimal","None",2,"Minimal / None",false,"Strongly Supported","Physical Exercise & Sports","Adaptive / Constructive",5,false,"Routine annual wellness check-in. Student demonstrates healthy emotional regulation and strong social support."
109238475364,"Jasmine Lim",5,"Severe Family Conflict & Parental Separation","Frequent Tension Headaches & Nausea",19,"Severe","School Refusal & Morning Dread",22,"Severe",false,"Isolated / Disconnected","Emotional Repression / Keeping Feelings Inside","Maladaptive / Avoidant",1,true,"Schedule clinical assessment for acute anxiety and somatic distress. Coordinate with guidance counselor and adviser."
109238475365,"Sean Rivera",5,"Exam & Academic Performance Anxiety","Emotional Exhaustion & Crying Spells",16,"Severe","Severe Avoidance of Class Recitations",18,"Moderately Severe",false,"Completely Alone","Passive Distraction (Excessive Screen Time / Gaming)","Maladaptive / Avoidant",1,true,"Immediate counseling intervention; enroll student in structured study management and emotional resilience coaching."
109238475366,"Aaron Ramos",1,"None / Well Adjusted","None",3,"Minimal","None",1,"Minimal / None",false,"Strongly Supported","Creative & Artistic Expression (Music / Sketching)","Adaptive / Constructive",4,false,"General wellness maintenance. Continue participation in school clubs and leadership activities."
109238475367,"Jerome Aquino",5,"Exam & Academic Performance Anxiety","Panic Episodes & Hyperventilation",15,"Severe","Severe Avoidance of Class Recitations",18,"Moderately Severe",false,"Isolated / Disconnected","Passive Distraction (Excessive Screen Time / Gaming)","Maladaptive / Avoidant",2,true,"Schedule clinical assessment for acute anxiety and somatic distress. Coordinate with guidance counselor and adviser."
109238475368,"Jasmine Castillo",1,"None / Well Adjusted","None",2,"Minimal","None",4,"Minimal / None",false,"Strongly Supported","Physical Exercise & Sports","Adaptive / Constructive",4,false,"General wellness maintenance. Continue participation in school clubs and leadership activities."
109238475369,"Francis Flores",1,"None / Well Adjusted","None",3,"Minimal","None",2,"Minimal / None",false,"Strongly Supported","Problem-Focused (Study Plans / Consultations)","Adaptive / Constructive",5,false,"Routine annual wellness check-in. Student demonstrates healthy emotional regulation and strong social support."
109238475370,"Mark Kenneth Valdez",4,"Severe Family Conflict & Parental Separation","Frequent Tension Headaches & Nausea",20,"Severe","Test Panic & Freezing During Exams",19,"Moderately Severe",true,"Isolated / Disconnected","Emotional Repression / Keeping Feelings Inside","Maladaptive / Avoidant",1,true,"Schedule clinical assessment for acute anxiety and somatic distress. Coordinate with guidance counselor and adviser."
109238475371,"Kathleen Castro",4,"Exam & Academic Performance Anxiety","Emotional Exhaustion & Crying Spells",21,"Severe","Severe Avoidance of Class Recitations",23,"Severe",true,"Isolated / Disconnected","Emotional Repression / Keeping Feelings Inside","Maladaptive / Avoidant",2,true,"Schedule clinical assessment for acute anxiety and somatic distress. Coordinate with guidance counselor and adviser."
109238475372,"Daniel Mercado",1,"None / Well Adjusted","None",3,"Minimal","None",1,"Minimal / None",false,"Strongly Supported","Physical Exercise & Sports","Adaptive / Constructive",5,false,"Normal psychological profile; maintain proactive guidance wellness engagement."
109238475373,"Joshua De Leon",1,"None / Well Adjusted","None",2,"Minimal","None",4,"Minimal / None",false,"Strongly Supported","Physical Exercise & Sports","Adaptive / Constructive",4,false,"Routine annual wellness check-in. Student demonstrates healthy emotional regulation and strong social support."
109238475374,"Miguel Dizon",1,"None / Well Adjusted","None",1,"Minimal","None",1,"Minimal / None",false,"Strongly Supported","Physical Exercise & Sports","Adaptive / Constructive",5,false,"General wellness maintenance. Continue participation in school clubs and leadership activities."
109238475375,"Aaron Torres",2,"None / Well Adjusted","None",4,"Minimal","None",4,"Minimal / None",false,"Strongly Supported","Physical Exercise & Sports","Adaptive / Constructive",4,false,"Normal psychological profile; maintain proactive guidance wellness engagement."
109238475376,"Vanessa Dela Cruz",1,"None / Well Adjusted","None",1,"Minimal","None",1,"Minimal / None",false,"Strongly Supported","Creative & Artistic Expression (Music / Sketching)","Adaptive / Constructive",5,false,"Normal psychological profile; maintain proactive guidance wellness engagement."
109238475377,"Paolo Alcantara",1,"None / Well Adjusted","None",1,"Minimal","None",3,"Minimal / None",false,"Strongly Supported","Creative & Artistic Expression (Music / Sketching)","Adaptive / Constructive",5,false,"General wellness maintenance. Continue participation in school clubs and leadership activities."
109238475378,"Alyssa Tan",3,"Peer Relationship & Social Adjustment Strain","None",8,"Mild","Procrastination on Difficult Modules",10,"Moderate",false,"Moderately Supported","Emotional Repression / Keeping Feelings Inside","Neutral / Distraction",2,false,"Provide bi-weekly guidance counselor mentoring for time management and test anxiety relief."
109238475379,"Chloe De Leon",1,"None / Well Adjusted","None",3,"Minimal","None",1,"Minimal / None",false,"Strongly Supported","Social Support (Talking with Friends/Family)","Adaptive / Constructive",5,false,"Normal psychological profile; maintain proactive guidance wellness engagement."
109238475380,"Jerome Castro",2,"None / Well Adjusted","None",4,"Minimal","None",3,"Minimal / None",false,"Strongly Supported","Physical Exercise & Sports","Adaptive / Constructive",5,false,"Normal psychological profile; maintain proactive guidance wellness engagement."
109238475381,"Kristine Castillo",1,"None / Well Adjusted","None",4,"Minimal","None",4,"Minimal / None",false,"Strongly Supported","Problem-Focused (Study Plans / Consultations)","Adaptive / Constructive",5,false,"Routine annual wellness check-in. Student demonstrates healthy emotional regulation and strong social support."
109238475382,"Vanessa Garcia",3,"Midterm Project Deadlines","None",8,"Mild","Classroom Restlessness / Fidgeting",10,"Moderate",false,"Isolated / Disconnected","Social Support (Talking with Friends/Family)","Adaptive / Constructive",3,false,"Recommend school-life balance consultation and peer tutoring support for challenging subjects."
109238475383,"Rochelle Garcia",1,"None / Well Adjusted","None",2,"Minimal","None",3,"Minimal / None",false,"Strongly Supported","Physical Exercise & Sports","Adaptive / Constructive",4,false,"Normal psychological profile; maintain proactive guidance wellness engagement."
109238475384,"John Carlo Dizon",5,"Fear of Academic Failure & Retaining Grade","Frequent Tension Headaches & Nausea",21,"Severe","Social Withdrawal from Peer Groups",22,"Severe",true,"Isolated / Disconnected","Passive Distraction (Excessive Screen Time / Gaming)","Maladaptive / Avoidant",1,true,"Urgent 1-on-1 confidential counseling intake required. Implement academic stress mitigation and parent conference."
109238475385,"Rafael Alcantara",3,"Parental High Expectation Pressure","Occasional Restlessness Before Exams",11,"Moderate","Avoidance of Public Presentations",9,"Mild",false,"Isolated / Disconnected","Creative & Artistic Expression (Music / Sketching)","Neutral / Distraction",2,false,"Monitor mood trends via daily check-ins; adviser check-in if attendance slips."
109238475386,"Kyle Garcia",3,"Parental High Expectation Pressure","None",7,"Mild","Procrastination on Difficult Modules",12,"Moderate",false,"Moderately Supported","Physical Exercise & Sports","Neutral / Distraction",3,true,"Monitor mood trends via daily check-ins; adviser check-in if attendance slips."
109238475387,"John Carlo Ramos",1,"None / Well Adjusted","None",1,"Minimal","None",4,"Minimal / None",false,"Strongly Supported","Creative & Artistic Expression (Music / Sketching)","Adaptive / Constructive",4,false,"General wellness maintenance. Continue participation in school clubs and leadership activities."
109238475388,"Jerome Flores",1,"None / Well Adjusted","None",1,"Minimal","None",2,"Minimal / None",false,"Strongly Supported","Physical Exercise & Sports","Adaptive / Constructive",4,false,"General wellness maintenance. Continue participation in school clubs and leadership activities."
109238475389,"Camille Navarro",1,"None / Well Adjusted","None",2,"Minimal","None",2,"Minimal / None",false,"Strongly Supported","Creative & Artistic Expression (Music / Sketching)","Adaptive / Constructive",4,false,"Routine annual wellness check-in. Student demonstrates healthy emotional regulation and strong social support."
109238475390,"Joshua Mendoza",4,"Severe Family Conflict & Parental Separation","Emotional Exhaustion & Crying Spells",16,"Severe","Severe Avoidance of Class Recitations",23,"Severe",true,"Isolated / Disconnected","Avoidance & Withdrawal (Isolating / Skipping Tasks)","Maladaptive / Avoidant",1,true,"Prioritize supportive clinical check-in; assess home stress factors and establish safe guidance office open door policy."
109238475391,"Lance Mercado",2,"None / Well Adjusted","None",4,"Minimal","None",2,"Minimal / None",false,"Strongly Supported","Physical Exercise & Sports","Adaptive / Constructive",4,false,"Routine annual wellness check-in. Student demonstrates healthy emotional regulation and strong social support."
109238475392,"Princess Mae Mercado",1,"None / Well Adjusted","None",4,"Minimal","None",2,"Minimal / None",false,"Strongly Supported","Physical Exercise & Sports","Adaptive / Constructive",4,false,"General wellness maintenance. Continue participation in school clubs and leadership activities."
109238475393,"Erika Torres",1,"None / Well Adjusted","None",3,"Minimal","None",2,"Minimal / None",false,"Strongly Supported","Physical Exercise & Sports","Adaptive / Constructive",4,false,"Routine annual wellness check-in. Student demonstrates healthy emotional regulation and strong social support."
109238475394,"Nathan Garcia",3,"Peer Relationship & Social Adjustment Strain","Mild Headaches During Review",10,"Moderate","Classroom Restlessness / Fidgeting",10,"Moderate",true,"Moderately Supported","Physical Exercise & Sports","Neutral / Distraction",2,false,"Provide bi-weekly guidance counselor mentoring for time management and test anxiety relief."
109238475395,"Nathan Aquino",2,"None / Well Adjusted","None",4,"Minimal","None",3,"Minimal / None",false,"Strongly Supported","Social Support (Talking with Friends/Family)","Adaptive / Constructive",4,false,"General wellness maintenance. Continue participation in school clubs and leadership activities."
109238475396,"Shaina Manalo",1,"None / Well Adjusted","None",3,"Minimal","None",4,"Minimal / None",false,"Strongly Supported","Problem-Focused (Study Plans / Consultations)","Adaptive / Constructive",5,false,"General wellness maintenance. Continue participation in school clubs and leadership activities."
109238475397,"Paolo Dizon",1,"None / Well Adjusted","None",4,"Minimal","None",1,"Minimal / None",false,"Strongly Supported","Problem-Focused (Study Plans / Consultations)","Adaptive / Constructive",4,false,"Normal psychological profile; maintain proactive guidance wellness engagement."
109238475398,"Justin Castillo",2,"None / Well Adjusted","None",3,"Minimal","None",3,"Minimal / None",false,"Strongly Supported","Creative & Artistic Expression (Music / Sketching)","Adaptive / Constructive",4,false,"General wellness maintenance. Continue participation in school clubs and leadership activities."
109238475399,"Shaina Aquino",1,"None / Well Adjusted","None",4,"Minimal","None",4,"Minimal / None",false,"Strongly Supported","Physical Exercise & Sports","Adaptive / Constructive",4,false,"General wellness maintenance. Continue participation in school clubs and leadership activities."
109238475400,"Andrea Tan",3,"Midterm Project Deadlines","Mild Headaches During Review",7,"Mild","Procrastination on Difficult Modules",7,"Mild",false,"Isolated / Disconnected","Passive Distraction (Excessive Screen Time / Gaming)","Neutral / Distraction",3,false,"Provide bi-weekly guidance counselor mentoring for time management and test anxiety relief."
109238475401,"Aaron Tan",1,"None / Well Adjusted","None",4,"Minimal","None",3,"Minimal / None",false,"Strongly Supported","Creative & Artistic Expression (Music / Sketching)","Adaptive / Constructive",5,false,"General wellness maintenance. Continue participation in school clubs and leadership activities."
109238475402,"Alexander Mercado",4,"Severe Family Conflict & Parental Separation","Chronic Insomnia & Restlessness",17,"Severe","School Refusal & Morning Dread",18,"Moderately Severe",true,"Isolated / Disconnected","Emotional Repression / Keeping Feelings Inside","Maladaptive / Avoidant",1,true,"Urgent 1-on-1 confidential counseling intake required. Implement academic stress mitigation and parent conference."
109238475403,"Danielle Santos",2,"None / Well Adjusted","None",4,"Minimal","None",2,"Minimal / None",false,"Strongly Supported","Physical Exercise & Sports","Adaptive / Constructive",4,false,"Routine annual wellness check-in. Student demonstrates healthy emotional regulation and strong social support."
109238475404,"Christian Dave Navarro",3,"Parental High Expectation Pressure","Mild Headaches During Review",12,"Moderate","Classroom Restlessness / Fidgeting",9,"Mild",false,"Isolated / Disconnected","Social Support (Talking with Friends/Family)","Adaptive / Constructive",3,true,"Provide bi-weekly guidance counselor mentoring for time management and test anxiety relief."
109238475405,"Patricia Ocampo",1,"None / Well Adjusted","None",3,"Minimal","None",1,"Minimal / None",false,"Strongly Supported","Problem-Focused (Study Plans / Consultations)","Adaptive / Constructive",4,false,"General wellness maintenance. Continue participation in school clubs and leadership activities."
109238475406,"Hannah Gonzales",1,"None / Well Adjusted","None",1,"Minimal","None",3,"Minimal / None",false,"Strongly Supported","Social Support (Talking with Friends/Family)","Adaptive / Constructive",5,false,"Routine annual wellness check-in. Student demonstrates healthy emotional regulation and strong social support."
109238475407,"Chloe Domingo",1,"None / Well Adjusted","None",4,"Minimal","None",1,"Minimal / None",false,"Strongly Supported","Problem-Focused (Study Plans / Consultations)","Adaptive / Constructive",4,false,"Routine annual wellness check-in. Student demonstrates healthy emotional regulation and strong social support."
109238475408,"Justin Salazar",3,"Math Anxiety & Difficult Subject Fatigue","None",9,"Mild","Procrastination on Difficult Modules",8,"Mild",true,"Moderately Supported","Avoidance & Withdrawal (Isolating / Skipping Tasks)","Neutral / Distraction",2,false,"Enroll in Peer Wellness Circle & Midterm Stress Management Workshop. Regular homeroom adviser check-in."
109238475409,"Joshua Santos",1,"None / Well Adjusted","None",4,"Minimal","None",3,"Minimal / None",false,"Strongly Supported","Creative & Artistic Expression (Music / Sketching)","Adaptive / Constructive",5,false,"General wellness maintenance. Continue participation in school clubs and leadership activities."
109238475410,"Chloe Valdez",5,"Financial Insecurity & Tuition Delay Panic","Panic Episodes & Hyperventilation",17,"Severe","Test Panic & Freezing During Exams",20,"Severe",false,"Isolated / Disconnected","Passive Distraction (Excessive Screen Time / Gaming)","Maladaptive / Avoidant",2,true,"Immediate counseling intervention; enroll student in structured study management and emotional resilience coaching."
109238475411,"Althea Mercado",3,"Time Management Between Chores and Studies","Occasional Restlessness Before Exams",9,"Mild","Avoidance of Public Presentations",11,"Moderate",false,"Isolated / Disconnected","Problem-Focused (Study Plans / Consultations)","Adaptive / Constructive",3,false,"Monitor mood trends via daily check-ins; adviser check-in if attendance slips."
109238475412,"Miguel Lim",1,"None / Well Adjusted","None",4,"Minimal","None",3,"Minimal / None",false,"Strongly Supported","Social Support (Talking with Friends/Family)","Adaptive / Constructive",4,false,"Normal psychological profile; maintain proactive guidance wellness engagement."
109238475413,"Danielle Padilla",1,"None / Well Adjusted","None",2,"Minimal","None",2,"Minimal / None",false,"Strongly Supported","Physical Exercise & Sports","Adaptive / Constructive",5,false,"Routine annual wellness check-in. Student demonstrates healthy emotional regulation and strong social support."
109238475414,"Nathan San Jose",3,"Parental High Expectation Pressure","None",12,"Moderate","Classroom Restlessness / Fidgeting",9,"Mild",false,"Moderately Supported","Physical Exercise & Sports","Neutral / Distraction",2,true,"Recommend school-life balance consultation and peer tutoring support for challenging subjects."
109238475415,"Bianca Flores",2,"None / Well Adjusted","None",4,"Minimal","None",3,"Minimal / None",false,"Strongly Supported","Social Support (Talking with Friends/Family)","Adaptive / Constructive",5,false,"Routine annual wellness check-in. Student demonstrates healthy emotional regulation and strong social support."
109238475416,"Camille Domingo",1,"None / Well Adjusted","None",1,"Minimal","None",3,"Minimal / None",false,"Strongly Supported","Creative & Artistic Expression (Music / Sketching)","Adaptive / Constructive",5,false,"General wellness maintenance. Continue participation in school clubs and leadership activities."
109238475417,"Andrea Reyes",1,"None / Well Adjusted","None",4,"Minimal","None",2,"Minimal / None",false,"Strongly Supported","Creative & Artistic Expression (Music / Sketching)","Adaptive / Constructive",4,false,"Normal psychological profile; maintain proactive guidance wellness engagement."
109238475418,"Justin Ramos",3,"Time Management Between Chores and Studies","None",8,"Mild","Procrastination on Difficult Modules",10,"Moderate",false,"Moderately Supported","Passive Distraction (Excessive Screen Time / Gaming)","Neutral / Distraction",2,false,"Monitor mood trends via daily check-ins; adviser check-in if attendance slips."
109238475419,"Danielle Rivera",3,"Peer Relationship & Social Adjustment Strain","Afternoon Fatigue Slump",11,"Moderate","Avoidance of Public Presentations",12,"Moderate",false,"Moderately Supported","Problem-Focused (Study Plans / Consultations)","Adaptive / Constructive",3,true,"Provide bi-weekly guidance counselor mentoring for time management and test anxiety relief."
109238475420,"Alyssa Navarro",1,"None / Well Adjusted","None",4,"Minimal","None",4,"Minimal / None",false,"Strongly Supported","Creative & Artistic Expression (Music / Sketching)","Adaptive / Constructive",4,false,"Routine annual wellness check-in. Student demonstrates healthy emotional regulation and strong social support."
109238475421,"Hannah Rivera",2,"None / Well Adjusted","None",3,"Minimal","None",1,"Minimal / None",false,"Strongly Supported","Social Support (Talking with Friends/Family)","Adaptive / Constructive",4,false,"General wellness maintenance. Continue participation in school clubs and leadership activities."
109238475422,"Bea Patricia Salazar",2,"None / Well Adjusted","None",2,"Minimal","None",1,"Minimal / None",false,"Strongly Supported","Problem-Focused (Study Plans / Consultations)","Adaptive / Constructive",5,false,"Normal psychological profile; maintain proactive guidance wellness engagement."
109238475423,"Jasmine Castillo",5,"Sleep Deprivation & Remediation Burnout","Chronic Insomnia & Restlessness",14,"Moderate","Severe Avoidance of Class Recitations",20,"Severe",true,"Completely Alone","Passive Distraction (Excessive Screen Time / Gaming)","Maladaptive / Avoidant",1,true,"Prioritize supportive clinical check-in; assess home stress factors and establish safe guidance office open door policy."
109238475424,"Danielle Lim",1,"None / Well Adjusted","None",1,"Minimal","None",3,"Minimal / None",false,"Strongly Supported","Social Support (Talking with Friends/Family)","Adaptive / Constructive",5,false,"Normal psychological profile; maintain proactive guidance wellness engagement."
109238475425,"Dominic Valdez",1,"None / Well Adjusted","None",3,"Minimal","None",1,"Minimal / None",false,"Strongly Supported","Social Support (Talking with Friends/Family)","Adaptive / Constructive",5,false,"General wellness maintenance. Continue participation in school clubs and leadership activities."
109238475426,"Rochelle Valdez",4,"Financial Insecurity & Tuition Delay Panic","Panic Episodes & Hyperventilation",14,"Moderate","Severe Avoidance of Class Recitations",20,"Severe",true,"Isolated / Disconnected","Emotional Repression / Keeping Feelings Inside","Maladaptive / Avoidant",2,true,"Schedule clinical assessment for acute anxiety and somatic distress. Coordinate with guidance counselor and adviser."
109238475427,"Jasmine Santiago",1,"None / Well Adjusted","None",1,"Minimal","None",4,"Minimal / None",false,"Strongly Supported","Creative & Artistic Expression (Music / Sketching)","Adaptive / Constructive",5,false,"General wellness maintenance. Continue participation in school clubs and leadership activities."
109238475428,"Adrian San Jose",1,"None / Well Adjusted","None",1,"Minimal","None",2,"Minimal / None",false,"Strongly Supported","Physical Exercise & Sports","Adaptive / Constructive",4,false,"Routine annual wellness check-in. Student demonstrates healthy emotional regulation and strong social support."
109238475429,"Francis Mendoza",5,"Severe Family Conflict & Parental Separation","Panic Episodes & Hyperventilation",17,"Severe","School Refusal & Morning Dread",20,"Severe",false,"Completely Alone","Emotional Repression / Keeping Feelings Inside","Maladaptive / Avoidant",1,true,"Schedule clinical assessment for acute anxiety and somatic distress. Coordinate with guidance counselor and adviser."
109238475430,"Dominic Flores",1,"None / Well Adjusted","None",2,"Minimal","None",4,"Minimal / None",false,"Strongly Supported","Creative & Artistic Expression (Music / Sketching)","Adaptive / Constructive",5,false,"Normal psychological profile; maintain proactive guidance wellness engagement."
109238475431,"Kristine Tan",1,"None / Well Adjusted","None",1,"Minimal","None",1,"Minimal / None",false,"Strongly Supported","Social Support (Talking with Friends/Family)","Adaptive / Constructive",4,false,"Routine annual wellness check-in. Student demonstrates healthy emotional regulation and strong social support."
109238475432,"Chloe Castro",3,"Midterm Project Deadlines","Afternoon Fatigue Slump",11,"Moderate","Procrastination on Difficult Modules",9,"Mild",false,"Isolated / Disconnected","Creative & Artistic Expression (Music / Sketching)","Neutral / Distraction",3,false,"Enroll in Peer Wellness Circle & Midterm Stress Management Workshop. Regular homeroom adviser check-in."
109238475433,"Sean Padilla",1,"None / Well Adjusted","None",2,"Minimal","None",3,"Minimal / None",false,"Strongly Supported","Problem-Focused (Study Plans / Consultations)","Adaptive / Constructive",5,false,"Routine annual wellness check-in. Student demonstrates healthy emotional regulation and strong social support."
109238475434,"Denise Garcia",2,"None / Well Adjusted","None",2,"Minimal","None",3,"Minimal / None",false,"Strongly Supported","Social Support (Talking with Friends/Family)","Adaptive / Constructive",4,false,"Normal psychological profile; maintain proactive guidance wellness engagement."
109238475435,"Bianca Mercado",2,"None / Well Adjusted","None",3,"Minimal","None",4,"Minimal / None",false,"Strongly Supported","Creative & Artistic Expression (Music / Sketching)","Adaptive / Constructive",4,false,"Normal psychological profile; maintain proactive guidance wellness engagement."
109238475436,"Rafael Salazar",3,"Time Management Between Chores and Studies","None",10,"Moderate","Procrastination on Difficult Modules",8,"Mild",false,"Moderately Supported","Passive Distraction (Excessive Screen Time / Gaming)","Neutral / Distraction",3,false,"Recommend school-life balance consultation and peer tutoring support for challenging subjects."
109238475437,"Princess Mae Villanueva",4,"Severe Family Conflict & Parental Separation","Emotional Exhaustion & Crying Spells",15,"Severe","Severe Avoidance of Class Recitations",21,"Severe",true,"Isolated / Disconnected","Emotional Repression / Keeping Feelings Inside","Maladaptive / Avoidant",2,true,"Immediate counseling intervention; enroll student in structured study management and emotional resilience coaching."
109238475438,"Karl Santiago",1,"None / Well Adjusted","None",2,"Minimal","None",1,"Minimal / None",false,"Strongly Supported","Physical Exercise & Sports","Adaptive / Constructive",4,false,"General wellness maintenance. Continue participation in school clubs and leadership activities."
109238475439,"Jasmine Santos",3,"Midterm Project Deadlines","Mild Headaches During Review",11,"Moderate","Procrastination on Difficult Modules",9,"Mild",false,"Moderately Supported","Creative & Artistic Expression (Music / Sketching)","Neutral / Distraction",3,false,"Provide bi-weekly guidance counselor mentoring for time management and test anxiety relief."
109238475440,"Karl Mercado",4,"Exam & Academic Performance Anxiety","Panic Episodes & Hyperventilation",19,"Severe","Severe Avoidance of Class Recitations",15,"Moderately Severe",true,"Isolated / Disconnected","Passive Distraction (Excessive Screen Time / Gaming)","Maladaptive / Avoidant",1,true,"Prioritize supportive clinical check-in; assess home stress factors and establish safe guidance office open door policy."
109238475441,"Camille Manalo",5,"Severe Family Conflict & Parental Separation","Chronic Insomnia & Restlessness",19,"Severe","School Refusal & Morning Dread",18,"Moderately Severe",true,"Isolated / Disconnected","Passive Distraction (Excessive Screen Time / Gaming)","Maladaptive / Avoidant",2,true,"Schedule clinical assessment for acute anxiety and somatic distress. Coordinate with guidance counselor and adviser."
109238475442,"Paolo Santiago",3,"Math Anxiety & Difficult Subject Fatigue","None",9,"Mild","Avoidance of Public Presentations",12,"Moderate",false,"Moderately Supported","Passive Distraction (Excessive Screen Time / Gaming)","Neutral / Distraction",2,true,"Recommend school-life balance consultation and peer tutoring support for challenging subjects."
109238475443,"Vanessa Bautista",3,"Parental High Expectation Pressure","Occasional Restlessness Before Exams",7,"Mild","Avoidance of Public Presentations",9,"Mild",false,"Moderately Supported","Passive Distraction (Excessive Screen Time / Gaming)","Neutral / Distraction",3,false,"Provide bi-weekly guidance counselor mentoring for time management and test anxiety relief."
109238475444,"Lucas Tolentino",2,"None / Well Adjusted","None",2,"Minimal","None",3,"Minimal / None",false,"Strongly Supported","Physical Exercise & Sports","Adaptive / Constructive",5,false,"General wellness maintenance. Continue participation in school clubs and leadership activities."
109238475445,"Rochelle Gonzales",3,"Math Anxiety & Difficult Subject Fatigue","None",8,"Mild","Classroom Restlessness / Fidgeting",9,"Mild",false,"Moderately Supported","Physical Exercise & Sports","Neutral / Distraction",3,false,"Provide bi-weekly guidance counselor mentoring for time management and test anxiety relief."
109238475446,"Gabriel Pascual",2,"None / Well Adjusted","None",4,"Minimal","None",4,"Minimal / None",false,"Strongly Supported","Physical Exercise & Sports","Adaptive / Constructive",5,false,"General wellness maintenance. Continue participation in school clubs and leadership activities."
109238475447,"Hannah Tan",5,"Financial Insecurity & Tuition Delay Panic","Chronic Insomnia & Restlessness",19,"Severe","Social Withdrawal from Peer Groups",22,"Severe",true,"Isolated / Disconnected","Emotional Repression / Keeping Feelings Inside","Maladaptive / Avoidant",1,true,"Immediate counseling intervention; enroll student in structured study management and emotional resilience coaching."
109238475448,"Sofia Tolentino",2,"None / Well Adjusted","None",1,"Minimal","None",3,"Minimal / None",false,"Strongly Supported","Creative & Artistic Expression (Music / Sketching)","Adaptive / Constructive",5,false,"Routine annual wellness check-in. Student demonstrates healthy emotional regulation and strong social support."
109238475449,"Kristine Santos",1,"None / Well Adjusted","None",2,"Minimal","None",1,"Minimal / None",false,"Strongly Supported","Social Support (Talking with Friends/Family)","Adaptive / Constructive",5,false,"General wellness maintenance. Continue participation in school clubs and leadership activities."
109238475450,"Karl Reyes",2,"None / Well Adjusted","None",1,"Minimal","None",1,"Minimal / None",false,"Strongly Supported","Physical Exercise & Sports","Adaptive / Constructive",5,false,"Routine annual wellness check-in. Student demonstrates healthy emotional regulation and strong social support."
109238475451,"Angelo Salazar",5,"Fear of Academic Failure & Retaining Grade","Emotional Exhaustion & Crying Spells",17,"Severe","Severe Avoidance of Class Recitations",21,"Severe",true,"Isolated / Disconnected","Passive Distraction (Excessive Screen Time / Gaming)","Maladaptive / Avoidant",1,true,"Schedule clinical assessment for acute anxiety and somatic distress. Coordinate with guidance counselor and adviser."
109238475452,"Angelica Bautista",3,"Midterm Project Deadlines","None",9,"Mild","Classroom Restlessness / Fidgeting",12,"Moderate",true,"Isolated / Disconnected","Avoidance & Withdrawal (Isolating / Skipping Tasks)","Neutral / Distraction",3,true,"Recommend school-life balance consultation and peer tutoring support for challenging subjects."
109238475453,"Kyle Valdez",1,"None / Well Adjusted","None",4,"Minimal","None",1,"Minimal / None",false,"Strongly Supported","Problem-Focused (Study Plans / Consultations)","Adaptive / Constructive",4,false,"General wellness maintenance. Continue participation in school clubs and leadership activities."
109238475454,"Christian Dave Ocampo",2,"None / Well Adjusted","None",4,"Minimal","None",4,"Minimal / None",false,"Strongly Supported","Creative & Artistic Expression (Music / Sketching)","Adaptive / Constructive",5,false,"Normal psychological profile; maintain proactive guidance wellness engagement."
109238475455,"Cedric Tolentino",1,"None / Well Adjusted","None",1,"Minimal","None",4,"Minimal / None",false,"Strongly Supported","Problem-Focused (Study Plans / Consultations)","Adaptive / Constructive",4,false,"General wellness maintenance. Continue participation in school clubs and leadership activities."
109238475456,"Angelo Mercado",3,"Parental High Expectation Pressure","Mild Headaches During Review",10,"Moderate","Classroom Restlessness / Fidgeting",12,"Moderate",false,"Moderately Supported","Physical Exercise & Sports","Neutral / Distraction",3,true,"Enroll in Peer Wellness Circle & Midterm Stress Management Workshop. Regular homeroom adviser check-in."
109238475457,"Camille Rivera",5,"Fear of Academic Failure & Retaining Grade","Frequent Tension Headaches & Nausea",14,"Moderate","Social Withdrawal from Peer Groups",15,"Moderately Severe",false,"Isolated / Disconnected","Avoidance & Withdrawal (Isolating / Skipping Tasks)","Maladaptive / Avoidant",2,true,"Urgent 1-on-1 confidential counseling intake required. Implement academic stress mitigation and parent conference."
109238475458,"Bea Patricia Alcantara",5,"Financial Insecurity & Tuition Delay Panic","Panic Episodes & Hyperventilation",18,"Severe","Severe Avoidance of Class Recitations",15,"Moderately Severe",false,"Isolated / Disconnected","Emotional Repression / Keeping Feelings Inside","Maladaptive / Avoidant",2,true,"Urgent 1-on-1 confidential counseling intake required. Implement academic stress mitigation and parent conference."
109238475459,"Samantha Nicole Bautista",1,"None / Well Adjusted","None",1,"Minimal","None",4,"Minimal / None",false,"Strongly Supported","Social Support (Talking with Friends/Family)","Adaptive / Constructive",5,false,"Normal psychological profile; maintain proactive guidance wellness engagement."
109238475460,"Cedric Manalo",1,"None / Well Adjusted","None",4,"Minimal","None",2,"Minimal / None",false,"Strongly Supported","Problem-Focused (Study Plans / Consultations)","Adaptive / Constructive",5,false,"Routine annual wellness check-in. Student demonstrates healthy emotional regulation and strong social support."
109238475461,"Daniel Bautista",3,"Math Anxiety & Difficult Subject Fatigue","None",12,"Moderate","Classroom Restlessness / Fidgeting",9,"Mild",false,"Isolated / Disconnected","Physical Exercise & Sports","Neutral / Distraction",2,true,"Recommend school-life balance consultation and peer tutoring support for challenging subjects."
109238475462,"Erika Santos",3,"Math Anxiety & Difficult Subject Fatigue","Afternoon Fatigue Slump",9,"Mild","Procrastination on Difficult Modules",9,"Mild",false,"Isolated / Disconnected","Passive Distraction (Excessive Screen Time / Gaming)","Neutral / Distraction",2,false,"Provide bi-weekly guidance counselor mentoring for time management and test anxiety relief."
109238475463,"Sean Santos",4,"Sleep Deprivation & Remediation Burnout","Frequent Tension Headaches & Nausea",14,"Moderate","Social Withdrawal from Peer Groups",22,"Severe",false,"Completely Alone","Passive Distraction (Excessive Screen Time / Gaming)","Maladaptive / Avoidant",2,true,"Prioritize supportive clinical check-in; assess home stress factors and establish safe guidance office open door policy."
109238475464,"Alexander Tolentino",1,"None / Well Adjusted","None",2,"Minimal","None",1,"Minimal / None",false,"Strongly Supported","Social Support (Talking with Friends/Family)","Adaptive / Constructive",4,false,"Normal psychological profile; maintain proactive guidance wellness engagement."
109238475465,"Daniel San Jose",2,"None / Well Adjusted","None",3,"Minimal","None",4,"Minimal / None",false,"Strongly Supported","Problem-Focused (Study Plans / Consultations)","Adaptive / Constructive",4,false,"General wellness maintenance. Continue participation in school clubs and leadership activities."
109238475466,"Angelo Aquino",4,"Fear of Academic Failure & Retaining Grade","Emotional Exhaustion & Crying Spells",15,"Severe","Severe Avoidance of Class Recitations",23,"Severe",true,"Isolated / Disconnected","Passive Distraction (Excessive Screen Time / Gaming)","Maladaptive / Avoidant",2,true,"Prioritize supportive clinical check-in; assess home stress factors and establish safe guidance office open door policy."
109238475467,"Joshua Santos",4,"Sleep Deprivation & Remediation Burnout","Chronic Insomnia & Restlessness",18,"Severe","Severe Avoidance of Class Recitations",17,"Moderately Severe",true,"Isolated / Disconnected","Passive Distraction (Excessive Screen Time / Gaming)","Maladaptive / Avoidant",2,true,"Immediate counseling intervention; enroll student in structured study management and emotional resilience coaching."
109238475468,"Denise De Leon",1,"None / Well Adjusted","None",4,"Minimal","None",1,"Minimal / None",false,"Strongly Supported","Social Support (Talking with Friends/Family)","Adaptive / Constructive",5,false,"Routine annual wellness check-in. Student demonstrates healthy emotional regulation and strong social support."
109238475469,"Daniel Pascual",3,"Midterm Project Deadlines","Afternoon Fatigue Slump",10,"Moderate","Procrastination on Difficult Modules",10,"Moderate",false,"Moderately Supported","Avoidance & Withdrawal (Isolating / Skipping Tasks)","Neutral / Distraction",2,false,"Enroll in Peer Wellness Circle & Midterm Stress Management Workshop. Regular homeroom adviser check-in."
109238475470,"Paolo Ocampo",3,"Parental High Expectation Pressure","None",11,"Moderate","Avoidance of Public Presentations",9,"Mild",true,"Isolated / Disconnected","Avoidance & Withdrawal (Isolating / Skipping Tasks)","Neutral / Distraction",3,false,"Monitor mood trends via daily check-ins; adviser check-in if attendance slips."
109238475471,"Kyle Ramos",2,"None / Well Adjusted","None",1,"Minimal","None",4,"Minimal / None",false,"Strongly Supported","Physical Exercise & Sports","Adaptive / Constructive",5,false,"Normal psychological profile; maintain proactive guidance wellness engagement."
109238475472,"Rochelle Tolentino",3,"Midterm Project Deadlines","None",10,"Moderate","Avoidance of Public Presentations",8,"Mild",false,"Moderately Supported","Passive Distraction (Excessive Screen Time / Gaming)","Neutral / Distraction",2,false,"Recommend school-life balance consultation and peer tutoring support for challenging subjects."
109238475473,"Adrian Santiago",1,"None / Well Adjusted","None",2,"Minimal","None",3,"Minimal / None",false,"Strongly Supported","Problem-Focused (Study Plans / Consultations)","Adaptive / Constructive",5,false,"Normal psychological profile; maintain proactive guidance wellness engagement."
109238475474,"Adrian Rivera",2,"None / Well Adjusted","None",2,"Minimal","None",2,"Minimal / None",false,"Strongly Supported","Physical Exercise & Sports","Adaptive / Constructive",4,false,"Routine annual wellness check-in. Student demonstrates healthy emotional regulation and strong social support."
109238475475,"Princess Mae Alcantara",2,"None / Well Adjusted","None",1,"Minimal","None",4,"Minimal / None",false,"Strongly Supported","Creative & Artistic Expression (Music / Sketching)","Adaptive / Constructive",4,false,"General wellness maintenance. Continue participation in school clubs and leadership activities."
109238475476,"Rochelle Soriano",1,"None / Well Adjusted","None",3,"Minimal","None",2,"Minimal / None",false,"Strongly Supported","Social Support (Talking with Friends/Family)","Adaptive / Constructive",4,false,"Routine annual wellness check-in. Student demonstrates healthy emotional regulation and strong social support."
109238475477,"Sofia Salazar",3,"Parental High Expectation Pressure","Occasional Restlessness Before Exams",7,"Mild","Classroom Restlessness / Fidgeting",12,"Moderate",false,"Moderately Supported","Social Support (Talking with Friends/Family)","Adaptive / Constructive",3,true,"Monitor mood trends via daily check-ins; adviser check-in if attendance slips."
109238475478,"Alyssa San Jose",1,"None / Well Adjusted","None",4,"Minimal","None",4,"Minimal / None",false,"Strongly Supported","Problem-Focused (Study Plans / Consultations)","Adaptive / Constructive",4,false,"Normal psychological profile; maintain proactive guidance wellness engagement."
109238475479,"Denise Corpuz",3,"Parental High Expectation Pressure","None",10,"Moderate","Avoidance of Public Presentations",7,"Mild",false,"Moderately Supported","Emotional Repression / Keeping Feelings Inside","Neutral / Distraction",2,false,"Monitor mood trends via daily check-ins; adviser check-in if attendance slips."
109238475480,"Dominic Pascual",1,"None / Well Adjusted","None",2,"Minimal","None",2,"Minimal / None",false,"Strongly Supported","Physical Exercise & Sports","Adaptive / Constructive",4,false,"Normal psychological profile; maintain proactive guidance wellness engagement."
109238475481,"Sofia Villanueva",1,"None / Well Adjusted","None",1,"Minimal","None",2,"Minimal / None",false,"Strongly Supported","Problem-Focused (Study Plans / Consultations)","Adaptive / Constructive",5,false,"General wellness maintenance. Continue participation in school clubs and leadership activities."
109238475482,"John Carlo Valdez",1,"None / Well Adjusted","None",3,"Minimal","None",4,"Minimal / None",false,"Strongly Supported","Problem-Focused (Study Plans / Consultations)","Adaptive / Constructive",5,false,"General wellness maintenance. Continue participation in school clubs and leadership activities."
109238475483,"Nathan Ocampo",1,"None / Well Adjusted","None",3,"Minimal","None",3,"Minimal / None",false,"Strongly Supported","Creative & Artistic Expression (Music / Sketching)","Adaptive / Constructive",4,false,"Routine annual wellness check-in. Student demonstrates healthy emotional regulation and strong social support."
109238475484,"Mark Kenneth Torres",1,"None / Well Adjusted","None",2,"Minimal","None",4,"Minimal / None",false,"Strongly Supported","Creative & Artistic Expression (Music / Sketching)","Adaptive / Constructive",5,false,"General wellness maintenance. Continue participation in school clubs and leadership activities."
109238475485,"Daniel Domingo",2,"None / Well Adjusted","None",1,"Minimal","None",3,"Minimal / None",false,"Strongly Supported","Creative & Artistic Expression (Music / Sketching)","Adaptive / Constructive",5,false,"Routine annual wellness check-in. Student demonstrates healthy emotional regulation and strong social support."
109238475486,"Denise Mendoza",3,"Time Management Between Chores and Studies","None",9,"Mild","Classroom Restlessness / Fidgeting",10,"Moderate",false,"Moderately Supported","Problem-Focused (Study Plans / Consultations)","Adaptive / Constructive",3,false,"Provide bi-weekly guidance counselor mentoring for time management and test anxiety relief."
109238475487,"Ethan Navarro",1,"None / Well Adjusted","None",1,"Minimal","None",3,"Minimal / None",false,"Strongly Supported","Social Support (Talking with Friends/Family)","Adaptive / Constructive",5,false,"Routine annual wellness check-in. Student demonstrates healthy emotional regulation and strong social support."
109238475488,"Cedric Rivera",2,"None / Well Adjusted","None",2,"Minimal","None",2,"Minimal / None",false,"Strongly Supported","Physical Exercise & Sports","Adaptive / Constructive",4,false,"Normal psychological profile; maintain proactive guidance wellness engagement."
109238475489,"Jasmine Domingo",4,"Severe Family Conflict & Parental Separation","Panic Episodes & Hyperventilation",17,"Severe","School Refusal & Morning Dread",17,"Moderately Severe",true,"Completely Alone","Emotional Repression / Keeping Feelings Inside","Maladaptive / Avoidant",1,true,"Immediate counseling intervention; enroll student in structured study management and emotional resilience coaching."
109238475490,"Camille Corpuz",1,"None / Well Adjusted","None",1,"Minimal","None",2,"Minimal / None",false,"Strongly Supported","Problem-Focused (Study Plans / Consultations)","Adaptive / Constructive",4,false,"General wellness maintenance. Continue participation in school clubs and leadership activities."
109238475491,"Mariel Tolentino",1,"None / Well Adjusted","None",1,"Minimal","None",1,"Minimal / None",false,"Strongly Supported","Physical Exercise & Sports","Adaptive / Constructive",4,false,"General wellness maintenance. Continue participation in school clubs and leadership activities."
109238475492,"Kathleen Lim",1,"None / Well Adjusted","None",3,"Minimal","None",4,"Minimal / None",false,"Strongly Supported","Creative & Artistic Expression (Music / Sketching)","Adaptive / Constructive",4,false,"General wellness maintenance. Continue participation in school clubs and leadership activities."
109238475493,"Vincent Tolentino",3,"Time Management Between Chores and Studies","None",9,"Mild","Classroom Restlessness / Fidgeting",10,"Moderate",false,"Moderately Supported","Problem-Focused (Study Plans / Consultations)","Adaptive / Constructive",3,false,"Recommend school-life balance consultation and peer tutoring support for challenging subjects."
109238475494,"Princess Mae Santos",1,"None / Well Adjusted","None",4,"Minimal","None",1,"Minimal / None",false,"Strongly Supported","Problem-Focused (Study Plans / Consultations)","Adaptive / Constructive",4,false,"Routine annual wellness check-in. Student demonstrates healthy emotional regulation and strong social support."
109238475495,"Karl Lim",1,"None / Well Adjusted","None",2,"Minimal","None",3,"Minimal / None",false,"Strongly Supported","Creative & Artistic Expression (Music / Sketching)","Adaptive / Constructive",4,false,"Routine annual wellness check-in. Student demonstrates healthy emotional regulation and strong social support."
109238475496,"Lance Dela Cruz",3,"Math Anxiety & Difficult Subject Fatigue","Mild Headaches During Review",7,"Mild","Classroom Restlessness / Fidgeting",9,"Mild",true,"Isolated / Disconnected","Physical Exercise & Sports","Neutral / Distraction",3,false,"Monitor mood trends via daily check-ins; adviser check-in if attendance slips."
109238475497,"Trisha Castro",1,"None / Well Adjusted","None",2,"Minimal","None",1,"Minimal / None",false,"Strongly Supported","Problem-Focused (Study Plans / Consultations)","Adaptive / Constructive",4,false,"General wellness maintenance. Continue participation in school clubs and leadership activities."
109238475498,"Nicole Santos",3,"Midterm Project Deadlines","None",8,"Mild","Classroom Restlessness / Fidgeting",10,"Moderate",false,"Isolated / Disconnected","Physical Exercise & Sports","Neutral / Distraction",2,false,"Enroll in Peer Wellness Circle & Midterm Stress Management Workshop. Regular homeroom adviser check-in."
109238475499,"Christian Dave Santos",5,"Exam & Academic Performance Anxiety","Chronic Insomnia & Restlessness",14,"Moderate","Test Panic & Freezing During Exams",21,"Severe",true,"Isolated / Disconnected","Avoidance & Withdrawal (Isolating / Skipping Tasks)","Maladaptive / Avoidant",1,true,"Schedule clinical assessment for acute anxiety and somatic distress. Coordinate with guidance counselor and adviser."
109238475500,"Alyssa Tan",3,"Peer Relationship & Social Adjustment Strain","Afternoon Fatigue Slump",12,"Moderate","Procrastination on Difficult Modules",10,"Moderate",false,"Isolated / Disconnected","Creative & Artistic Expression (Music / Sketching)","Neutral / Distraction",3,true,"Monitor mood trends via daily check-ins; adviser check-in if attendance slips."
