lrn,student_name,checkin_date,mood_score_1_to_5,mood_label,energy_level_1_to_5,primary_stressor,streak_days,reflection_note
109238475001,"Jerome Santos",2026-09-15,2,"Stressed",2,"Exams / Deadlines",10,"Nag-aalala ako sa matrikula at baka hindi ako maka-exam sa finals."
109238475001,"Jerome Santos",2026-09-16,3,"Okay / Neutral",1,"Academics",10,"Nag-aalala ako sa matrikula at baka hindi ako maka-exam sa finals."
109238475001,"Jerome Santos",2026-09-17,1,"Overwhelmed",1,"Family",10,"Walang katuwang sa bahay, ako nag-aalaga sa mga kapatid ko habang nag-aaral."
109238475001,"Jerome Santos",2026-09-18,3,"Okay / Neutral",1,"Finances",10,"Sobrang nahihirapan na po ako sa Chemistry at Pre-Cal. Hindi na po ako makatulog sa gabi."
109238475001,"Jerome Santos",2026-09-19,1,"Overwhelmed",1,"Finances",10,"Nag-aalala ako sa matrikula at baka hindi ako maka-exam sa finals."
109238475002,"Alyssa Castro",2026-09-15,3,"Okay / Neutral",3,"Physical Health",10,"Medyo puyat kaka-review, pero nakabawi naman ng tulog."
109238475002,"Alyssa Castro",2026-09-16,2,"Stressed",3,"None / Peaceful",10,"Nangangailangan ng review session sa Math bago mag-midterm."
109238475002,"Alyssa Castro",2026-09-17,3,"Okay / Neutral",2,"Academics",10,"Medyo puyat kaka-review, pero nakabawi naman ng tulog."
109238475002,"Alyssa Castro",2026-09-18,2,"Stressed",2,"Family",10,"May kaunting financial delay pero nakiusap naman kami sa accounting."
109238475002,"Alyssa Castro",2026-09-19,4,"Good",2,"Sleep",10,"Medyo puyat kaka-review, pero nakabawi naman ng tulog."
109238475003,"Shaina Soriano",2026-09-15,4,"Good",3,"Academics",3,"Medyo busy dahil sa papalapit na group presentation pero kakayanin."
109238475003,"Shaina Soriano",2026-09-16,3,"Okay / Neutral",2,"Physical Health",3,"Nangangailangan ng review session sa Math bago mag-midterm."
109238475003,"Shaina Soriano",2026-09-17,2,"Stressed",2,"Academics",3,"Medyo puyat kaka-review, pero nakabawi naman ng tulog."
109238475003,"Shaina Soriano",2026-09-18,2,"Stressed",3,"Family",3,"Nangangailangan ng review session sa Math bago mag-midterm."
109238475003,"Shaina Soriano",2026-09-19,4,"Good",3,"Academics",3,"Nangangailangan ng review session sa Math bago mag-midterm."
109238475004,"Hannah Tolentino",2026-09-15,3,"Okay / Neutral",5,"None / Peaceful",12,"Masaya ang homeroom activity kanina kasama ang advisory class!"
109238475004,"Hannah Tolentino",2026-09-16,5,"Energized",4,"None / Peaceful",12,"Feeling energized after PE class. Focused on my study goals."
109238475004,"Hannah Tolentino",2026-09-17,4,"Good",4,"None / Peaceful",12,"Natapos ko lahat ng assignments on time. Peaceful weekend ahead."
109238475004,"Hannah Tolentino",2026-09-18,5,"Energized",5,"None / Peaceful",12,"Maganda ang score ko sa science experiment. Ready for tomorrow!"
109238475004,"Hannah Tolentino",2026-09-19,5,"Energized",4,"None / Peaceful",12,"Feeling energized after PE class. Focused on my study goals."
109238475005,"Danielle Torres",2026-09-15,5,"Energized",4,"None / Peaceful",7,"Maganda ang score ko sa science experiment. Ready for tomorrow!"
109238475005,"Danielle Torres",2026-09-16,3,"Okay / Neutral",4,"None / Peaceful",7,"Natapos ko lahat ng assignments on time. Peaceful weekend ahead."
109238475005,"Danielle Torres",2026-09-17,5,"Energized",5,"None / Peaceful",7,"Natapos ko lahat ng assignments on time. Peaceful weekend ahead."
109238475005,"Danielle Torres",2026-09-18,5,"Energized",5,"Exams / Deadlines",7,"Masaya ang homeroom activity kanina kasama ang advisory class!"
109238475005,"Danielle Torres",2026-09-19,3,"Okay / Neutral",4,"None / Peaceful",7,"Natapos ko lahat ng assignments on time. Peaceful weekend ahead."
109238475006,"Vincent Ocampo",2026-09-15,2,"Stressed",3,"Family",11,"Nangangailangan ng review session sa Math bago mag-midterm."
109238475006,"Vincent Ocampo",2026-09-16,4,"Good",3,"Physical Health",11,"Medyo puyat kaka-review, pero nakabawi naman ng tulog."
109238475006,"Vincent Ocampo",2026-09-17,2,"Stressed",3,"Academics",11,"Medyo puyat kaka-review, pero nakabawi naman ng tulog."
109238475006,"Vincent Ocampo",2026-09-18,4,"Good",2,"Finances",11,"Nangangailangan ng review session sa Math bago mag-midterm."
109238475006,"Vincent Ocampo",2026-09-19,2,"Stressed",2,"Physical Health",11,"May kaunting financial delay pero nakiusap naman kami sa accounting."
109238475007,"Chloe San Jose",2026-09-15,2,"Stressed",2,"Finances",10,"Nangangailangan ng review session sa Math bago mag-midterm."
109238475007,"Chloe San Jose",2026-09-16,3,"Okay / Neutral",3,"Physical Health",10,"May kaunting financial delay pero nakiusap naman kami sa accounting."
109238475007,"Chloe San Jose",2026-09-17,2,"Stressed",2,"Sleep",10,"Medyo puyat kaka-review, pero nakabawi naman ng tulog."
109238475007,"Chloe San Jose",2026-09-18,4,"Good",2,"Family",10,"Medyo busy dahil sa papalapit na group presentation pero kakayanin."
109238475007,"Chloe San Jose",2026-09-19,2,"Stressed",2,"Academics",10,"Nangangailangan ng review session sa Math bago mag-midterm."
109238475008,"Lucas Valdez",2026-09-15,4,"Good",3,"Exams / Deadlines",4,"Medyo puyat kaka-review, pero nakabawi naman ng tulog."
109238475008,"Lucas Valdez",2026-09-16,4,"Good",2,"Exams / Deadlines",4,"Medyo busy dahil sa papalapit na group presentation pero kakayanin."
109238475008,"Lucas Valdez",2026-09-17,4,"Good",2,"Finances",4,"Medyo busy dahil sa papalapit na group presentation pero kakayanin."
109238475008,"Lucas Valdez",2026-09-18,2,"Stressed",3,"Family",4,"Nangangailangan ng review session sa Math bago mag-midterm."
109238475008,"Lucas Valdez",2026-09-19,4,"Good",3,"Academics",4,"Medyo puyat kaka-review, pero nakabawi naman ng tulog."
109238475009,"Miguel Rivera",2026-09-15,4,"Good",4,"None / Peaceful",5,"Feeling energized after PE class. Focused on my study goals."
109238475009,"Miguel Rivera",2026-09-16,5,"Energized",5,"None / Peaceful",5,"Natapos ko lahat ng assignments on time. Peaceful weekend ahead."
109238475009,"Miguel Rivera",2026-09-17,5,"Energized",4,"Exams / Deadlines",5,"Maganda ang score ko sa science experiment. Ready for tomorrow!"
109238475009,"Miguel Rivera",2026-09-18,5,"Energized",5,"None / Peaceful",5,"Maganda ang score ko sa science experiment. Ready for tomorrow!"
109238475009,"Miguel Rivera",2026-09-19,4,"Good",4,"None / Peaceful",5,"Masaya ang homeroom activity kanina kasama ang advisory class!"
109238475010,"Danielle Garcia",2026-09-15,4,"Good",2,"Finances",8,"Nangangailangan ng review session sa Math bago mag-midterm."
109238475010,"Danielle Garcia",2026-09-16,4,"Good",2,"Exams / Deadlines",8,"May kaunting financial delay pero nakiusap naman kami sa accounting."
109238475010,"Danielle Garcia",2026-09-17,4,"Good",3,"Family",8,"Medyo puyat kaka-review, pero nakabawi naman ng tulog."
109238475010,"Danielle Garcia",2026-09-18,3,"Okay / Neutral",3,"None / Peaceful",8,"May kaunting financial delay pero nakiusap naman kami sa accounting."
109238475010,"Danielle Garcia",2026-09-19,2,"Stressed",2,"Finances",8,"Medyo puyat kaka-review, pero nakabawi naman ng tulog."
109238475011,"Danielle Corpuz",2026-09-15,3,"Okay / Neutral",4,"None / Peaceful",5,"Natapos ko lahat ng assignments on time. Peaceful weekend ahead."
109238475011,"Danielle Corpuz",2026-09-16,5,"Energized",4,"None / Peaceful",5,"Maganda ang score ko sa science experiment. Ready for tomorrow!"
109238475011,"Danielle Corpuz",2026-09-17,4,"Good",5,"None / Peaceful",5,"Maganda ang score ko sa science experiment. Ready for tomorrow!"
109238475011,"Danielle Corpuz",2026-09-18,5,"Energized",5,"Exams / Deadlines",5,"Natapos ko lahat ng assignments on time. Peaceful weekend ahead."
109238475011,"Danielle Corpuz",2026-09-19,4,"Good",4,"Exams / Deadlines",5,"Feeling energized after PE class. Focused on my study goals."
109238475012,"Althea Ocampo",2026-09-15,4,"Good",5,"Exams / Deadlines",14,"Feeling energized after PE class. Focused on my study goals."
109238475012,"Althea Ocampo",2026-09-16,3,"Okay / Neutral",5,"Exams / Deadlines",14,"Masaya ang homeroom activity kanina kasama ang advisory class!"
109238475012,"Althea Ocampo",2026-09-17,4,"Good",4,"Exams / Deadlines",14,"Masaya ang homeroom activity kanina kasama ang advisory class!"
109238475012,"Althea Ocampo",2026-09-18,4,"Good",4,"None / Peaceful",14,"Maganda ang score ko sa science experiment. Ready for tomorrow!"
109238475012,"Althea Ocampo",2026-09-19,4,"Good",4,"None / Peaceful",14,"Feeling energized after PE class. Focused on my study goals."
109238475013,"Princess Mae Soriano",2026-09-15,3,"Okay / Neutral",2,"Academics",6,"Medyo puyat kaka-review, pero nakabawi naman ng tulog."
109238475013,"Princess Mae Soriano",2026-09-16,4,"Good",3,"Finances",6,"Medyo busy dahil sa papalapit na group presentation pero kakayanin."
109238475013,"Princess Mae Soriano",2026-09-17,4,"Good",2,"Finances",6,"Medyo busy dahil sa papalapit na group presentation pero kakayanin."
109238475013,"Princess Mae Soriano",2026-09-18,2,"Stressed",2,"Family",6,"Nangangailangan ng review session sa Math bago mag-midterm."
109238475013,"Princess Mae Soriano",2026-09-19,3,"Okay / Neutral",2,"Physical Health",6,"Medyo busy dahil sa papalapit na group presentation pero kakayanin."
109238475014,"Erika San Jose",2026-09-15,5,"Energized",4,"None / Peaceful",10,"Natapos ko lahat ng assignments on time. Peaceful weekend ahead."
109238475014,"Erika San Jose",2026-09-16,3,"Okay / Neutral",4,"None / Peaceful",10,"Masaya ang homeroom activity kanina kasama ang advisory class!"
109238475014,"Erika San Jose",2026-09-17,5,"Energized",4,"None / Peaceful",10,"Natapos ko lahat ng assignments on time. Peaceful weekend ahead."
109238475014,"Erika San Jose",2026-09-18,5,"Energized",4,"None / Peaceful",10,"Feeling energized after PE class. Focused on my study goals."
109238475014,"Erika San Jose",2026-09-19,4,"Good",4,"None / Peaceful",10,"Natapos ko lahat ng assignments on time. Peaceful weekend ahead."
109238475015,"Camille Padilla",2026-09-15,4,"Good",4,"Exams / Deadlines",6,"Natapos ko lahat ng assignments on time. Peaceful weekend ahead."
109238475015,"Camille Padilla",2026-09-16,3,"Okay / Neutral",4,"None / Peaceful",6,"Natapos ko lahat ng assignments on time. Peaceful weekend ahead."
109238475015,"Camille Padilla",2026-09-17,5,"Energized",5,"Exams / Deadlines",6,"Natapos ko lahat ng assignments on time. Peaceful weekend ahead."
109238475015,"Camille Padilla",2026-09-18,4,"Good",4,"Exams / Deadlines",6,"Feeling energized after PE class. Focused on my study goals."
109238475015,"Camille Padilla",2026-09-19,5,"Energized",4,"Exams / Deadlines",6,"Maganda ang score ko sa science experiment. Ready for tomorrow!"
109238475016,"Angelo Ramos",2026-09-15,2,"Stressed",3,"None / Peaceful",8,"Nangangailangan ng review session sa Math bago mag-midterm."
109238475016,"Angelo Ramos",2026-09-16,3,"Okay / Neutral",3,"None / Peaceful",8,"May kaunting financial delay pero nakiusap naman kami sa accounting."
109238475016,"Angelo Ramos",2026-09-17,3,"Okay / Neutral",3,"None / Peaceful",8,"Medyo busy dahil sa papalapit na group presentation pero kakayanin."
109238475016,"Angelo Ramos",2026-09-18,2,"Stressed",3,"Finances",8,"Medyo puyat kaka-review, pero nakabawi naman ng tulog."
109238475016,"Angelo Ramos",2026-09-19,4,"Good",3,"Physical Health",8,"Nangangailangan ng review session sa Math bago mag-midterm."
109238475017,"Aaron Corpuz",2026-09-15,3,"Okay / Neutral",5,"None / Peaceful",12,"Maganda ang score ko sa science experiment. Ready for tomorrow!"
109238475017,"Aaron Corpuz",2026-09-16,4,"Good",4,"None / Peaceful",12,"Maganda ang score ko sa science experiment. Ready for tomorrow!"
109238475017,"Aaron Corpuz",2026-09-17,5,"Energized",4,"None / Peaceful",12,"Feeling energized after PE class. Focused on my study goals."
109238475017,"Aaron Corpuz",2026-09-18,5,"Energized",4,"None / Peaceful",12,"Natapos ko lahat ng assignments on time. Peaceful weekend ahead."
109238475017,"Aaron Corpuz",2026-09-19,4,"Good",4,"None / Peaceful",12,"Masaya ang homeroom activity kanina kasama ang advisory class!"
109238475018,"Trisha Bautista",2026-09-15,5,"Energized",4,"None / Peaceful",3,"Feeling energized after PE class. Focused on my study goals."
109238475018,"Trisha Bautista",2026-09-16,5,"Energized",4,"None / Peaceful",3,"Natapos ko lahat ng assignments on time. Peaceful weekend ahead."
109238475018,"Trisha Bautista",2026-09-17,5,"Energized",4,"None / Peaceful",3,"Feeling energized after PE class. Focused on my study goals."
109238475018,"Trisha Bautista",2026-09-18,5,"Energized",5,"Exams / Deadlines",3,"Natapos ko lahat ng assignments on time. Peaceful weekend ahead."
109238475018,"Trisha Bautista",2026-09-19,4,"Good",5,"None / Peaceful",3,"Masaya ang homeroom activity kanina kasama ang advisory class!"
109238475019,"Mariel Rivera",2026-09-15,5,"Energized",5,"Exams / Deadlines",11,"Natapos ko lahat ng assignments on time. Peaceful weekend ahead."
109238475019,"Mariel Rivera",2026-09-16,5,"Energized",4,"None / Peaceful",11,"Feeling energized after PE class. Focused on my study goals."
109238475019,"Mariel Rivera",2026-09-17,5,"Energized",5,"None / Peaceful",11,"Feeling energized after PE class. Focused on my study goals."
109238475019,"Mariel Rivera",2026-09-18,4,"Good",4,"Exams / Deadlines",11,"Masaya ang homeroom activity kanina kasama ang advisory class!"
109238475019,"Mariel Rivera",2026-09-19,5,"Energized",4,"None / Peaceful",11,"Natapos ko lahat ng assignments on time. Peaceful weekend ahead."
109238475020,"Nicole Padilla",2026-09-15,4,"Good",5,"Exams / Deadlines",13,"Natapos ko lahat ng assignments on time. Peaceful weekend ahead."
109238475020,"Nicole Padilla",2026-09-16,3,"Okay / Neutral",4,"None / Peaceful",13,"Natapos ko lahat ng assignments on time. Peaceful weekend ahead."
109238475020,"Nicole Padilla",2026-09-17,5,"Energized",5,"None / Peaceful",13,"Natapos ko lahat ng assignments on time. Peaceful weekend ahead."
109238475020,"Nicole Padilla",2026-09-18,4,"Good",4,"None / Peaceful",13,"Feeling energized after PE class. Focused on my study goals."
109238475020,"Nicole Padilla",2026-09-19,5,"Energized",5,"None / Peaceful",13,"Natapos ko lahat ng assignments on time. Peaceful weekend ahead."
109238475021,"Miguel Mendoza",2026-09-15,4,"Good",3,"Family",12,"Medyo busy dahil sa papalapit na group presentation pero kakayanin."
109238475021,"Miguel Mendoza",2026-09-16,4,"Good",2,"Family",12,"May kaunting financial delay pero nakiusap naman kami sa accounting."
109238475021,"Miguel Mendoza",2026-09-17,4,"Good",3,"Academics",12,"Nangangailangan ng review session sa Math bago mag-midterm."
109238475021,"Miguel Mendoza",2026-09-18,3,"Okay / Neutral",3,"Finances",12,"May kaunting financial delay pero nakiusap naman kami sa accounting."
109238475021,"Miguel Mendoza",2026-09-19,4,"Good",3,"Academics",12,"May kaunting financial delay pero nakiusap naman kami sa accounting."
109238475022,"Gabriel Bautista",2026-09-15,5,"Energized",5,"None / Peaceful",13,"Natapos ko lahat ng assignments on time. Peaceful weekend ahead."
109238475022,"Gabriel Bautista",2026-09-16,4,"Good",4,"None / Peaceful",13,"Maganda ang score ko sa science experiment. Ready for tomorrow!"
109238475022,"Gabriel Bautista",2026-09-17,5,"Energized",5,"None / Peaceful",13,"Feeling energized after PE class. Focused on my study goals."
109238475022,"Gabriel Bautista",2026-09-18,5,"Energized",4,"None / Peaceful",13,"Maganda ang score ko sa science experiment. Ready for tomorrow!"
109238475022,"Gabriel Bautista",2026-09-19,3,"Okay / Neutral",4,"None / Peaceful",13,"Natapos ko lahat ng assignments on time. Peaceful weekend ahead."
109238475023,"Jasmine De Leon",2026-09-15,4,"Good",3,"Exams / Deadlines",6,"Medyo busy dahil sa papalapit na group presentation pero kakayanin."
109238475023,"Jasmine De Leon",2026-09-16,2,"Stressed",2,"Sleep",6,"Medyo busy dahil sa papalapit na group presentation pero kakayanin."
109238475023,"Jasmine De Leon",2026-09-17,4,"Good",3,"Sleep",6,"Nangangailangan ng review session sa Math bago mag-midterm."
109238475023,"Jasmine De Leon",2026-09-18,3,"Okay / Neutral",3,"Physical Health",6,"May kaunting financial delay pero nakiusap naman kami sa accounting."
109238475023,"Jasmine De Leon",2026-09-19,4,"Good",2,"Sleep",6,"Nangangailangan ng review session sa Math bago mag-midterm."
109238475024,"Gabriel Padilla",2026-09-15,5,"Energized",4,"None / Peaceful",10,"Natapos ko lahat ng assignments on time. Peaceful weekend ahead."
109238475024,"Gabriel Padilla",2026-09-16,3,"Okay / Neutral",5,"None / Peaceful",10,"Natapos ko lahat ng assignments on time. Peaceful weekend ahead."
109238475024,"Gabriel Padilla",2026-09-17,4,"Good",5,"None / Peaceful",10,"Maganda ang score ko sa science experiment. Ready for tomorrow!"
109238475024,"Gabriel Padilla",2026-09-18,4,"Good",4,"None / Peaceful",10,"Masaya ang homeroom activity kanina kasama ang advisory class!"
109238475024,"Gabriel Padilla",2026-09-19,4,"Good",5,"None / Peaceful",10,"Masaya ang homeroom activity kanina kasama ang advisory class!"
109238475025,"Sofia Reyes",2026-09-15,2,"Stressed",2,"Finances",13,"Nangangailangan ng review session sa Math bago mag-midterm."
109238475025,"Sofia Reyes",2026-09-16,4,"Good",3,"Exams / Deadlines",13,"Medyo puyat kaka-review, pero nakabawi naman ng tulog."
109238475025,"Sofia Reyes",2026-09-17,4,"Good",3,"Physical Health",13,"Nangangailangan ng review session sa Math bago mag-midterm."
109238475025,"Sofia Reyes",2026-09-18,3,"Okay / Neutral",3,"Academics",13,"Medyo busy dahil sa papalapit na group presentation pero kakayanin."
109238475025,"Sofia Reyes",2026-09-19,3,"Okay / Neutral",3,"Finances",13,"Medyo busy dahil sa papalapit na group presentation pero kakayanin."
109238475026,"Danielle Reyes",2026-09-15,5,"Energized",4,"None / Peaceful",13,"Feeling energized after PE class. Focused on my study goals."
109238475026,"Danielle Reyes",2026-09-16,5,"Energized",4,"Exams / Deadlines",13,"Feeling energized after PE class. Focused on my study goals."
109238475026,"Danielle Reyes",2026-09-17,5,"Energized",5,"None / Peaceful",13,"Maganda ang score ko sa science experiment. Ready for tomorrow!"
109238475026,"Danielle Reyes",2026-09-18,4,"Good",5,"None / Peaceful",13,"Feeling energized after PE class. Focused on my study goals."
109238475026,"Danielle Reyes",2026-09-19,5,"Energized",4,"None / Peaceful",13,"Feeling energized after PE class. Focused on my study goals."
109238475027,"Bea Patricia Flores",2026-09-15,5,"Energized",4,"None / Peaceful",11,"Maganda ang score ko sa science experiment. Ready for tomorrow!"
109238475027,"Bea Patricia Flores",2026-09-16,4,"Good",4,"None / Peaceful",11,"Feeling energized after PE class. Focused on my study goals."
109238475027,"Bea Patricia Flores",2026-09-17,5,"Energized",5,"Exams / Deadlines",11,"Natapos ko lahat ng assignments on time. Peaceful weekend ahead."
109238475027,"Bea Patricia Flores",2026-09-18,5,"Energized",4,"None / Peaceful",11,"Feeling energized after PE class. Focused on my study goals."
109238475027,"Bea Patricia Flores",2026-09-19,5,"Energized",5,"Exams / Deadlines",11,"Masaya ang homeroom activity kanina kasama ang advisory class!"
109238475028,"Kathleen Ocampo",2026-09-15,3,"Okay / Neutral",2,"Finances",5,"Medyo puyat kaka-review, pero nakabawi naman ng tulog."
109238475028,"Kathleen Ocampo",2026-09-16,3,"Okay / Neutral",3,"Family",5,"May kaunting financial delay pero nakiusap naman kami sa accounting."
109238475028,"Kathleen Ocampo",2026-09-17,2,"Stressed",2,"None / Peaceful",5,"Nangangailangan ng review session sa Math bago mag-midterm."
109238475028,"Kathleen Ocampo",2026-09-18,2,"Stressed",3,"Physical Health",5,"Medyo busy dahil sa papalapit na group presentation pero kakayanin."
109238475028,"Kathleen Ocampo",2026-09-19,3,"Okay / Neutral",3,"Exams / Deadlines",5,"May kaunting financial delay pero nakiusap naman kami sa accounting."
109238475029,"Shaina Navarro",2026-09-15,3,"Okay / Neutral",2,"Academics",3,"Nag-aalala ako sa matrikula at baka hindi ako maka-exam sa finals."
109238475029,"Shaina Navarro",2026-09-16,2,"Stressed",1,"Academics",3,"Nag-aalala ako sa matrikula at baka hindi ako maka-exam sa finals."
109238475029,"Shaina Navarro",2026-09-17,1,"Overwhelmed",1,"Exams / Deadlines",3,"Bagsak ako sa quarterly quiz, kinakabahan ako sabihin kay nanay."
109238475029,"Shaina Navarro",2026-09-18,3,"Okay / Neutral",1,"Family",3,"Sobrang nahihirapan na po ako sa Chemistry at Pre-Cal. Hindi na po ako makatulog sa gabi."
109238475029,"Shaina Navarro",2026-09-19,2,"Stressed",1,"Academics",3,"Sobrang nahihirapan na po ako sa Chemistry at Pre-Cal. Hindi na po ako makatulog sa gabi."
109238475030,"Erika Mercado",2026-09-15,4,"Good",5,"None / Peaceful",8,"Natapos ko lahat ng assignments on time. Peaceful weekend ahead."
109238475030,"Erika Mercado",2026-09-16,3,"Okay / Neutral",4,"None / Peaceful",8,"Feeling energized after PE class. Focused on my study goals."
109238475030,"Erika Mercado",2026-09-17,5,"Energized",5,"None / Peaceful",8,"Maganda ang score ko sa science experiment. Ready for tomorrow!"
109238475030,"Erika Mercado",2026-09-18,3,"Okay / Neutral",4,"None / Peaceful",8,"Maganda ang score ko sa science experiment. Ready for tomorrow!"
109238475030,"Erika Mercado",2026-09-19,5,"Energized",5,"None / Peaceful",8,"Natapos ko lahat ng assignments on time. Peaceful weekend ahead."
109238475031,"Rochelle Castillo",2026-09-15,4,"Good",5,"None / Peaceful",7,"Feeling energized after PE class. Focused on my study goals."
109238475031,"Rochelle Castillo",2026-09-16,4,"Good",4,"None / Peaceful",7,"Natapos ko lahat ng assignments on time. Peaceful weekend ahead."
109238475031,"Rochelle Castillo",2026-09-17,4,"Good",4,"Exams / Deadlines",7,"Maganda ang score ko sa science experiment. Ready for tomorrow!"
109238475031,"Rochelle Castillo",2026-09-18,4,"Good",4,"None / Peaceful",7,"Natapos ko lahat ng assignments on time. Peaceful weekend ahead."
109238475031,"Rochelle Castillo",2026-09-19,5,"Energized",4,"None / Peaceful",7,"Masaya ang homeroom activity kanina kasama ang advisory class!"
109238475032,"Mark Kenneth San Jose",2026-09-15,4,"Good",4,"Exams / Deadlines",10,"Natapos ko lahat ng assignments on time. Peaceful weekend ahead."
109238475032,"Mark Kenneth San Jose",2026-09-16,3,"Okay / Neutral",4,"Exams / Deadlines",10,"Maganda ang score ko sa science experiment. Ready for tomorrow!"
109238475032,"Mark Kenneth San Jose",2026-09-17,5,"Energized",4,"Exams / Deadlines",10,"Masaya ang homeroom activity kanina kasama ang advisory class!"
109238475032,"Mark Kenneth San Jose",2026-09-18,3,"Okay / Neutral",5,"None / Peaceful",10,"Masaya ang homeroom activity kanina kasama ang advisory class!"
109238475032,"Mark Kenneth San Jose",2026-09-19,4,"Good",5,"None / Peaceful",10,"Masaya ang homeroom activity kanina kasama ang advisory class!"
109238475033,"Hannah Dela Cruz",2026-09-15,5,"Energized",4,"None / Peaceful",10,"Feeling energized after PE class. Focused on my study goals."
109238475033,"Hannah Dela Cruz",2026-09-16,5,"Energized",4,"None / Peaceful",10,"Feeling energized after PE class. Focused on my study goals."
109238475033,"Hannah Dela Cruz",2026-09-17,5,"Energized",5,"None / Peaceful",10,"Feeling energized after PE class. Focused on my study goals."
109238475033,"Hannah Dela Cruz",2026-09-18,4,"Good",4,"None / Peaceful",10,"Feeling energized after PE class. Focused on my study goals."
109238475033,"Hannah Dela Cruz",2026-09-19,3,"Okay / Neutral",4,"Exams / Deadlines",10,"Maganda ang score ko sa science experiment. Ready for tomorrow!"
109238475034,"Althea Villanueva",2026-09-15,2,"Stressed",1,"Finances",13,"Sobrang nahihirapan na po ako sa Chemistry at Pre-Cal. Hindi na po ako makatulog sa gabi."
109238475034,"Althea Villanueva",2026-09-16,2,"Stressed",2,"Family",13,"Walang katuwang sa bahay, ako nag-aalaga sa mga kapatid ko habang nag-aaral."
109238475034,"Althea Villanueva",2026-09-17,1,"Overwhelmed",2,"Finances",13,"Daming sabay-sabay na project submission, pagod na po ang katawan at isip ko."
109238475034,"Althea Villanueva",2026-09-18,1,"Overwhelmed",1,"Academics",13,"Daming sabay-sabay na project submission, pagod na po ang katawan at isip ko."
109238475034,"Althea Villanueva",2026-09-19,2,"Stressed",2,"Exams / Deadlines",13,"Sobrang nahihirapan na po ako sa Chemistry at Pre-Cal. Hindi na po ako makatulog sa gabi."
109238475035,"Francis Valdez",2026-09-15,4,"Good",4,"None / Peaceful",8,"Masaya ang homeroom activity kanina kasama ang advisory class!"
109238475035,"Francis Valdez",2026-09-16,5,"Energized",4,"None / Peaceful",8,"Masaya ang homeroom activity kanina kasama ang advisory class!"
109238475035,"Francis Valdez",2026-09-17,5,"Energized",5,"None / Peaceful",8,"Feeling energized after PE class. Focused on my study goals."
109238475035,"Francis Valdez",2026-09-18,3,"Okay / Neutral",4,"None / Peaceful",8,"Natapos ko lahat ng assignments on time. Peaceful weekend ahead."
109238475035,"Francis Valdez",2026-09-19,4,"Good",5,"None / Peaceful",8,"Masaya ang homeroom activity kanina kasama ang advisory class!"
109238475036,"Christian Dave Dizon",2026-09-15,4,"Good",4,"Exams / Deadlines",8,"Maganda ang score ko sa science experiment. Ready for tomorrow!"
109238475036,"Christian Dave Dizon",2026-09-16,5,"Energized",4,"Exams / Deadlines",8,"Feeling energized after PE class. Focused on my study goals."
109238475036,"Christian Dave Dizon",2026-09-17,4,"Good",4,"Exams / Deadlines",8,"Natapos ko lahat ng assignments on time. Peaceful weekend ahead."
109238475036,"Christian Dave Dizon",2026-09-18,5,"Energized",5,"None / Peaceful",8,"Feeling energized after PE class. Focused on my study goals."
109238475036,"Christian Dave Dizon",2026-09-19,5,"Energized",4,"Exams / Deadlines",8,"Masaya ang homeroom activity kanina kasama ang advisory class!"
109238475037,"Shaina Torres",2026-09-15,5,"Energized",4,"Exams / Deadlines",6,"Masaya ang homeroom activity kanina kasama ang advisory class!"
109238475037,"Shaina Torres",2026-09-16,5,"Energized",4,"None / Peaceful",6,"Feeling energized after PE class. Focused on my study goals."
109238475037,"Shaina Torres",2026-09-17,5,"Energized",4,"Exams / Deadlines",6,"Masaya ang homeroom activity kanina kasama ang advisory class!"
109238475037,"Shaina Torres",2026-09-18,4,"Good",5,"None / Peaceful",6,"Maganda ang score ko sa science experiment. Ready for tomorrow!"
109238475037,"Shaina Torres",2026-09-19,3,"Okay / Neutral",5,"Exams / Deadlines",6,"Feeling energized after PE class. Focused on my study goals."
109238475038,"Hannah Ocampo",2026-09-15,5,"Energized",5,"Exams / Deadlines",6,"Maganda ang score ko sa science experiment. Ready for tomorrow!"
109238475038,"Hannah Ocampo",2026-09-16,3,"Okay / Neutral",5,"Exams / Deadlines",6,"Masaya ang homeroom activity kanina kasama ang advisory class!"
109238475038,"Hannah Ocampo",2026-09-17,5,"Energized",4,"None / Peaceful",6,"Masaya ang homeroom activity kanina kasama ang advisory class!"
109238475038,"Hannah Ocampo",2026-09-18,4,"Good",5,"None / Peaceful",6,"Maganda ang score ko sa science experiment. Ready for tomorrow!"
109238475038,"Hannah Ocampo",2026-09-19,4,"Good",5,"None / Peaceful",6,"Natapos ko lahat ng assignments on time. Peaceful weekend ahead."
109238475039,"Erika Corpuz",2026-09-15,3,"Okay / Neutral",1,"Academics",9,"Daming sabay-sabay na project submission, pagod na po ang katawan at isip ko."
109238475039,"Erika Corpuz",2026-09-16,2,"Stressed",2,"Exams / Deadlines",9,"Walang katuwang sa bahay, ako nag-aalaga sa mga kapatid ko habang nag-aaral."
109238475039,"Erika Corpuz",2026-09-17,1,"Overwhelmed",2,"Family",9,"Sobrang nahihirapan na po ako sa Chemistry at Pre-Cal. Hindi na po ako makatulog sa gabi."
109238475039,"Erika Corpuz",2026-09-18,2,"Stressed",1,"Exams / Deadlines",9,"Daming sabay-sabay na project submission, pagod na po ang katawan at isip ko."
109238475039,"Erika Corpuz",2026-09-19,3,"Okay / Neutral",2,"Exams / Deadlines",9,"Daming sabay-sabay na project submission, pagod na po ang katawan at isip ko."
109238475040,"Kathleen Castillo",2026-09-15,5,"Energized",4,"None / Peaceful",5,"Maganda ang score ko sa science experiment. Ready for tomorrow!"
109238475040,"Kathleen Castillo",2026-09-16,3,"Okay / Neutral",4,"None / Peaceful",5,"Natapos ko lahat ng assignments on time. Peaceful weekend ahead."
109238475040,"Kathleen Castillo",2026-09-17,4,"Good",4,"None / Peaceful",5,"Masaya ang homeroom activity kanina kasama ang advisory class!"
109238475040,"Kathleen Castillo",2026-09-18,5,"Energized",4,"Exams / Deadlines",5,"Maganda ang score ko sa science experiment. Ready for tomorrow!"
109238475040,"Kathleen Castillo",2026-09-19,4,"Good",4,"Exams / Deadlines",5,"Feeling energized after PE class. Focused on my study goals."
109238475041,"Kyle Bautista",2026-09-15,5,"Energized",4,"None / Peaceful",6,"Feeling energized after PE class. Focused on my study goals."
109238475041,"Kyle Bautista",2026-09-16,3,"Okay / Neutral",4,"Exams / Deadlines",6,"Feeling energized after PE class. Focused on my study goals."
109238475041,"Kyle Bautista",2026-09-17,5,"Energized",4,"None / Peaceful",6,"Natapos ko lahat ng assignments on time. Peaceful weekend ahead."
109238475041,"Kyle Bautista",2026-09-18,5,"Energized",4,"None / Peaceful",6,"Masaya ang homeroom activity kanina kasama ang advisory class!"
109238475041,"Kyle Bautista",2026-09-19,3,"Okay / Neutral",4,"None / Peaceful",6,"Feeling energized after PE class. Focused on my study goals."
109238475042,"Erika Mendoza",2026-09-15,2,"Stressed",2,"Academics",14,"Sobrang nahihirapan na po ako sa Chemistry at Pre-Cal. Hindi na po ako makatulog sa gabi."
109238475042,"Erika Mendoza",2026-09-16,2,"Stressed",1,"Finances",14,"Nag-aalala ako sa matrikula at baka hindi ako maka-exam sa finals."
109238475042,"Erika Mendoza",2026-09-17,2,"Stressed",2,"Exams / Deadlines",14,"Bagsak ako sa quarterly quiz, kinakabahan ako sabihin kay nanay."
109238475042,"Erika Mendoza",2026-09-18,1,"Overwhelmed",1,"Exams / Deadlines",14,"Sobrang nahihirapan na po ako sa Chemistry at Pre-Cal. Hindi na po ako makatulog sa gabi."
109238475042,"Erika Mendoza",2026-09-19,3,"Okay / Neutral",1,"Exams / Deadlines",14,"Bagsak ako sa quarterly quiz, kinakabahan ako sabihin kay nanay."
109238475043,"Bea Patricia Mercado",2026-09-15,5,"Energized",5,"None / Peaceful",3,"Maganda ang score ko sa science experiment. Ready for tomorrow!"
109238475043,"Bea Patricia Mercado",2026-09-16,3,"Okay / Neutral",5,"None / Peaceful",3,"Natapos ko lahat ng assignments on time. Peaceful weekend ahead."
109238475043,"Bea Patricia Mercado",2026-09-17,5,"Energized",4,"None / Peaceful",3,"Masaya ang homeroom activity kanina kasama ang advisory class!"
109238475043,"Bea Patricia Mercado",2026-09-18,5,"Energized",4,"None / Peaceful",3,"Maganda ang score ko sa science experiment. Ready for tomorrow!"
109238475043,"Bea Patricia Mercado",2026-09-19,4,"Good",5,"None / Peaceful",3,"Feeling energized after PE class. Focused on my study goals."
109238475044,"Alyssa Domingo",2026-09-15,4,"Good",4,"None / Peaceful",3,"Maganda ang score ko sa science experiment. Ready for tomorrow!"
109238475044,"Alyssa Domingo",2026-09-16,4,"Good",4,"Exams / Deadlines",3,"Masaya ang homeroom activity kanina kasama ang advisory class!"
109238475044,"Alyssa Domingo",2026-09-17,4,"Good",4,"None / Peaceful",3,"Maganda ang score ko sa science experiment. Ready for tomorrow!"
109238475044,"Alyssa Domingo",2026-09-18,3,"Okay / Neutral",4,"None / Peaceful",3,"Natapos ko lahat ng assignments on time. Peaceful weekend ahead."
109238475044,"Alyssa Domingo",2026-09-19,4,"Good",5,"None / Peaceful",3,"Maganda ang score ko sa science experiment. Ready for tomorrow!"
109238475045,"Kristine Tan",2026-09-15,5,"Energized",4,"Exams / Deadlines",12,"Masaya ang homeroom activity kanina kasama ang advisory class!"
109238475045,"Kristine Tan",2026-09-16,5,"Energized",5,"None / Peaceful",12,"Natapos ko lahat ng assignments on time. Peaceful weekend ahead."
109238475045,"Kristine Tan",2026-09-17,5,"Energized",5,"Exams / Deadlines",12,"Maganda ang score ko sa science experiment. Ready for tomorrow!"
109238475045,"Kristine Tan",2026-09-18,3,"Okay / Neutral",5,"Exams / Deadlines",12,"Feeling energized after PE class. Focused on my study goals."
109238475045,"Kristine Tan",2026-09-19,4,"Good",4,"Exams / Deadlines",12,"Feeling energized after PE class. Focused on my study goals."
109238475046,"Kyle Dela Cruz",2026-09-15,4,"Good",4,"None / Peaceful",5,"Natapos ko lahat ng assignments on time. Peaceful weekend ahead."
109238475046,"Kyle Dela Cruz",2026-09-16,4,"Good",4,"None / Peaceful",5,"Natapos ko lahat ng assignments on time. Peaceful weekend ahead."
109238475046,"Kyle Dela Cruz",2026-09-17,3,"Okay / Neutral",5,"Exams / Deadlines",5,"Natapos ko lahat ng assignments on time. Peaceful weekend ahead."
109238475046,"Kyle Dela Cruz",2026-09-18,4,"Good",4,"None / Peaceful",5,"Feeling energized after PE class. Focused on my study goals."
109238475046,"Kyle Dela Cruz",2026-09-19,3,"Okay / Neutral",5,"None / Peaceful",5,"Maganda ang score ko sa science experiment. Ready for tomorrow!"
109238475047,"Patricia Santos",2026-09-15,3,"Okay / Neutral",4,"Exams / Deadlines",12,"Maganda ang score ko sa science experiment. Ready for tomorrow!"
109238475047,"Patricia Santos",2026-09-16,4,"Good",4,"None / Peaceful",12,"Natapos ko lahat ng assignments on time. Peaceful weekend ahead."
109238475047,"Patricia Santos",2026-09-17,5,"Energized",4,"None / Peaceful",12,"Maganda ang score ko sa science experiment. Ready for tomorrow!"
109238475047,"Patricia Santos",2026-09-18,4,"Good",4,"None / Peaceful",12,"Maganda ang score ko sa science experiment. Ready for tomorrow!"
109238475047,"Patricia Santos",2026-09-19,5,"Energized",5,"None / Peaceful",12,"Maganda ang score ko sa science experiment. Ready for tomorrow!"
109238475048,"Althea Rivera",2026-09-15,3,"Okay / Neutral",4,"None / Peaceful",4,"Masaya ang homeroom activity kanina kasama ang advisory class!"
109238475048,"Althea Rivera",2026-09-16,3,"Okay / Neutral",4,"None / Peaceful",4,"Natapos ko lahat ng assignments on time. Peaceful weekend ahead."
109238475048,"Althea Rivera",2026-09-17,4,"Good",4,"None / Peaceful",4,"Masaya ang homeroom activity kanina kasama ang advisory class!"
109238475048,"Althea Rivera",2026-09-18,5,"Energized",4,"Exams / Deadlines",4,"Masaya ang homeroom activity kanina kasama ang advisory class!"
109238475048,"Althea Rivera",2026-09-19,5,"Energized",4,"Exams / Deadlines",4,"Maganda ang score ko sa science experiment. Ready for tomorrow!"
109238475049,"Jerome Villanueva",2026-09-15,4,"Good",2,"Physical Health",10,"Medyo busy dahil sa papalapit na group presentation pero kakayanin."
109238475049,"Jerome Villanueva",2026-09-16,4,"Good",3,"Sleep",10,"May kaunting financial delay pero nakiusap naman kami sa accounting."
109238475049,"Jerome Villanueva",2026-09-17,3,"Okay / Neutral",3,"Family",10,"May kaunting financial delay pero nakiusap naman kami sa accounting."
109238475049,"Jerome Villanueva",2026-09-18,4,"Good",2,"Exams / Deadlines",10,"May kaunting financial delay pero nakiusap naman kami sa accounting."
109238475049,"Jerome Villanueva",2026-09-19,4,"Good",3,"Sleep",10,"Nangangailangan ng review session sa Math bago mag-midterm."
109238475050,"Mariel Ramos",2026-09-15,3,"Okay / Neutral",5,"Exams / Deadlines",13,"Maganda ang score ko sa science experiment. Ready for tomorrow!"
109238475050,"Mariel Ramos",2026-09-16,4,"Good",4,"None / Peaceful",13,"Maganda ang score ko sa science experiment. Ready for tomorrow!"
109238475050,"Mariel Ramos",2026-09-17,5,"Energized",4,"Exams / Deadlines",13,"Masaya ang homeroom activity kanina kasama ang advisory class!"
109238475050,"Mariel Ramos",2026-09-18,3,"Okay / Neutral",4,"Exams / Deadlines",13,"Natapos ko lahat ng assignments on time. Peaceful weekend ahead."
109238475050,"Mariel Ramos",2026-09-19,4,"Good",4,"None / Peaceful",13,"Feeling energized after PE class. Focused on my study goals."
109238475051,"Daniel Valdez",2026-09-15,5,"Energized",5,"Exams / Deadlines",6,"Feeling energized after PE class. Focused on my study goals."
109238475051,"Daniel Valdez",2026-09-16,5,"Energized",4,"Exams / Deadlines",6,"Feeling energized after PE class. Focused on my study goals."
109238475051,"Daniel Valdez",2026-09-17,3,"Okay / Neutral",4,"Exams / Deadlines",6,"Maganda ang score ko sa science experiment. Ready for tomorrow!"
109238475051,"Daniel Valdez",2026-09-18,4,"Good",4,"None / Peaceful",6,"Natapos ko lahat ng assignments on time. Peaceful weekend ahead."
109238475051,"Daniel Valdez",2026-09-19,5,"Energized",4,"None / Peaceful",6,"Natapos ko lahat ng assignments on time. Peaceful weekend ahead."
109238475052,"Adrian Lim",2026-09-15,3,"Okay / Neutral",4,"None / Peaceful",13,"Feeling energized after PE class. Focused on my study goals."
109238475052,"Adrian Lim",2026-09-16,4,"Good",4,"None / Peaceful",13,"Feeling energized after PE class. Focused on my study goals."
109238475052,"Adrian Lim",2026-09-17,4,"Good",4,"Exams / Deadlines",13,"Natapos ko lahat ng assignments on time. Peaceful weekend ahead."
109238475052,"Adrian Lim",2026-09-18,5,"Energized",4,"None / Peaceful",13,"Natapos ko lahat ng assignments on time. Peaceful weekend ahead."
109238475052,"Adrian Lim",2026-09-19,5,"Energized",4,"Exams / Deadlines",13,"Natapos ko lahat ng assignments on time. Peaceful weekend ahead."
109238475053,"Angelica Corpuz",2026-09-15,5,"Energized",4,"None / Peaceful",5,"Masaya ang homeroom activity kanina kasama ang advisory class!"
109238475053,"Angelica Corpuz",2026-09-16,3,"Okay / Neutral",4,"None / Peaceful",5,"Natapos ko lahat ng assignments on time. Peaceful weekend ahead."
109238475053,"Angelica Corpuz",2026-09-17,4,"Good",4,"None / Peaceful",5,"Natapos ko lahat ng assignments on time. Peaceful weekend ahead."
109238475053,"Angelica Corpuz",2026-09-18,4,"Good",4,"Exams / Deadlines",5,"Feeling energized after PE class. Focused on my study goals."
109238475053,"Angelica Corpuz",2026-09-19,4,"Good",4,"None / Peaceful",5,"Feeling energized after PE class. Focused on my study goals."
109238475054,"Kyle Corpuz",2026-09-15,5,"Energized",4,"Exams / Deadlines",9,"Natapos ko lahat ng assignments on time. Peaceful weekend ahead."
109238475054,"Kyle Corpuz",2026-09-16,5,"Energized",4,"None / Peaceful",9,"Masaya ang homeroom activity kanina kasama ang advisory class!"
109238475054,"Kyle Corpuz",2026-09-17,4,"Good",4,"Exams / Deadlines",9,"Natapos ko lahat ng assignments on time. Peaceful weekend ahead."
109238475054,"Kyle Corpuz",2026-09-18,5,"Energized",5,"None / Peaceful",9,"Maganda ang score ko sa science experiment. Ready for tomorrow!"
109238475054,"Kyle Corpuz",2026-09-19,5,"Energized",5,"None / Peaceful",9,"Masaya ang homeroom activity kanina kasama ang advisory class!"
109238475055,"Vincent Dela Cruz",2026-09-15,5,"Energized",4,"None / Peaceful",7,"Natapos ko lahat ng assignments on time. Peaceful weekend ahead."
109238475055,"Vincent Dela Cruz",2026-09-16,4,"Good",4,"None / Peaceful",7,"Masaya ang homeroom activity kanina kasama ang advisory class!"
109238475055,"Vincent Dela Cruz",2026-09-17,4,"Good",5,"None / Peaceful",7,"Feeling energized after PE class. Focused on my study goals."
109238475055,"Vincent Dela Cruz",2026-09-18,4,"Good",5,"Exams / Deadlines",7,"Natapos ko lahat ng assignments on time. Peaceful weekend ahead."
109238475055,"Vincent Dela Cruz",2026-09-19,3,"Okay / Neutral",5,"None / Peaceful",7,"Feeling energized after PE class. Focused on my study goals."
109238475056,"Denise Alcantara",2026-09-15,4,"Good",2,"None / Peaceful",14,"May kaunting financial delay pero nakiusap naman kami sa accounting."
109238475056,"Denise Alcantara",2026-09-16,4,"Good",2,"Physical Health",14,"Medyo puyat kaka-review, pero nakabawi naman ng tulog."
109238475056,"Denise Alcantara",2026-09-17,4,"Good",2,"Finances",14,"Medyo busy dahil sa papalapit na group presentation pero kakayanin."
109238475056,"Denise Alcantara",2026-09-18,4,"Good",3,"Sleep",14,"Medyo busy dahil sa papalapit na group presentation pero kakayanin."
109238475056,"Denise Alcantara",2026-09-19,4,"Good",2,"None / Peaceful",14,"May kaunting financial delay pero nakiusap naman kami sa accounting."
109238475057,"Chloe Bautista",2026-09-15,5,"Energized",4,"Exams / Deadlines",13,"Maganda ang score ko sa science experiment. Ready for tomorrow!"
109238475057,"Chloe Bautista",2026-09-16,4,"Good",5,"None / Peaceful",13,"Feeling energized after PE class. Focused on my study goals."
109238475057,"Chloe Bautista",2026-09-17,5,"Energized",5,"None / Peaceful",13,"Natapos ko lahat ng assignments on time. Peaceful weekend ahead."
109238475057,"Chloe Bautista",2026-09-18,3,"Okay / Neutral",4,"None / Peaceful",13,"Feeling energized after PE class. Focused on my study goals."
109238475057,"Chloe Bautista",2026-09-19,3,"Okay / Neutral",5,"None / Peaceful",13,"Feeling energized after PE class. Focused on my study goals."
109238475058,"Christian Dave Bautista",2026-09-15,2,"Stressed",3,"Sleep",13,"Nangangailangan ng review session sa Math bago mag-midterm."
109238475058,"Christian Dave Bautista",2026-09-16,4,"Good",3,"Physical Health",13,"Nangangailangan ng review session sa Math bago mag-midterm."
109238475058,"Christian Dave Bautista",2026-09-17,4,"Good",3,"Exams / Deadlines",13,"May kaunting financial delay pero nakiusap naman kami sa accounting."
109238475058,"Christian Dave Bautista",2026-09-18,2,"Stressed",3,"Finances",13,"Nangangailangan ng review session sa Math bago mag-midterm."
109238475058,"Christian Dave Bautista",2026-09-19,4,"Good",2,"Finances",13,"Medyo busy dahil sa papalapit na group presentation pero kakayanin."
109238475059,"Samantha Nicole Valdez",2026-09-15,3,"Okay / Neutral",4,"None / Peaceful",9,"Masaya ang homeroom activity kanina kasama ang advisory class!"
109238475059,"Samantha Nicole Valdez",2026-09-16,4,"Good",4,"Exams / Deadlines",9,"Maganda ang score ko sa science experiment. Ready for tomorrow!"
109238475059,"Samantha Nicole Valdez",2026-09-17,3,"Okay / Neutral",5,"None / Peaceful",9,"Maganda ang score ko sa science experiment. Ready for tomorrow!"
109238475059,"Samantha Nicole Valdez",2026-09-18,3,"Okay / Neutral",5,"Exams / Deadlines",9,"Maganda ang score ko sa science experiment. Ready for tomorrow!"
109238475059,"Samantha Nicole Valdez",2026-09-19,4,"Good",4,"None / Peaceful",9,"Feeling energized after PE class. Focused on my study goals."
109238475060,"Ralph Valdez",2026-09-15,5,"Energized",4,"None / Peaceful",7,"Feeling energized after PE class. Focused on my study goals."
109238475060,"Ralph Valdez",2026-09-16,4,"Good",5,"Exams / Deadlines",7,"Feeling energized after PE class. Focused on my study goals."
109238475060,"Ralph Valdez",2026-09-17,5,"Energized",5,"None / Peaceful",7,"Natapos ko lahat ng assignments on time. Peaceful weekend ahead."
109238475060,"Ralph Valdez",2026-09-18,4,"Good",4,"None / Peaceful",7,"Natapos ko lahat ng assignments on time. Peaceful weekend ahead."
109238475060,"Ralph Valdez",2026-09-19,4,"Good",4,"None / Peaceful",7,"Maganda ang score ko sa science experiment. Ready for tomorrow!"
109238475061,"Alyssa Padilla",2026-09-15,5,"Energized",4,"Exams / Deadlines",9,"Masaya ang homeroom activity kanina kasama ang advisory class!"
109238475061,"Alyssa Padilla",2026-09-16,4,"Good",5,"Exams / Deadlines",9,"Feeling energized after PE class. Focused on my study goals."
109238475061,"Alyssa Padilla",2026-09-17,3,"Okay / Neutral",4,"None / Peaceful",9,"Feeling energized after PE class. Focused on my study goals."
109238475061,"Alyssa Padilla",2026-09-18,4,"Good",4,"None / Peaceful",9,"Feeling energized after PE class. Focused on my study goals."
109238475061,"Alyssa Padilla",2026-09-19,3,"Okay / Neutral",4,"None / Peaceful",9,"Feeling energized after PE class. Focused on my study goals."
109238475062,"Ethan Valdez",2026-09-15,4,"Good",2,"Academics",10,"Medyo puyat kaka-review, pero nakabawi naman ng tulog."
109238475062,"Ethan Valdez",2026-09-16,4,"Good",3,"Family",10,"Medyo busy dahil sa papalapit na group presentation pero kakayanin."
109238475062,"Ethan Valdez",2026-09-17,3,"Okay / Neutral",2,"None / Peaceful",10,"May kaunting financial delay pero nakiusap naman kami sa accounting."
109238475062,"Ethan Valdez",2026-09-18,2,"Stressed",3,"Finances",10,"Medyo busy dahil sa papalapit na group presentation pero kakayanin."
109238475062,"Ethan Valdez",2026-09-19,4,"Good",3,"Finances",10,"May kaunting financial delay pero nakiusap naman kami sa accounting."
109238475063,"Denise Pascual",2026-09-15,5,"Energized",4,"None / Peaceful",6,"Natapos ko lahat ng assignments on time. Peaceful weekend ahead."
109238475063,"Denise Pascual",2026-09-16,3,"Okay / Neutral",5,"None / Peaceful",6,"Maganda ang score ko sa science experiment. Ready for tomorrow!"
109238475063,"Denise Pascual",2026-09-17,3,"Okay / Neutral",4,"None / Peaceful",6,"Masaya ang homeroom activity kanina kasama ang advisory class!"
109238475063,"Denise Pascual",2026-09-18,4,"Good",4,"Exams / Deadlines",6,"Maganda ang score ko sa science experiment. Ready for tomorrow!"
109238475063,"Denise Pascual",2026-09-19,5,"Energized",5,"None / Peaceful",6,"Natapos ko lahat ng assignments on time. Peaceful weekend ahead."
109238475064,"Andrea Bautista",2026-09-15,4,"Good",4,"None / Peaceful",13,"Maganda ang score ko sa science experiment. Ready for tomorrow!"
109238475064,"Andrea Bautista",2026-09-16,4,"Good",4,"None / Peaceful",13,"Natapos ko lahat ng assignments on time. Peaceful weekend ahead."
109238475064,"Andrea Bautista",2026-09-17,4,"Good",4,"None / Peaceful",13,"Maganda ang score ko sa science experiment. Ready for tomorrow!"
109238475064,"Andrea Bautista",2026-09-18,5,"Energized",4,"None / Peaceful",13,"Natapos ko lahat ng assignments on time. Peaceful weekend ahead."
109238475064,"Andrea Bautista",2026-09-19,5,"Energized",4,"None / Peaceful",13,"Maganda ang score ko sa science experiment. Ready for tomorrow!"
109238475065,"Vincent Mendoza",2026-09-15,3,"Okay / Neutral",4,"Exams / Deadlines",7,"Maganda ang score ko sa science experiment. Ready for tomorrow!"
109238475065,"Vincent Mendoza",2026-09-16,4,"Good",4,"Exams / Deadlines",7,"Feeling energized after PE class. Focused on my study goals."
109238475065,"Vincent Mendoza",2026-09-17,4,"Good",4,"None / Peaceful",7,"Feeling energized after PE class. Focused on my study goals."
109238475065,"Vincent Mendoza",2026-09-18,5,"Energized",4,"Exams / Deadlines",7,"Natapos ko lahat ng assignments on time. Peaceful weekend ahead."
109238475065,"Vincent Mendoza",2026-09-19,5,"Energized",5,"None / Peaceful",7,"Masaya ang homeroom activity kanina kasama ang advisory class!"
109238475066,"Andrea San Jose",2026-09-15,3,"Okay / Neutral",4,"Exams / Deadlines",8,"Feeling energized after PE class. Focused on my study goals."
109238475066,"Andrea San Jose",2026-09-16,4,"Good",4,"None / Peaceful",8,"Masaya ang homeroom activity kanina kasama ang advisory class!"
109238475066,"Andrea San Jose",2026-09-17,4,"Good",4,"None / Peaceful",8,"Maganda ang score ko sa science experiment. Ready for tomorrow!"
109238475066,"Andrea San Jose",2026-09-18,4,"Good",4,"None / Peaceful",8,"Maganda ang score ko sa science experiment. Ready for tomorrow!"
109238475066,"Andrea San Jose",2026-09-19,5,"Energized",4,"None / Peaceful",8,"Masaya ang homeroom activity kanina kasama ang advisory class!"
109238475067,"Ralph Santiago",2026-09-15,5,"Energized",5,"Exams / Deadlines",9,"Maganda ang score ko sa science experiment. Ready for tomorrow!"
109238475067,"Ralph Santiago",2026-09-16,4,"Good",5,"None / Peaceful",9,"Feeling energized after PE class. Focused on my study goals."
109238475067,"Ralph Santiago",2026-09-17,3,"Okay / Neutral",4,"None / Peaceful",9,"Masaya ang homeroom activity kanina kasama ang advisory class!"
109238475067,"Ralph Santiago",2026-09-18,4,"Good",4,"None / Peaceful",9,"Feeling energized after PE class. Focused on my study goals."
109238475067,"Ralph Santiago",2026-09-19,3,"Okay / Neutral",4,"None / Peaceful",9,"Natapos ko lahat ng assignments on time. Peaceful weekend ahead."
109238475068,"Miguel Reyes",2026-09-15,5,"Energized",4,"None / Peaceful",3,"Natapos ko lahat ng assignments on time. Peaceful weekend ahead."
109238475068,"Miguel Reyes",2026-09-16,5,"Energized",4,"None / Peaceful",3,"Maganda ang score ko sa science experiment. Ready for tomorrow!"
109238475068,"Miguel Reyes",2026-09-17,5,"Energized",4,"Exams / Deadlines",3,"Natapos ko lahat ng assignments on time. Peaceful weekend ahead."
109238475068,"Miguel Reyes",2026-09-18,3,"Okay / Neutral",5,"None / Peaceful",3,"Feeling energized after PE class. Focused on my study goals."
109238475068,"Miguel Reyes",2026-09-19,4,"Good",5,"None / Peaceful",3,"Feeling energized after PE class. Focused on my study goals."
109238475069,"Kyle Gonzales",2026-09-15,3,"Okay / Neutral",2,"Academics",7,"Bagsak ako sa quarterly quiz, kinakabahan ako sabihin kay nanay."
109238475069,"Kyle Gonzales",2026-09-16,2,"Stressed",1,"Finances",7,"Sobrang nahihirapan na po ako sa Chemistry at Pre-Cal. Hindi na po ako makatulog sa gabi."
109238475069,"Kyle Gonzales",2026-09-17,1,"Overwhelmed",1,"Family",7,"Daming sabay-sabay na project submission, pagod na po ang katawan at isip ko."
109238475069,"Kyle Gonzales",2026-09-18,1,"Overwhelmed",1,"Finances",7,"Nag-aalala ako sa matrikula at baka hindi ako maka-exam sa finals."
109238475069,"Kyle Gonzales",2026-09-19,3,"Okay / Neutral",2,"Family",7,"Nag-aalala ako sa matrikula at baka hindi ako maka-exam sa finals."
109238475070,"Bianca Domingo",2026-09-15,2,"Stressed",3,"Finances",5,"Medyo puyat kaka-review, pero nakabawi naman ng tulog."
109238475070,"Bianca Domingo",2026-09-16,2,"Stressed",3,"None / Peaceful",5,"Nangangailangan ng review session sa Math bago mag-midterm."
109238475070,"Bianca Domingo",2026-09-17,2,"Stressed",3,"Finances",5,"Medyo puyat kaka-review, pero nakabawi naman ng tulog."
109238475070,"Bianca Domingo",2026-09-18,2,"Stressed",2,"Exams / Deadlines",5,"May kaunting financial delay pero nakiusap naman kami sa accounting."
109238475070,"Bianca Domingo",2026-09-19,3,"Okay / Neutral",3,"None / Peaceful",5,"Medyo busy dahil sa papalapit na group presentation pero kakayanin."
109238475071,"Hannah Salazar",2026-09-15,3,"Okay / Neutral",2,"Physical Health",13,"May kaunting financial delay pero nakiusap naman kami sa accounting."
109238475071,"Hannah Salazar",2026-09-16,2,"Stressed",2,"Exams / Deadlines",13,"Medyo puyat kaka-review, pero nakabawi naman ng tulog."
109238475071,"Hannah Salazar",2026-09-17,4,"Good",2,"Academics",13,"Medyo busy dahil sa papalapit na group presentation pero kakayanin."
109238475071,"Hannah Salazar",2026-09-18,2,"Stressed",3,"Family",13,"Medyo busy dahil sa papalapit na group presentation pero kakayanin."
109238475071,"Hannah Salazar",2026-09-19,3,"Okay / Neutral",2,"Exams / Deadlines",13,"Nangangailangan ng review session sa Math bago mag-midterm."
109238475072,"Francis Pascual",2026-09-15,2,"Stressed",2,"Family",6,"Nangangailangan ng review session sa Math bago mag-midterm."
109238475072,"Francis Pascual",2026-09-16,4,"Good",3,"Family",6,"Nangangailangan ng review session sa Math bago mag-midterm."
109238475072,"Francis Pascual",2026-09-17,4,"Good",2,"Family",6,"Nangangailangan ng review session sa Math bago mag-midterm."
109238475072,"Francis Pascual",2026-09-18,4,"Good",2,"Academics",6,"Nangangailangan ng review session sa Math bago mag-midterm."
109238475072,"Francis Pascual",2026-09-19,2,"Stressed",3,"Finances",6,"Medyo busy dahil sa papalapit na group presentation pero kakayanin."
109238475073,"Kyle Salazar",2026-09-15,3,"Okay / Neutral",4,"None / Peaceful",11,"Natapos ko lahat ng assignments on time. Peaceful weekend ahead."
109238475073,"Kyle Salazar",2026-09-16,4,"Good",5,"None / Peaceful",11,"Feeling energized after PE class. Focused on my study goals."
109238475073,"Kyle Salazar",2026-09-17,5,"Energized",4,"None / Peaceful",11,"Feeling energized after PE class. Focused on my study goals."
109238475073,"Kyle Salazar",2026-09-18,4,"Good",4,"Exams / Deadlines",11,"Masaya ang homeroom activity kanina kasama ang advisory class!"
109238475073,"Kyle Salazar",2026-09-19,5,"Energized",4,"None / Peaceful",11,"Feeling energized after PE class. Focused on my study goals."
109238475074,"Justin Domingo",2026-09-15,4,"Good",4,"None / Peaceful",4,"Natapos ko lahat ng assignments on time. Peaceful weekend ahead."
109238475074,"Justin Domingo",2026-09-16,4,"Good",4,"None / Peaceful",4,"Feeling energized after PE class. Focused on my study goals."
109238475074,"Justin Domingo",2026-09-17,5,"Energized",4,"None / Peaceful",4,"Maganda ang score ko sa science experiment. Ready for tomorrow!"
109238475074,"Justin Domingo",2026-09-18,4,"Good",4,"None / Peaceful",4,"Feeling energized after PE class. Focused on my study goals."
109238475074,"Justin Domingo",2026-09-19,4,"Good",4,"None / Peaceful",4,"Maganda ang score ko sa science experiment. Ready for tomorrow!"
109238475075,"Kathleen Manalo",2026-09-15,5,"Energized",5,"Exams / Deadlines",14,"Feeling energized after PE class. Focused on my study goals."
109238475075,"Kathleen Manalo",2026-09-16,3,"Okay / Neutral",4,"None / Peaceful",14,"Feeling energized after PE class. Focused on my study goals."
109238475075,"Kathleen Manalo",2026-09-17,4,"Good",4,"Exams / Deadlines",14,"Maganda ang score ko sa science experiment. Ready for tomorrow!"
109238475075,"Kathleen Manalo",2026-09-18,4,"Good",5,"None / Peaceful",14,"Feeling energized after PE class. Focused on my study goals."
109238475075,"Kathleen Manalo",2026-09-19,3,"Okay / Neutral",4,"None / Peaceful",14,"Natapos ko lahat ng assignments on time. Peaceful weekend ahead."
109238475076,"Erika Corpuz",2026-09-15,4,"Good",5,"None / Peaceful",10,"Maganda ang score ko sa science experiment. Ready for tomorrow!"
109238475076,"Erika Corpuz",2026-09-16,4,"Good",4,"None / Peaceful",10,"Natapos ko lahat ng assignments on time. Peaceful weekend ahead."
109238475076,"Erika Corpuz",2026-09-17,5,"Energized",4,"Exams / Deadlines",10,"Feeling energized after PE class. Focused on my study goals."
109238475076,"Erika Corpuz",2026-09-18,5,"Energized",4,"None / Peaceful",10,"Maganda ang score ko sa science experiment. Ready for tomorrow!"
109238475076,"Erika Corpuz",2026-09-19,5,"Energized",5,"None / Peaceful",10,"Feeling energized after PE class. Focused on my study goals."
109238475077,"Samantha Nicole Dizon",2026-09-15,5,"Energized",4,"None / Peaceful",9,"Natapos ko lahat ng assignments on time. Peaceful weekend ahead."
109238475077,"Samantha Nicole Dizon",2026-09-16,4,"Good",4,"Exams / Deadlines",9,"Maganda ang score ko sa science experiment. Ready for tomorrow!"
109238475077,"Samantha Nicole Dizon",2026-09-17,5,"Energized",5,"None / Peaceful",9,"Masaya ang homeroom activity kanina kasama ang advisory class!"
109238475077,"Samantha Nicole Dizon",2026-09-18,4,"Good",4,"Exams / Deadlines",9,"Maganda ang score ko sa science experiment. Ready for tomorrow!"
109238475077,"Samantha Nicole Dizon",2026-09-19,3,"Okay / Neutral",4,"None / Peaceful",9,"Natapos ko lahat ng assignments on time. Peaceful weekend ahead."
109238475078,"Jasmine Aquino",2026-09-15,3,"Okay / Neutral",5,"None / Peaceful",7,"Maganda ang score ko sa science experiment. Ready for tomorrow!"
109238475078,"Jasmine Aquino",2026-09-16,4,"Good",5,"None / Peaceful",7,"Feeling energized after PE class. Focused on my study goals."
109238475078,"Jasmine Aquino",2026-09-17,3,"Okay / Neutral",5,"None / Peaceful",7,"Feeling energized after PE class. Focused on my study goals."
109238475078,"Jasmine Aquino",2026-09-18,3,"Okay / Neutral",5,"None / Peaceful",7,"Maganda ang score ko sa science experiment. Ready for tomorrow!"
109238475078,"Jasmine Aquino",2026-09-19,5,"Energized",4,"None / Peaceful",7,"Masaya ang homeroom activity kanina kasama ang advisory class!"
109238475079,"Lance Valdez",2026-09-15,5,"Energized",4,"None / Peaceful",13,"Masaya ang homeroom activity kanina kasama ang advisory class!"
109238475079,"Lance Valdez",2026-09-16,5,"Energized",4,"Exams / Deadlines",13,"Natapos ko lahat ng assignments on time. Peaceful weekend ahead."
109238475079,"Lance Valdez",2026-09-17,4,"Good",5,"None / Peaceful",13,"Maganda ang score ko sa science experiment. Ready for tomorrow!"
109238475079,"Lance Valdez",2026-09-18,5,"Energized",5,"None / Peaceful",13,"Masaya ang homeroom activity kanina kasama ang advisory class!"
109238475079,"Lance Valdez",2026-09-19,3,"Okay / Neutral",4,"None / Peaceful",13,"Natapos ko lahat ng assignments on time. Peaceful weekend ahead."
109238475080,"Andrea Tolentino",2026-09-15,3,"Okay / Neutral",4,"None / Peaceful",6,"Natapos ko lahat ng assignments on time. Peaceful weekend ahead."
109238475080,"Andrea Tolentino",2026-09-16,5,"Energized",4,"None / Peaceful",6,"Maganda ang score ko sa science experiment. Ready for tomorrow!"
109238475080,"Andrea Tolentino",2026-09-17,5,"Energized",4,"None / Peaceful",6,"Maganda ang score ko sa science experiment. Ready for tomorrow!"
109238475080,"Andrea Tolentino",2026-09-18,5,"Energized",4,"Exams / Deadlines",6,"Natapos ko lahat ng assignments on time. Peaceful weekend ahead."
109238475080,"Andrea Tolentino",2026-09-19,5,"Energized",4,"None / Peaceful",6,"Feeling energized after PE class. Focused on my study goals."
109238475081,"Francis Castro",2026-09-15,5,"Energized",4,"Exams / Deadlines",12,"Maganda ang score ko sa science experiment. Ready for tomorrow!"
109238475081,"Francis Castro",2026-09-16,3,"Okay / Neutral",5,"None / Peaceful",12,"Natapos ko lahat ng assignments on time. Peaceful weekend ahead."
109238475081,"Francis Castro",2026-09-17,4,"Good",5,"None / Peaceful",12,"Maganda ang score ko sa science experiment. Ready for tomorrow!"
109238475081,"Francis Castro",2026-09-18,4,"Good",4,"Exams / Deadlines",12,"Feeling energized after PE class. Focused on my study goals."
109238475081,"Francis Castro",2026-09-19,5,"Energized",4,"None / Peaceful",12,"Feeling energized after PE class. Focused on my study goals."
109238475082,"Vanessa Santos",2026-09-15,4,"Good",5,"Exams / Deadlines",4,"Feeling energized after PE class. Focused on my study goals."
109238475082,"Vanessa Santos",2026-09-16,5,"Energized",4,"None / Peaceful",4,"Maganda ang score ko sa science experiment. Ready for tomorrow!"
109238475082,"Vanessa Santos",2026-09-17,4,"Good",5,"None / Peaceful",4,"Masaya ang homeroom activity kanina kasama ang advisory class!"
109238475082,"Vanessa Santos",2026-09-18,3,"Okay / Neutral",4,"None / Peaceful",4,"Natapos ko lahat ng assignments on time. Peaceful weekend ahead."
109238475082,"Vanessa Santos",2026-09-19,5,"Energized",4,"None / Peaceful",4,"Masaya ang homeroom activity kanina kasama ang advisory class!"
109238475083,"Kristine Salazar",2026-09-15,4,"Good",4,"None / Peaceful",4,"Feeling energized after PE class. Focused on my study goals."
109238475083,"Kristine Salazar",2026-09-16,5,"Energized",4,"None / Peaceful",4,"Feeling energized after PE class. Focused on my study goals."
109238475083,"Kristine Salazar",2026-09-17,5,"Energized",4,"Exams / Deadlines",4,"Feeling energized after PE class. Focused on my study goals."
109238475083,"Kristine Salazar",2026-09-18,5,"Energized",4,"Exams / Deadlines",4,"Natapos ko lahat ng assignments on time. Peaceful weekend ahead."
109238475083,"Kristine Salazar",2026-09-19,5,"Energized",4,"Exams / Deadlines",4,"Maganda ang score ko sa science experiment. Ready for tomorrow!"
109238475084,"Paolo Reyes",2026-09-15,5,"Energized",4,"Exams / Deadlines",7,"Masaya ang homeroom activity kanina kasama ang advisory class!"
109238475084,"Paolo Reyes",2026-09-16,3,"Okay / Neutral",4,"None / Peaceful",7,"Feeling energized after PE class. Focused on my study goals."
109238475084,"Paolo Reyes",2026-09-17,5,"Energized",4,"Exams / Deadlines",7,"Natapos ko lahat ng assignments on time. Peaceful weekend ahead."
109238475084,"Paolo Reyes",2026-09-18,4,"Good",4,"Exams / Deadlines",7,"Maganda ang score ko sa science experiment. Ready for tomorrow!"
109238475084,"Paolo Reyes",2026-09-19,4,"Good",5,"Exams / Deadlines",7,"Maganda ang score ko sa science experiment. Ready for tomorrow!"
109238475085,"Mariel Tolentino",2026-09-15,5,"Energized",4,"Exams / Deadlines",12,"Masaya ang homeroom activity kanina kasama ang advisory class!"
109238475085,"Mariel Tolentino",2026-09-16,3,"Okay / Neutral",4,"None / Peaceful",12,"Masaya ang homeroom activity kanina kasama ang advisory class!"
109238475085,"Mariel Tolentino",2026-09-17,3,"Okay / Neutral",4,"None / Peaceful",12,"Feeling energized after PE class. Focused on my study goals."
109238475085,"Mariel Tolentino",2026-09-18,4,"Good",4,"Exams / Deadlines",12,"Natapos ko lahat ng assignments on time. Peaceful weekend ahead."
109238475085,"Mariel Tolentino",2026-09-19,5,"Energized",4,"None / Peaceful",12,"Natapos ko lahat ng assignments on time. Peaceful weekend ahead."
109238475086,"Althea Manalo",2026-09-15,4,"Good",5,"None / Peaceful",10,"Masaya ang homeroom activity kanina kasama ang advisory class!"
109238475086,"Althea Manalo",2026-09-16,5,"Energized",4,"None / Peaceful",10,"Natapos ko lahat ng assignments on time. Peaceful weekend ahead."
109238475086,"Althea Manalo",2026-09-17,5,"Energized",4,"None / Peaceful",10,"Feeling energized after PE class. Focused on my study goals."
109238475086,"Althea Manalo",2026-09-18,5,"Energized",4,"Exams / Deadlines",10,"Maganda ang score ko sa science experiment. Ready for tomorrow!"
109238475086,"Althea Manalo",2026-09-19,3,"Okay / Neutral",5,"None / Peaceful",10,"Feeling energized after PE class. Focused on my study goals."
109238475087,"Cedric Corpuz",2026-09-15,3,"Okay / Neutral",5,"None / Peaceful",12,"Natapos ko lahat ng assignments on time. Peaceful weekend ahead."
109238475087,"Cedric Corpuz",2026-09-16,4,"Good",4,"None / Peaceful",12,"Masaya ang homeroom activity kanina kasama ang advisory class!"
109238475087,"Cedric Corpuz",2026-09-17,4,"Good",5,"Exams / Deadlines",12,"Natapos ko lahat ng assignments on time. Peaceful weekend ahead."
109238475087,"Cedric Corpuz",2026-09-18,5,"Energized",5,"Exams / Deadlines",12,"Feeling energized after PE class. Focused on my study goals."
109238475087,"Cedric Corpuz",2026-09-19,5,"Energized",4,"None / Peaceful",12,"Masaya ang homeroom activity kanina kasama ang advisory class!"
109238475088,"Samantha Nicole Gonzales",2026-09-15,5,"Energized",4,"Exams / Deadlines",6,"Maganda ang score ko sa science experiment. Ready for tomorrow!"
109238475088,"Samantha Nicole Gonzales",2026-09-16,4,"Good",5,"None / Peaceful",6,"Feeling energized after PE class. Focused on my study goals."
109238475088,"Samantha Nicole Gonzales",2026-09-17,5,"Energized",5,"None / Peaceful",6,"Maganda ang score ko sa science experiment. Ready for tomorrow!"
109238475088,"Samantha Nicole Gonzales",2026-09-18,3,"Okay / Neutral",4,"None / Peaceful",6,"Maganda ang score ko sa science experiment. Ready for tomorrow!"
109238475088,"Samantha Nicole Gonzales",2026-09-19,3,"Okay / Neutral",4,"None / Peaceful",6,"Masaya ang homeroom activity kanina kasama ang advisory class!"
109238475089,"Francis Soriano",2026-09-15,4,"Good",3,"Academics",4,"Medyo busy dahil sa papalapit na group presentation pero kakayanin."
109238475089,"Francis Soriano",2026-09-16,2,"Stressed",2,"None / Peaceful",4,"Medyo puyat kaka-review, pero nakabawi naman ng tulog."
109238475089,"Francis Soriano",2026-09-17,2,"Stressed",3,"Academics",4,"May kaunting financial delay pero nakiusap naman kami sa accounting."
109238475089,"Francis Soriano",2026-09-18,3,"Okay / Neutral",3,"Family",4,"May kaunting financial delay pero nakiusap naman kami sa accounting."
109238475089,"Francis Soriano",2026-09-19,3,"Okay / Neutral",2,"None / Peaceful",4,"Nangangailangan ng review session sa Math bago mag-midterm."
109238475090,"Aaron San Jose",2026-09-15,3,"Okay / Neutral",4,"Exams / Deadlines",12,"Feeling energized after PE class. Focused on my study goals."
109238475090,"Aaron San Jose",2026-09-16,4,"Good",4,"None / Peaceful",12,"Masaya ang homeroom activity kanina kasama ang advisory class!"
109238475090,"Aaron San Jose",2026-09-17,5,"Energized",5,"None / Peaceful",12,"Maganda ang score ko sa science experiment. Ready for tomorrow!"
109238475090,"Aaron San Jose",2026-09-18,4,"Good",4,"None / Peaceful",12,"Feeling energized after PE class. Focused on my study goals."
109238475090,"Aaron San Jose",2026-09-19,5,"Energized",4,"None / Peaceful",12,"Feeling energized after PE class. Focused on my study goals."
109238475091,"Cedric Villanueva",2026-09-15,3,"Okay / Neutral",5,"None / Peaceful",4,"Masaya ang homeroom activity kanina kasama ang advisory class!"
109238475091,"Cedric Villanueva",2026-09-16,5,"Energized",4,"Exams / Deadlines",4,"Natapos ko lahat ng assignments on time. Peaceful weekend ahead."
109238475091,"Cedric Villanueva",2026-09-17,4,"Good",5,"None / Peaceful",4,"Feeling energized after PE class. Focused on my study goals."
109238475091,"Cedric Villanueva",2026-09-18,4,"Good",4,"Exams / Deadlines",4,"Masaya ang homeroom activity kanina kasama ang advisory class!"
109238475091,"Cedric Villanueva",2026-09-19,4,"Good",4,"Exams / Deadlines",4,"Masaya ang homeroom activity kanina kasama ang advisory class!"
109238475092,"Nicole Soriano",2026-09-15,4,"Good",5,"None / Peaceful",14,"Feeling energized after PE class. Focused on my study goals."
109238475092,"Nicole Soriano",2026-09-16,3,"Okay / Neutral",5,"None / Peaceful",14,"Feeling energized after PE class. Focused on my study goals."
109238475092,"Nicole Soriano",2026-09-17,5,"Energized",4,"Exams / Deadlines",14,"Maganda ang score ko sa science experiment. Ready for tomorrow!"
109238475092,"Nicole Soriano",2026-09-18,4,"Good",4,"Exams / Deadlines",14,"Maganda ang score ko sa science experiment. Ready for tomorrow!"
109238475092,"Nicole Soriano",2026-09-19,4,"Good",4,"None / Peaceful",14,"Feeling energized after PE class. Focused on my study goals."
109238475093,"John Carlo Salazar",2026-09-15,5,"Energized",5,"None / Peaceful",6,"Maganda ang score ko sa science experiment. Ready for tomorrow!"
109238475093,"John Carlo Salazar",2026-09-16,5,"Energized",5,"Exams / Deadlines",6,"Feeling energized after PE class. Focused on my study goals."
109238475093,"John Carlo Salazar",2026-09-17,4,"Good",4,"None / Peaceful",6,"Maganda ang score ko sa science experiment. Ready for tomorrow!"
109238475093,"John Carlo Salazar",2026-09-18,5,"Energized",4,"Exams / Deadlines",6,"Feeling energized after PE class. Focused on my study goals."
109238475093,"John Carlo Salazar",2026-09-19,4,"Good",4,"None / Peaceful",6,"Maganda ang score ko sa science experiment. Ready for tomorrow!"
109238475094,"Jerome Tolentino",2026-09-15,3,"Okay / Neutral",5,"Exams / Deadlines",5,"Maganda ang score ko sa science experiment. Ready for tomorrow!"
109238475094,"Jerome Tolentino",2026-09-16,5,"Energized",4,"Exams / Deadlines",5,"Natapos ko lahat ng assignments on time. Peaceful weekend ahead."
109238475094,"Jerome Tolentino",2026-09-17,3,"Okay / Neutral",4,"None / Peaceful",5,"Natapos ko lahat ng assignments on time. Peaceful weekend ahead."
109238475094,"Jerome Tolentino",2026-09-18,5,"Energized",4,"None / Peaceful",5,"Feeling energized after PE class. Focused on my study goals."
109238475094,"Jerome Tolentino",2026-09-19,5,"Energized",4,"None / Peaceful",5,"Natapos ko lahat ng assignments on time. Peaceful weekend ahead."
109238475095,"Sofia Tolentino",2026-09-15,2,"Stressed",3,"Finances",5,"May kaunting financial delay pero nakiusap naman kami sa accounting."
109238475095,"Sofia Tolentino",2026-09-16,3,"Okay / Neutral",2,"None / Peaceful",5,"Medyo busy dahil sa papalapit na group presentation pero kakayanin."
109238475095,"Sofia Tolentino",2026-09-17,4,"Good",2,"Physical Health",5,"Nangangailangan ng review session sa Math bago mag-midterm."
109238475095,"Sofia Tolentino",2026-09-18,4,"Good",2,"Sleep",5,"Medyo puyat kaka-review, pero nakabawi naman ng tulog."
109238475095,"Sofia Tolentino",2026-09-19,2,"Stressed",3,"Family",5,"Nangangailangan ng review session sa Math bago mag-midterm."
109238475096,"Dominic Mendoza",2026-09-15,4,"Good",4,"None / Peaceful",14,"Maganda ang score ko sa science experiment. Ready for tomorrow!"
109238475096,"Dominic Mendoza",2026-09-16,4,"Good",4,"Exams / Deadlines",14,"Feeling energized after PE class. Focused on my study goals."
109238475096,"Dominic Mendoza",2026-09-17,4,"Good",5,"Exams / Deadlines",14,"Masaya ang homeroom activity kanina kasama ang advisory class!"
109238475096,"Dominic Mendoza",2026-09-18,3,"Okay / Neutral",4,"None / Peaceful",14,"Feeling energized after PE class. Focused on my study goals."
109238475096,"Dominic Mendoza",2026-09-19,4,"Good",5,"Exams / Deadlines",14,"Feeling energized after PE class. Focused on my study goals."
109238475097,"Ethan Pascual",2026-09-15,2,"Stressed",1,"Exams / Deadlines",3,"Daming sabay-sabay na project submission, pagod na po ang katawan at isip ko."
109238475097,"Ethan Pascual",2026-09-16,3,"Okay / Neutral",2,"Academics",3,"Sobrang nahihirapan na po ako sa Chemistry at Pre-Cal. Hindi na po ako makatulog sa gabi."
109238475097,"Ethan Pascual",2026-09-17,2,"Stressed",1,"Family",3,"Sobrang nahihirapan na po ako sa Chemistry at Pre-Cal. Hindi na po ako makatulog sa gabi."
109238475097,"Ethan Pascual",2026-09-18,3,"Okay / Neutral",1,"Finances",3,"Bagsak ako sa quarterly quiz, kinakabahan ako sabihin kay nanay."
109238475097,"Ethan Pascual",2026-09-19,2,"Stressed",2,"Finances",3,"Nag-aalala ako sa matrikula at baka hindi ako maka-exam sa finals."
109238475098,"Rochelle Dizon",2026-09-15,4,"Good",4,"None / Peaceful",3,"Masaya ang homeroom activity kanina kasama ang advisory class!"
109238475098,"Rochelle Dizon",2026-09-16,4,"Good",5,"None / Peaceful",3,"Feeling energized after PE class. Focused on my study goals."
109238475098,"Rochelle Dizon",2026-09-17,4,"Good",4,"None / Peaceful",3,"Masaya ang homeroom activity kanina kasama ang advisory class!"
109238475098,"Rochelle Dizon",2026-09-18,4,"Good",4,"Exams / Deadlines",3,"Feeling energized after PE class. Focused on my study goals."
109238475098,"Rochelle Dizon",2026-09-19,4,"Good",4,"None / Peaceful",3,"Maganda ang score ko sa science experiment. Ready for tomorrow!"
109238475099,"Adrian Rivera",2026-09-15,3,"Okay / Neutral",2,"Family",13,"Daming sabay-sabay na project submission, pagod na po ang katawan at isip ko."
109238475099,"Adrian Rivera",2026-09-16,2,"Stressed",1,"Exams / Deadlines",13,"Nag-aalala ako sa matrikula at baka hindi ako maka-exam sa finals."
109238475099,"Adrian Rivera",2026-09-17,1,"Overwhelmed",2,"Family",13,"Bagsak ako sa quarterly quiz, kinakabahan ako sabihin kay nanay."
109238475099,"Adrian Rivera",2026-09-18,2,"Stressed",2,"Academics",13,"Daming sabay-sabay na project submission, pagod na po ang katawan at isip ko."
109238475099,"Adrian Rivera",2026-09-19,3,"Okay / Neutral",1,"Finances",13,"Bagsak ako sa quarterly quiz, kinakabahan ako sabihin kay nanay."
109238475100,"Kyle Mercado",2026-09-15,4,"Good",2,"Academics",12,"Medyo busy dahil sa papalapit na group presentation pero kakayanin."
109238475100,"Kyle Mercado",2026-09-16,4,"Good",3,"Physical Health",12,"May kaunting financial delay pero nakiusap naman kami sa accounting."
109238475100,"Kyle Mercado",2026-09-17,4,"Good",3,"Exams / Deadlines",12,"Medyo puyat kaka-review, pero nakabawi naman ng tulog."
109238475100,"Kyle Mercado",2026-09-18,2,"Stressed",2,"Finances",12,"Medyo puyat kaka-review, pero nakabawi naman ng tulog."
109238475100,"Kyle Mercado",2026-09-19,2,"Stressed",3,"Sleep",12,"Medyo puyat kaka-review, pero nakabawi naman ng tulog."
109238475101,"Bianca Torres",2026-09-15,4,"Good",2,"Academics",9,"Medyo puyat kaka-review, pero nakabawi naman ng tulog."
109238475101,"Bianca Torres",2026-09-16,4,"Good",3,"Exams / Deadlines",9,"May kaunting financial delay pero nakiusap naman kami sa accounting."
109238475101,"Bianca Torres",2026-09-17,2,"Stressed",2,"Finances",9,"Medyo puyat kaka-review, pero nakabawi naman ng tulog."
109238475101,"Bianca Torres",2026-09-18,4,"Good",2,"Academics",9,"Medyo puyat kaka-review, pero nakabawi naman ng tulog."
109238475101,"Bianca Torres",2026-09-19,3,"Okay / Neutral",3,"Exams / Deadlines",9,"Medyo puyat kaka-review, pero nakabawi naman ng tulog."
109238475102,"Samantha Nicole Rivera",2026-09-15,4,"Good",5,"None / Peaceful",5,"Natapos ko lahat ng assignments on time. Peaceful weekend ahead."
109238475102,"Samantha Nicole Rivera",2026-09-16,5,"Energized",5,"None / Peaceful",5,"Natapos ko lahat ng assignments on time. Peaceful weekend ahead."
109238475102,"Samantha Nicole Rivera",2026-09-17,5,"Energized",5,"Exams / Deadlines",5,"Feeling energized after PE class. Focused on my study goals."
109238475102,"Samantha Nicole Rivera",2026-09-18,4,"Good",4,"None / Peaceful",5,"Maganda ang score ko sa science experiment. Ready for tomorrow!"
109238475102,"Samantha Nicole Rivera",2026-09-19,5,"Energized",4,"None / Peaceful",5,"Maganda ang score ko sa science experiment. Ready for tomorrow!"
109238475103,"Cedric Alcantara",2026-09-15,4,"Good",2,"Physical Health",13,"Medyo busy dahil sa papalapit na group presentation pero kakayanin."
109238475103,"Cedric Alcantara",2026-09-16,2,"Stressed",3,"Exams / Deadlines",13,"Medyo busy dahil sa papalapit na group presentation pero kakayanin."
109238475103,"Cedric Alcantara",2026-09-17,4,"Good",3,"Exams / Deadlines",13,"Medyo puyat kaka-review, pero nakabawi naman ng tulog."
109238475103,"Cedric Alcantara",2026-09-18,4,"Good",3,"Academics",13,"Nangangailangan ng review session sa Math bago mag-midterm."
109238475103,"Cedric Alcantara",2026-09-19,2,"Stressed",2,"None / Peaceful",13,"May kaunting financial delay pero nakiusap naman kami sa accounting."
109238475104,"Vanessa Santos",2026-09-15,5,"Energized",4,"None / Peaceful",12,"Feeling energized after PE class. Focused on my study goals."
109238475104,"Vanessa Santos",2026-09-16,4,"Good",5,"None / Peaceful",12,"Natapos ko lahat ng assignments on time. Peaceful weekend ahead."
109238475104,"Vanessa Santos",2026-09-17,4,"Good",4,"Exams / Deadlines",12,"Masaya ang homeroom activity kanina kasama ang advisory class!"
109238475104,"Vanessa Santos",2026-09-18,3,"Okay / Neutral",4,"Exams / Deadlines",12,"Feeling energized after PE class. Focused on my study goals."
109238475104,"Vanessa Santos",2026-09-19,5,"Energized",5,"Exams / Deadlines",12,"Masaya ang homeroom activity kanina kasama ang advisory class!"
109238475105,"Rochelle Ocampo",2026-09-15,4,"Good",5,"None / Peaceful",12,"Masaya ang homeroom activity kanina kasama ang advisory class!"
109238475105,"Rochelle Ocampo",2026-09-16,4,"Good",4,"None / Peaceful",12,"Natapos ko lahat ng assignments on time. Peaceful weekend ahead."
109238475105,"Rochelle Ocampo",2026-09-17,4,"Good",4,"None / Peaceful",12,"Feeling energized after PE class. Focused on my study goals."
109238475105,"Rochelle Ocampo",2026-09-18,4,"Good",4,"Exams / Deadlines",12,"Maganda ang score ko sa science experiment. Ready for tomorrow!"
109238475105,"Rochelle Ocampo",2026-09-19,5,"Energized",4,"None / Peaceful",12,"Maganda ang score ko sa science experiment. Ready for tomorrow!"
109238475106,"Ethan Manalo",2026-09-15,4,"Good",4,"None / Peaceful",14,"Feeling energized after PE class. Focused on my study goals."
109238475106,"Ethan Manalo",2026-09-16,5,"Energized",4,"Exams / Deadlines",14,"Masaya ang homeroom activity kanina kasama ang advisory class!"
109238475106,"Ethan Manalo",2026-09-17,4,"Good",5,"None / Peaceful",14,"Maganda ang score ko sa science experiment. Ready for tomorrow!"
109238475106,"Ethan Manalo",2026-09-18,5,"Energized",4,"Exams / Deadlines",14,"Masaya ang homeroom activity kanina kasama ang advisory class!"
109238475106,"Ethan Manalo",2026-09-19,3,"Okay / Neutral",4,"None / Peaceful",14,"Maganda ang score ko sa science experiment. Ready for tomorrow!"
109238475107,"Althea Mercado",2026-09-15,4,"Good",4,"None / Peaceful",13,"Maganda ang score ko sa science experiment. Ready for tomorrow!"
109238475107,"Althea Mercado",2026-09-16,4,"Good",4,"Exams / Deadlines",13,"Feeling energized after PE class. Focused on my study goals."
109238475107,"Althea Mercado",2026-09-17,4,"Good",4,"None / Peaceful",13,"Masaya ang homeroom activity kanina kasama ang advisory class!"
109238475107,"Althea Mercado",2026-09-18,5,"Energized",4,"Exams / Deadlines",13,"Natapos ko lahat ng assignments on time. Peaceful weekend ahead."
109238475107,"Althea Mercado",2026-09-19,5,"Energized",5,"Exams / Deadlines",13,"Natapos ko lahat ng assignments on time. Peaceful weekend ahead."
109238475108,"Ralph Dela Cruz",2026-09-15,3,"Okay / Neutral",2,"None / Peaceful",11,"Medyo puyat kaka-review, pero nakabawi naman ng tulog."
109238475108,"Ralph Dela Cruz",2026-09-16,3,"Okay / Neutral",3,"Physical Health",11,"Nangangailangan ng review session sa Math bago mag-midterm."
109238475108,"Ralph Dela Cruz",2026-09-17,4,"Good",2,"Academics",11,"Medyo puyat kaka-review, pero nakabawi naman ng tulog."
109238475108,"Ralph Dela Cruz",2026-09-18,3,"Okay / Neutral",3,"Physical Health",11,"May kaunting financial delay pero nakiusap naman kami sa accounting."
109238475108,"Ralph Dela Cruz",2026-09-19,2,"Stressed",2,"Finances",11,"Nangangailangan ng review session sa Math bago mag-midterm."
109238475109,"Rafael Pascual",2026-09-15,5,"Energized",4,"Exams / Deadlines",7,"Maganda ang score ko sa science experiment. Ready for tomorrow!"
109238475109,"Rafael Pascual",2026-09-16,5,"Energized",4,"Exams / Deadlines",7,"Masaya ang homeroom activity kanina kasama ang advisory class!"
109238475109,"Rafael Pascual",2026-09-17,4,"Good",5,"None / Peaceful",7,"Masaya ang homeroom activity kanina kasama ang advisory class!"
109238475109,"Rafael Pascual",2026-09-18,4,"Good",4,"None / Peaceful",7,"Feeling energized after PE class. Focused on my study goals."
109238475109,"Rafael Pascual",2026-09-19,5,"Energized",4,"None / Peaceful",7,"Natapos ko lahat ng assignments on time. Peaceful weekend ahead."
109238475110,"Mark Kenneth Bautista",2026-09-15,3,"Okay / Neutral",2,"Physical Health",9,"Medyo puyat kaka-review, pero nakabawi naman ng tulog."
109238475110,"Mark Kenneth Bautista",2026-09-16,4,"Good",2,"Exams / Deadlines",9,"May kaunting financial delay pero nakiusap naman kami sa accounting."
109238475110,"Mark Kenneth Bautista",2026-09-17,3,"Okay / Neutral",2,"Family",9,"Medyo puyat kaka-review, pero nakabawi naman ng tulog."
109238475110,"Mark Kenneth Bautista",2026-09-18,2,"Stressed",3,"Sleep",9,"Medyo puyat kaka-review, pero nakabawi naman ng tulog."
109238475110,"Mark Kenneth Bautista",2026-09-19,3,"Okay / Neutral",3,"Finances",9,"Nangangailangan ng review session sa Math bago mag-midterm."
109238475111,"Miguel Domingo",2026-09-15,5,"Energized",4,"Exams / Deadlines",6,"Maganda ang score ko sa science experiment. Ready for tomorrow!"
109238475111,"Miguel Domingo",2026-09-16,3,"Okay / Neutral",5,"Exams / Deadlines",6,"Maganda ang score ko sa science experiment. Ready for tomorrow!"
109238475111,"Miguel Domingo",2026-09-17,5,"Energized",5,"None / Peaceful",6,"Maganda ang score ko sa science experiment. Ready for tomorrow!"
109238475111,"Miguel Domingo",2026-09-18,4,"Good",4,"None / Peaceful",6,"Maganda ang score ko sa science experiment. Ready for tomorrow!"
109238475111,"Miguel Domingo",2026-09-19,5,"Energized",4,"None / Peaceful",6,"Feeling energized after PE class. Focused on my study goals."
109238475112,"Alexander De Leon",2026-09-15,2,"Stressed",3,"Exams / Deadlines",12,"May kaunting financial delay pero nakiusap naman kami sa accounting."
109238475112,"Alexander De Leon",2026-09-16,2,"Stressed",3,"Finances",12,"Nangangailangan ng review session sa Math bago mag-midterm."
109238475112,"Alexander De Leon",2026-09-17,4,"Good",2,"Family",12,"Medyo puyat kaka-review, pero nakabawi naman ng tulog."
109238475112,"Alexander De Leon",2026-09-18,2,"Stressed",2,"Academics",12,"Nangangailangan ng review session sa Math bago mag-midterm."
109238475112,"Alexander De Leon",2026-09-19,4,"Good",2,"Physical Health",12,"Medyo busy dahil sa papalapit na group presentation pero kakayanin."
109238475113,"Erika Garcia",2026-09-15,5,"Energized",5,"None / Peaceful",8,"Natapos ko lahat ng assignments on time. Peaceful weekend ahead."
109238475113,"Erika Garcia",2026-09-16,3,"Okay / Neutral",5,"None / Peaceful",8,"Maganda ang score ko sa science experiment. Ready for tomorrow!"
109238475113,"Erika Garcia",2026-09-17,4,"Good",5,"None / Peaceful",8,"Natapos ko lahat ng assignments on time. Peaceful weekend ahead."
109238475113,"Erika Garcia",2026-09-18,5,"Energized",4,"None / Peaceful",8,"Masaya ang homeroom activity kanina kasama ang advisory class!"
109238475113,"Erika Garcia",2026-09-19,3,"Okay / Neutral",4,"None / Peaceful",8,"Masaya ang homeroom activity kanina kasama ang advisory class!"
109238475114,"Denise Castillo",2026-09-15,4,"Good",3,"Sleep",6,"Nangangailangan ng review session sa Math bago mag-midterm."
109238475114,"Denise Castillo",2026-09-16,4,"Good",2,"Academics",6,"Medyo puyat kaka-review, pero nakabawi naman ng tulog."
109238475114,"Denise Castillo",2026-09-17,3,"Okay / Neutral",2,"Sleep",6,"Medyo busy dahil sa papalapit na group presentation pero kakayanin."
109238475114,"Denise Castillo",2026-09-18,2,"Stressed",3,"Physical Health",6,"Nangangailangan ng review session sa Math bago mag-midterm."
109238475114,"Denise Castillo",2026-09-19,4,"Good",3,"Sleep",6,"Medyo busy dahil sa papalapit na group presentation pero kakayanin."
109238475115,"Lance Lim",2026-09-15,2,"Stressed",2,"Physical Health",6,"Medyo puyat kaka-review, pero nakabawi naman ng tulog."
109238475115,"Lance Lim",2026-09-16,4,"Good",2,"Family",6,"May kaunting financial delay pero nakiusap naman kami sa accounting."
109238475115,"Lance Lim",2026-09-17,4,"Good",2,"Sleep",6,"May kaunting financial delay pero nakiusap naman kami sa accounting."
109238475115,"Lance Lim",2026-09-18,2,"Stressed",3,"Family",6,"May kaunting financial delay pero nakiusap naman kami sa accounting."
109238475115,"Lance Lim",2026-09-19,4,"Good",2,"Physical Health",6,"Nangangailangan ng review session sa Math bago mag-midterm."
109238475116,"Kristine Bautista",2026-09-15,3,"Okay / Neutral",2,"Finances",4,"Nag-aalala ako sa matrikula at baka hindi ako maka-exam sa finals."
109238475116,"Kristine Bautista",2026-09-16,3,"Okay / Neutral",2,"Family",4,"Bagsak ako sa quarterly quiz, kinakabahan ako sabihin kay nanay."
109238475116,"Kristine Bautista",2026-09-17,2,"Stressed",1,"Exams / Deadlines",4,"Nag-aalala ako sa matrikula at baka hindi ako maka-exam sa finals."
109238475116,"Kristine Bautista",2026-09-18,1,"Overwhelmed",2,"Family",4,"Sobrang nahihirapan na po ako sa Chemistry at Pre-Cal. Hindi na po ako makatulog sa gabi."
109238475116,"Kristine Bautista",2026-09-19,1,"Overwhelmed",1,"Finances",4,"Nag-aalala ako sa matrikula at baka hindi ako maka-exam sa finals."
109238475117,"Adrian Padilla",2026-09-15,4,"Good",4,"None / Peaceful",9,"Masaya ang homeroom activity kanina kasama ang advisory class!"
109238475117,"Adrian Padilla",2026-09-16,3,"Okay / Neutral",4,"None / Peaceful",9,"Masaya ang homeroom activity kanina kasama ang advisory class!"
109238475117,"Adrian Padilla",2026-09-17,5,"Energized",4,"None / Peaceful",9,"Masaya ang homeroom activity kanina kasama ang advisory class!"
109238475117,"Adrian Padilla",2026-09-18,4,"Good",4,"Exams / Deadlines",9,"Masaya ang homeroom activity kanina kasama ang advisory class!"
109238475117,"Adrian Padilla",2026-09-19,3,"Okay / Neutral",4,"None / Peaceful",9,"Masaya ang homeroom activity kanina kasama ang advisory class!"
109238475118,"Camille Pascual",2026-09-15,1,"Overwhelmed",1,"Exams / Deadlines",8,"Daming sabay-sabay na project submission, pagod na po ang katawan at isip ko."
109238475118,"Camille Pascual",2026-09-16,2,"Stressed",1,"Exams / Deadlines",8,"Bagsak ako sa quarterly quiz, kinakabahan ako sabihin kay nanay."
109238475118,"Camille Pascual",2026-09-17,1,"Overwhelmed",2,"Family",8,"Walang katuwang sa bahay, ako nag-aalaga sa mga kapatid ko habang nag-aaral."
109238475118,"Camille Pascual",2026-09-18,2,"Stressed",2,"Academics",8,"Nag-aalala ako sa matrikula at baka hindi ako maka-exam sa finals."
109238475118,"Camille Pascual",2026-09-19,2,"Stressed",2,"Academics",8,"Nag-aalala ako sa matrikula at baka hindi ako maka-exam sa finals."
109238475119,"Camille Dizon",2026-09-15,3,"Okay / Neutral",1,"Finances",4,"Daming sabay-sabay na project submission, pagod na po ang katawan at isip ko."
109238475119,"Camille Dizon",2026-09-16,1,"Overwhelmed",1,"Family",4,"Daming sabay-sabay na project submission, pagod na po ang katawan at isip ko."
109238475119,"Camille Dizon",2026-09-17,1,"Overwhelmed",1,"Academics",4,"Daming sabay-sabay na project submission, pagod na po ang katawan at isip ko."
109238475119,"Camille Dizon",2026-09-18,1,"Overwhelmed",1,"Academics",4,"Sobrang nahihirapan na po ako sa Chemistry at Pre-Cal. Hindi na po ako makatulog sa gabi."
109238475119,"Camille Dizon",2026-09-19,1,"Overwhelmed",1,"Exams / Deadlines",4,"Walang katuwang sa bahay, ako nag-aalaga sa mga kapatid ko habang nag-aaral."
109238475120,"Justin Dizon",2026-09-15,5,"Energized",4,"None / Peaceful",5,"Masaya ang homeroom activity kanina kasama ang advisory class!"
109238475120,"Justin Dizon",2026-09-16,4,"Good",4,"None / Peaceful",5,"Feeling energized after PE class. Focused on my study goals."
109238475120,"Justin Dizon",2026-09-17,4,"Good",4,"None / Peaceful",5,"Feeling energized after PE class. Focused on my study goals."
109238475120,"Justin Dizon",2026-09-18,4,"Good",4,"None / Peaceful",5,"Natapos ko lahat ng assignments on time. Peaceful weekend ahead."
109238475120,"Justin Dizon",2026-09-19,4,"Good",4,"None / Peaceful",5,"Natapos ko lahat ng assignments on time. Peaceful weekend ahead."
109238475121,"Angelo Aquino",2026-09-15,4,"Good",3,"None / Peaceful",4,"Medyo puyat kaka-review, pero nakabawi naman ng tulog."
109238475121,"Angelo Aquino",2026-09-16,4,"Good",3,"Physical Health",4,"Nangangailangan ng review session sa Math bago mag-midterm."
109238475121,"Angelo Aquino",2026-09-17,2,"Stressed",2,"Exams / Deadlines",4,"May kaunting financial delay pero nakiusap naman kami sa accounting."
109238475121,"Angelo Aquino",2026-09-18,2,"Stressed",3,"Sleep",4,"May kaunting financial delay pero nakiusap naman kami sa accounting."
109238475121,"Angelo Aquino",2026-09-19,4,"Good",3,"Physical Health",4,"Medyo busy dahil sa papalapit na group presentation pero kakayanin."
109238475122,"Vincent Tan",2026-09-15,4,"Good",4,"Exams / Deadlines",7,"Natapos ko lahat ng assignments on time. Peaceful weekend ahead."
109238475122,"Vincent Tan",2026-09-16,5,"Energized",4,"None / Peaceful",7,"Natapos ko lahat ng assignments on time. Peaceful weekend ahead."
109238475122,"Vincent Tan",2026-09-17,4,"Good",4,"None / Peaceful",7,"Maganda ang score ko sa science experiment. Ready for tomorrow!"
109238475122,"Vincent Tan",2026-09-18,5,"Energized",4,"None / Peaceful",7,"Maganda ang score ko sa science experiment. Ready for tomorrow!"
109238475122,"Vincent Tan",2026-09-19,4,"Good",4,"Exams / Deadlines",7,"Masaya ang homeroom activity kanina kasama ang advisory class!"
109238475123,"Joshua Soriano",2026-09-15,3,"Okay / Neutral",2,"Family",7,"Walang katuwang sa bahay, ako nag-aalaga sa mga kapatid ko habang nag-aaral."
109238475123,"Joshua Soriano",2026-09-16,2,"Stressed",1,"Academics",7,"Daming sabay-sabay na project submission, pagod na po ang katawan at isip ko."
109238475123,"Joshua Soriano",2026-09-17,2,"Stressed",2,"Finances",7,"Sobrang nahihirapan na po ako sa Chemistry at Pre-Cal. Hindi na po ako makatulog sa gabi."
109238475123,"Joshua Soriano",2026-09-18,3,"Okay / Neutral",1,"Finances",7,"Walang katuwang sa bahay, ako nag-aalaga sa mga kapatid ko habang nag-aaral."
109238475123,"Joshua Soriano",2026-09-19,2,"Stressed",2,"Academics",7,"Walang katuwang sa bahay, ako nag-aalaga sa mga kapatid ko habang nag-aaral."
109238475124,"Alyssa Valdez",2026-09-15,5,"Energized",4,"None / Peaceful",12,"Masaya ang homeroom activity kanina kasama ang advisory class!"
109238475124,"Alyssa Valdez",2026-09-16,3,"Okay / Neutral",4,"Exams / Deadlines",12,"Masaya ang homeroom activity kanina kasama ang advisory class!"
109238475124,"Alyssa Valdez",2026-09-17,3,"Okay / Neutral",4,"None / Peaceful",12,"Maganda ang score ko sa science experiment. Ready for tomorrow!"
109238475124,"Alyssa Valdez",2026-09-18,3,"Okay / Neutral",4,"None / Peaceful",12,"Feeling energized after PE class. Focused on my study goals."
109238475124,"Alyssa Valdez",2026-09-19,4,"Good",4,"None / Peaceful",12,"Maganda ang score ko sa science experiment. Ready for tomorrow!"
109238475125,"Samantha Nicole Rivera",2026-09-15,5,"Energized",5,"None / Peaceful",10,"Maganda ang score ko sa science experiment. Ready for tomorrow!"
109238475125,"Samantha Nicole Rivera",2026-09-16,5,"Energized",4,"None / Peaceful",10,"Feeling energized after PE class. Focused on my study goals."
109238475125,"Samantha Nicole Rivera",2026-09-17,4,"Good",4,"None / Peaceful",10,"Feeling energized after PE class. Focused on my study goals."
109238475125,"Samantha Nicole Rivera",2026-09-18,5,"Energized",4,"None / Peaceful",10,"Maganda ang score ko sa science experiment. Ready for tomorrow!"
109238475125,"Samantha Nicole Rivera",2026-09-19,5,"Energized",4,"None / Peaceful",10,"Natapos ko lahat ng assignments on time. Peaceful weekend ahead."
109238475126,"Camille Santos",2026-09-15,2,"Stressed",2,"Physical Health",13,"Medyo puyat kaka-review, pero nakabawi naman ng tulog."
109238475126,"Camille Santos",2026-09-16,3,"Okay / Neutral",2,"Sleep",13,"Medyo puyat kaka-review, pero nakabawi naman ng tulog."
109238475126,"Camille Santos",2026-09-17,4,"Good",2,"Family",13,"May kaunting financial delay pero nakiusap naman kami sa accounting."
109238475126,"Camille Santos",2026-09-18,3,"Okay / Neutral",2,"Exams / Deadlines",13,"May kaunting financial delay pero nakiusap naman kami sa accounting."
109238475126,"Camille Santos",2026-09-19,2,"Stressed",3,"Academics",13,"May kaunting financial delay pero nakiusap naman kami sa accounting."
109238475127,"Angelo Castro",2026-09-15,4,"Good",4,"Exams / Deadlines",7,"Masaya ang homeroom activity kanina kasama ang advisory class!"
109238475127,"Angelo Castro",2026-09-16,4,"Good",4,"None / Peaceful",7,"Natapos ko lahat ng assignments on time. Peaceful weekend ahead."
109238475127,"Angelo Castro",2026-09-17,4,"Good",4,"None / Peaceful",7,"Natapos ko lahat ng assignments on time. Peaceful weekend ahead."
109238475127,"Angelo Castro",2026-09-18,5,"Energized",4,"Exams / Deadlines",7,"Feeling energized after PE class. Focused on my study goals."
109238475127,"Angelo Castro",2026-09-19,5,"Energized",4,"None / Peaceful",7,"Natapos ko lahat ng assignments on time. Peaceful weekend ahead."
109238475128,"Angelo Padilla",2026-09-15,4,"Good",5,"Exams / Deadlines",11,"Natapos ko lahat ng assignments on time. Peaceful weekend ahead."
109238475128,"Angelo Padilla",2026-09-16,4,"Good",5,"Exams / Deadlines",11,"Feeling energized after PE class. Focused on my study goals."
109238475128,"Angelo Padilla",2026-09-17,3,"Okay / Neutral",4,"None / Peaceful",11,"Masaya ang homeroom activity kanina kasama ang advisory class!"
109238475128,"Angelo Padilla",2026-09-18,5,"Energized",5,"Exams / Deadlines",11,"Maganda ang score ko sa science experiment. Ready for tomorrow!"
109238475128,"Angelo Padilla",2026-09-19,4,"Good",4,"None / Peaceful",11,"Natapos ko lahat ng assignments on time. Peaceful weekend ahead."
109238475129,"Chloe Torres",2026-09-15,4,"Good",3,"Academics",11,"Nangangailangan ng review session sa Math bago mag-midterm."
109238475129,"Chloe Torres",2026-09-16,2,"Stressed",3,"Family",11,"May kaunting financial delay pero nakiusap naman kami sa accounting."
109238475129,"Chloe Torres",2026-09-17,4,"Good",3,"Family",11,"Nangangailangan ng review session sa Math bago mag-midterm."
109238475129,"Chloe Torres",2026-09-18,3,"Okay / Neutral",2,"Finances",11,"Medyo busy dahil sa papalapit na group presentation pero kakayanin."
109238475129,"Chloe Torres",2026-09-19,3,"Okay / Neutral",3,"Family",11,"Medyo busy dahil sa papalapit na group presentation pero kakayanin."
109238475130,"Chloe Flores",2026-09-15,4,"Good",2,"Finances",12,"May kaunting financial delay pero nakiusap naman kami sa accounting."
109238475130,"Chloe Flores",2026-09-16,2,"Stressed",2,"Sleep",12,"Medyo busy dahil sa papalapit na group presentation pero kakayanin."
109238475130,"Chloe Flores",2026-09-17,3,"Okay / Neutral",2,"Exams / Deadlines",12,"Medyo puyat kaka-review, pero nakabawi naman ng tulog."
109238475130,"Chloe Flores",2026-09-18,4,"Good",2,"Finances",12,"May kaunting financial delay pero nakiusap naman kami sa accounting."
109238475130,"Chloe Flores",2026-09-19,4,"Good",3,"Academics",12,"May kaunting financial delay pero nakiusap naman kami sa accounting."
109238475131,"Gabriel Bautista",2026-09-15,4,"Good",5,"Exams / Deadlines",12,"Masaya ang homeroom activity kanina kasama ang advisory class!"
109238475131,"Gabriel Bautista",2026-09-16,5,"Energized",5,"None / Peaceful",12,"Natapos ko lahat ng assignments on time. Peaceful weekend ahead."
109238475131,"Gabriel Bautista",2026-09-17,4,"Good",4,"None / Peaceful",12,"Maganda ang score ko sa science experiment. Ready for tomorrow!"
109238475131,"Gabriel Bautista",2026-09-18,4,"Good",4,"Exams / Deadlines",12,"Natapos ko lahat ng assignments on time. Peaceful weekend ahead."
109238475131,"Gabriel Bautista",2026-09-19,4,"Good",4,"None / Peaceful",12,"Maganda ang score ko sa science experiment. Ready for tomorrow!"
109238475132,"Shaina Salazar",2026-09-15,4,"Good",4,"None / Peaceful",3,"Maganda ang score ko sa science experiment. Ready for tomorrow!"
109238475132,"Shaina Salazar",2026-09-16,4,"Good",5,"None / Peaceful",3,"Masaya ang homeroom activity kanina kasama ang advisory class!"
109238475132,"Shaina Salazar",2026-09-17,5,"Energized",5,"Exams / Deadlines",3,"Natapos ko lahat ng assignments on time. Peaceful weekend ahead."
109238475132,"Shaina Salazar",2026-09-18,4,"Good",5,"None / Peaceful",3,"Feeling energized after PE class. Focused on my study goals."
109238475132,"Shaina Salazar",2026-09-19,4,"Good",4,"None / Peaceful",3,"Maganda ang score ko sa science experiment. Ready for tomorrow!"
109238475133,"Kathleen Aquino",2026-09-15,4,"Good",5,"None / Peaceful",14,"Maganda ang score ko sa science experiment. Ready for tomorrow!"
109238475133,"Kathleen Aquino",2026-09-16,3,"Okay / Neutral",5,"Exams / Deadlines",14,"Masaya ang homeroom activity kanina kasama ang advisory class!"
109238475133,"Kathleen Aquino",2026-09-17,5,"Energized",4,"Exams / Deadlines",14,"Maganda ang score ko sa science experiment. Ready for tomorrow!"
109238475133,"Kathleen Aquino",2026-09-18,4,"Good",4,"Exams / Deadlines",14,"Natapos ko lahat ng assignments on time. Peaceful weekend ahead."
109238475133,"Kathleen Aquino",2026-09-19,4,"Good",4,"None / Peaceful",14,"Masaya ang homeroom activity kanina kasama ang advisory class!"
109238475134,"Princess Mae Pascual",2026-09-15,2,"Stressed",2,"Finances",5,"Walang katuwang sa bahay, ako nag-aalaga sa mga kapatid ko habang nag-aaral."
109238475134,"Princess Mae Pascual",2026-09-16,3,"Okay / Neutral",2,"Finances",5,"Sobrang nahihirapan na po ako sa Chemistry at Pre-Cal. Hindi na po ako makatulog sa gabi."
109238475134,"Princess Mae Pascual",2026-09-17,3,"Okay / Neutral",1,"Family",5,"Bagsak ako sa quarterly quiz, kinakabahan ako sabihin kay nanay."
109238475134,"Princess Mae Pascual",2026-09-18,2,"Stressed",1,"Academics",5,"Bagsak ako sa quarterly quiz, kinakabahan ako sabihin kay nanay."
109238475134,"Princess Mae Pascual",2026-09-19,3,"Okay / Neutral",2,"Academics",5,"Nag-aalala ako sa matrikula at baka hindi ako maka-exam sa finals."
109238475135,"Rochelle San Jose",2026-09-15,5,"Energized",4,"None / Peaceful",13,"Feeling energized after PE class. Focused on my study goals."
109238475135,"Rochelle San Jose",2026-09-16,3,"Okay / Neutral",5,"Exams / Deadlines",13,"Masaya ang homeroom activity kanina kasama ang advisory class!"
109238475135,"Rochelle San Jose",2026-09-17,3,"Okay / Neutral",5,"None / Peaceful",13,"Feeling energized after PE class. Focused on my study goals."
109238475135,"Rochelle San Jose",2026-09-18,4,"Good",4,"Exams / Deadlines",13,"Masaya ang homeroom activity kanina kasama ang advisory class!"
109238475135,"Rochelle San Jose",2026-09-19,5,"Energized",4,"Exams / Deadlines",13,"Feeling energized after PE class. Focused on my study goals."
109238475136,"Vanessa Valdez",2026-09-15,3,"Okay / Neutral",1,"Family",12,"Walang katuwang sa bahay, ako nag-aalaga sa mga kapatid ko habang nag-aaral."
109238475136,"Vanessa Valdez",2026-09-16,2,"Stressed",1,"Finances",12,"Nag-aalala ako sa matrikula at baka hindi ako maka-exam sa finals."
109238475136,"Vanessa Valdez",2026-09-17,1,"Overwhelmed",1,"Exams / Deadlines",12,"Sobrang nahihirapan na po ako sa Chemistry at Pre-Cal. Hindi na po ako makatulog sa gabi."
109238475136,"Vanessa Valdez",2026-09-18,2,"Stressed",2,"Academics",12,"Bagsak ako sa quarterly quiz, kinakabahan ako sabihin kay nanay."
109238475136,"Vanessa Valdez",2026-09-19,3,"Okay / Neutral",2,"Academics",12,"Sobrang nahihirapan na po ako sa Chemistry at Pre-Cal. Hindi na po ako makatulog sa gabi."
109238475137,"Nicole Navarro",2026-09-15,3,"Okay / Neutral",3,"Physical Health",13,"May kaunting financial delay pero nakiusap naman kami sa accounting."
109238475137,"Nicole Navarro",2026-09-16,2,"Stressed",3,"None / Peaceful",13,"Nangangailangan ng review session sa Math bago mag-midterm."
109238475137,"Nicole Navarro",2026-09-17,2,"Stressed",2,"None / Peaceful",13,"Nangangailangan ng review session sa Math bago mag-midterm."
109238475137,"Nicole Navarro",2026-09-18,3,"Okay / Neutral",3,"Family",13,"Medyo busy dahil sa papalapit na group presentation pero kakayanin."
109238475137,"Nicole Navarro",2026-09-19,3,"Okay / Neutral",2,"None / Peaceful",13,"Nangangailangan ng review session sa Math bago mag-midterm."
109238475138,"Danielle Navarro",2026-09-15,3,"Okay / Neutral",5,"None / Peaceful",12,"Natapos ko lahat ng assignments on time. Peaceful weekend ahead."
109238475138,"Danielle Navarro",2026-09-16,4,"Good",4,"Exams / Deadlines",12,"Masaya ang homeroom activity kanina kasama ang advisory class!"
109238475138,"Danielle Navarro",2026-09-17,3,"Okay / Neutral",4,"None / Peaceful",12,"Feeling energized after PE class. Focused on my study goals."
109238475138,"Danielle Navarro",2026-09-18,3,"Okay / Neutral",4,"Exams / Deadlines",12,"Masaya ang homeroom activity kanina kasama ang advisory class!"
109238475138,"Danielle Navarro",2026-09-19,4,"Good",4,"None / Peaceful",12,"Natapos ko lahat ng assignments on time. Peaceful weekend ahead."
109238475139,"Angelica Garcia",2026-09-15,5,"Energized",4,"None / Peaceful",13,"Maganda ang score ko sa science experiment. Ready for tomorrow!"
109238475139,"Angelica Garcia",2026-09-16,4,"Good",4,"None / Peaceful",13,"Maganda ang score ko sa science experiment. Ready for tomorrow!"
109238475139,"Angelica Garcia",2026-09-17,5,"Energized",4,"None / Peaceful",13,"Masaya ang homeroom activity kanina kasama ang advisory class!"
109238475139,"Angelica Garcia",2026-09-18,5,"Energized",5,"Exams / Deadlines",13,"Feeling energized after PE class. Focused on my study goals."
109238475139,"Angelica Garcia",2026-09-19,5,"Energized",4,"Exams / Deadlines",13,"Feeling energized after PE class. Focused on my study goals."
109238475140,"Kristine Lim",2026-09-15,3,"Okay / Neutral",3,"Academics",6,"Medyo busy dahil sa papalapit na group presentation pero kakayanin."
109238475140,"Kristine Lim",2026-09-16,2,"Stressed",3,"Physical Health",6,"Medyo puyat kaka-review, pero nakabawi naman ng tulog."
109238475140,"Kristine Lim",2026-09-17,2,"Stressed",2,"Sleep",6,"Medyo busy dahil sa papalapit na group presentation pero kakayanin."
109238475140,"Kristine Lim",2026-09-18,4,"Good",3,"None / Peaceful",6,"May kaunting financial delay pero nakiusap naman kami sa accounting."
109238475140,"Kristine Lim",2026-09-19,4,"Good",2,"Academics",6,"Medyo busy dahil sa papalapit na group presentation pero kakayanin."
109238475141,"Matthew Castro",2026-09-15,4,"Good",2,"Finances",3,"May kaunting financial delay pero nakiusap naman kami sa accounting."
109238475141,"Matthew Castro",2026-09-16,4,"Good",3,"Family",3,"May kaunting financial delay pero nakiusap naman kami sa accounting."
109238475141,"Matthew Castro",2026-09-17,4,"Good",2,"Physical Health",3,"May kaunting financial delay pero nakiusap naman kami sa accounting."
109238475141,"Matthew Castro",2026-09-18,3,"Okay / Neutral",3,"Family",3,"Medyo puyat kaka-review, pero nakabawi naman ng tulog."
109238475141,"Matthew Castro",2026-09-19,2,"Stressed",2,"Sleep",3,"Nangangailangan ng review session sa Math bago mag-midterm."
109238475142,"Kristine Castro",2026-09-15,3,"Okay / Neutral",4,"Exams / Deadlines",7,"Masaya ang homeroom activity kanina kasama ang advisory class!"
109238475142,"Kristine Castro",2026-09-16,4,"Good",4,"None / Peaceful",7,"Natapos ko lahat ng assignments on time. Peaceful weekend ahead."
109238475142,"Kristine Castro",2026-09-17,3,"Okay / Neutral",4,"None / Peaceful",7,"Masaya ang homeroom activity kanina kasama ang advisory class!"
109238475142,"Kristine Castro",2026-09-18,5,"Energized",4,"None / Peaceful",7,"Natapos ko lahat ng assignments on time. Peaceful weekend ahead."
109238475142,"Kristine Castro",2026-09-19,5,"Energized",4,"None / Peaceful",7,"Maganda ang score ko sa science experiment. Ready for tomorrow!"
109238475143,"Patricia De Leon",2026-09-15,4,"Good",4,"None / Peaceful",4,"Maganda ang score ko sa science experiment. Ready for tomorrow!"
109238475143,"Patricia De Leon",2026-09-16,3,"Okay / Neutral",5,"None / Peaceful",4,"Natapos ko lahat ng assignments on time. Peaceful weekend ahead."
109238475143,"Patricia De Leon",2026-09-17,5,"Energized",4,"None / Peaceful",4,"Feeling energized after PE class. Focused on my study goals."
109238475143,"Patricia De Leon",2026-09-18,5,"Energized",4,"Exams / Deadlines",4,"Masaya ang homeroom activity kanina kasama ang advisory class!"
109238475143,"Patricia De Leon",2026-09-19,3,"Okay / Neutral",4,"Exams / Deadlines",4,"Feeling energized after PE class. Focused on my study goals."
109238475144,"Chloe Bautista",2026-09-15,5,"Energized",4,"None / Peaceful",5,"Natapos ko lahat ng assignments on time. Peaceful weekend ahead."
109238475144,"Chloe Bautista",2026-09-16,3,"Okay / Neutral",4,"None / Peaceful",5,"Maganda ang score ko sa science experiment. Ready for tomorrow!"
109238475144,"Chloe Bautista",2026-09-17,4,"Good",5,"None / Peaceful",5,"Maganda ang score ko sa science experiment. Ready for tomorrow!"
109238475144,"Chloe Bautista",2026-09-18,4,"Good",5,"Exams / Deadlines",5,"Masaya ang homeroom activity kanina kasama ang advisory class!"
109238475144,"Chloe Bautista",2026-09-19,4,"Good",4,"None / Peaceful",5,"Maganda ang score ko sa science experiment. Ready for tomorrow!"
109238475145,"Francis Ocampo",2026-09-15,4,"Good",4,"None / Peaceful",9,"Maganda ang score ko sa science experiment. Ready for tomorrow!"
109238475145,"Francis Ocampo",2026-09-16,5,"Energized",4,"Exams / Deadlines",9,"Maganda ang score ko sa science experiment. Ready for tomorrow!"
109238475145,"Francis Ocampo",2026-09-17,4,"Good",4,"None / Peaceful",9,"Masaya ang homeroom activity kanina kasama ang advisory class!"
109238475145,"Francis Ocampo",2026-09-18,5,"Energized",4,"None / Peaceful",9,"Maganda ang score ko sa science experiment. Ready for tomorrow!"
109238475145,"Francis Ocampo",2026-09-19,5,"Energized",5,"None / Peaceful",9,"Feeling energized after PE class. Focused on my study goals."
109238475146,"Christian Dave Mendoza",2026-09-15,3,"Okay / Neutral",4,"Exams / Deadlines",14,"Masaya ang homeroom activity kanina kasama ang advisory class!"
109238475146,"Christian Dave Mendoza",2026-09-16,4,"Good",4,"Exams / Deadlines",14,"Maganda ang score ko sa science experiment. Ready for tomorrow!"
109238475146,"Christian Dave Mendoza",2026-09-17,3,"Okay / Neutral",4,"Exams / Deadlines",14,"Natapos ko lahat ng assignments on time. Peaceful weekend ahead."
109238475146,"Christian Dave Mendoza",2026-09-18,5,"Energized",4,"None / Peaceful",14,"Feeling energized after PE class. Focused on my study goals."
109238475146,"Christian Dave Mendoza",2026-09-19,4,"Good",4,"None / Peaceful",14,"Feeling energized after PE class. Focused on my study goals."
109238475147,"Erika Santos",2026-09-15,5,"Energized",5,"Exams / Deadlines",3,"Maganda ang score ko sa science experiment. Ready for tomorrow!"
109238475147,"Erika Santos",2026-09-16,5,"Energized",4,"Exams / Deadlines",3,"Maganda ang score ko sa science experiment. Ready for tomorrow!"
109238475147,"Erika Santos",2026-09-17,4,"Good",4,"Exams / Deadlines",3,"Maganda ang score ko sa science experiment. Ready for tomorrow!"
109238475147,"Erika Santos",2026-09-18,4,"Good",4,"Exams / Deadlines",3,"Natapos ko lahat ng assignments on time. Peaceful weekend ahead."
109238475147,"Erika Santos",2026-09-19,5,"Energized",4,"Exams / Deadlines",3,"Maganda ang score ko sa science experiment. Ready for tomorrow!"
109238475148,"Lucas Pascual",2026-09-15,4,"Good",5,"Exams / Deadlines",5,"Masaya ang homeroom activity kanina kasama ang advisory class!"
109238475148,"Lucas Pascual",2026-09-16,5,"Energized",5,"Exams / Deadlines",5,"Natapos ko lahat ng assignments on time. Peaceful weekend ahead."
109238475148,"Lucas Pascual",2026-09-17,5,"Energized",4,"None / Peaceful",5,"Feeling energized after PE class. Focused on my study goals."
109238475148,"Lucas Pascual",2026-09-18,4,"Good",5,"Exams / Deadlines",5,"Masaya ang homeroom activity kanina kasama ang advisory class!"
109238475148,"Lucas Pascual",2026-09-19,4,"Good",5,"None / Peaceful",5,"Natapos ko lahat ng assignments on time. Peaceful weekend ahead."
109238475149,"Paolo Castro",2026-09-15,5,"Energized",5,"None / Peaceful",7,"Masaya ang homeroom activity kanina kasama ang advisory class!"
109238475149,"Paolo Castro",2026-09-16,5,"Energized",4,"None / Peaceful",7,"Natapos ko lahat ng assignments on time. Peaceful weekend ahead."
109238475149,"Paolo Castro",2026-09-17,5,"Energized",4,"None / Peaceful",7,"Masaya ang homeroom activity kanina kasama ang advisory class!"
109238475149,"Paolo Castro",2026-09-18,4,"Good",4,"None / Peaceful",7,"Masaya ang homeroom activity kanina kasama ang advisory class!"
109238475149,"Paolo Castro",2026-09-19,4,"Good",4,"None / Peaceful",7,"Masaya ang homeroom activity kanina kasama ang advisory class!"
109238475150,"Patricia Salazar",2026-09-15,3,"Okay / Neutral",3,"Sleep",11,"Nangangailangan ng review session sa Math bago mag-midterm."
109238475150,"Patricia Salazar",2026-09-16,3,"Okay / Neutral",3,"Physical Health",11,"Medyo busy dahil sa papalapit na group presentation pero kakayanin."
109238475150,"Patricia Salazar",2026-09-17,2,"Stressed",3,"None / Peaceful",11,"Medyo puyat kaka-review, pero nakabawi naman ng tulog."
109238475150,"Patricia Salazar",2026-09-18,3,"Okay / Neutral",2,"Finances",11,"Medyo busy dahil sa papalapit na group presentation pero kakayanin."
109238475150,"Patricia Salazar",2026-09-19,3,"Okay / Neutral",3,"Finances",11,"May kaunting financial delay pero nakiusap naman kami sa accounting."
109238475151,"Sofia Mendoza",2026-09-15,5,"Energized",5,"None / Peaceful",9,"Masaya ang homeroom activity kanina kasama ang advisory class!"
109238475151,"Sofia Mendoza",2026-09-16,4,"Good",4,"None / Peaceful",9,"Natapos ko lahat ng assignments on time. Peaceful weekend ahead."
109238475151,"Sofia Mendoza",2026-09-17,5,"Energized",4,"None / Peaceful",9,"Maganda ang score ko sa science experiment. Ready for tomorrow!"
109238475151,"Sofia Mendoza",2026-09-18,5,"Energized",5,"None / Peaceful",9,"Maganda ang score ko sa science experiment. Ready for tomorrow!"
109238475151,"Sofia Mendoza",2026-09-19,3,"Okay / Neutral",4,"None / Peaceful",9,"Natapos ko lahat ng assignments on time. Peaceful weekend ahead."
109238475152,"Alyssa Aquino",2026-09-15,4,"Good",4,"None / Peaceful",7,"Maganda ang score ko sa science experiment. Ready for tomorrow!"
109238475152,"Alyssa Aquino",2026-09-16,4,"Good",5,"Exams / Deadlines",7,"Natapos ko lahat ng assignments on time. Peaceful weekend ahead."
109238475152,"Alyssa Aquino",2026-09-17,4,"Good",4,"None / Peaceful",7,"Feeling energized after PE class. Focused on my study goals."
109238475152,"Alyssa Aquino",2026-09-18,3,"Okay / Neutral",4,"Exams / Deadlines",7,"Natapos ko lahat ng assignments on time. Peaceful weekend ahead."
109238475152,"Alyssa Aquino",2026-09-19,4,"Good",4,"None / Peaceful",7,"Maganda ang score ko sa science experiment. Ready for tomorrow!"
109238475153,"Mark Kenneth Reyes",2026-09-15,5,"Energized",4,"Exams / Deadlines",14,"Natapos ko lahat ng assignments on time. Peaceful weekend ahead."
109238475153,"Mark Kenneth Reyes",2026-09-16,3,"Okay / Neutral",4,"None / Peaceful",14,"Natapos ko lahat ng assignments on time. Peaceful weekend ahead."
109238475153,"Mark Kenneth Reyes",2026-09-17,5,"Energized",5,"Exams / Deadlines",14,"Maganda ang score ko sa science experiment. Ready for tomorrow!"
109238475153,"Mark Kenneth Reyes",2026-09-18,5,"Energized",4,"None / Peaceful",14,"Natapos ko lahat ng assignments on time. Peaceful weekend ahead."
109238475153,"Mark Kenneth Reyes",2026-09-19,4,"Good",4,"None / Peaceful",14,"Feeling energized after PE class. Focused on my study goals."
109238475154,"Adrian Santos",2026-09-15,3,"Okay / Neutral",3,"Exams / Deadlines",12,"Nangangailangan ng review session sa Math bago mag-midterm."
109238475154,"Adrian Santos",2026-09-16,4,"Good",3,"Physical Health",12,"Medyo busy dahil sa papalapit na group presentation pero kakayanin."
109238475154,"Adrian Santos",2026-09-17,3,"Okay / Neutral",3,"Family",12,"Nangangailangan ng review session sa Math bago mag-midterm."
109238475154,"Adrian Santos",2026-09-18,2,"Stressed",3,"Exams / Deadlines",12,"May kaunting financial delay pero nakiusap naman kami sa accounting."
109238475154,"Adrian Santos",2026-09-19,3,"Okay / Neutral",3,"Physical Health",12,"Nangangailangan ng review session sa Math bago mag-midterm."
109238475155,"Bianca Flores",2026-09-15,4,"Good",3,"Family",10,"Medyo puyat kaka-review, pero nakabawi naman ng tulog."
109238475155,"Bianca Flores",2026-09-16,4,"Good",3,"Exams / Deadlines",10,"Nangangailangan ng review session sa Math bago mag-midterm."
109238475155,"Bianca Flores",2026-09-17,4,"Good",2,"Physical Health",10,"Nangangailangan ng review session sa Math bago mag-midterm."
109238475155,"Bianca Flores",2026-09-18,4,"Good",2,"Exams / Deadlines",10,"Medyo busy dahil sa papalapit na group presentation pero kakayanin."
109238475155,"Bianca Flores",2026-09-19,3,"Okay / Neutral",2,"Academics",10,"Nangangailangan ng review session sa Math bago mag-midterm."
109238475156,"Trisha Tan",2026-09-15,3,"Okay / Neutral",4,"None / Peaceful",14,"Natapos ko lahat ng assignments on time. Peaceful weekend ahead."
109238475156,"Trisha Tan",2026-09-16,4,"Good",4,"None / Peaceful",14,"Natapos ko lahat ng assignments on time. Peaceful weekend ahead."
109238475156,"Trisha Tan",2026-09-17,5,"Energized",5,"Exams / Deadlines",14,"Maganda ang score ko sa science experiment. Ready for tomorrow!"
109238475156,"Trisha Tan",2026-09-18,3,"Okay / Neutral",5,"Exams / Deadlines",14,"Masaya ang homeroom activity kanina kasama ang advisory class!"
109238475156,"Trisha Tan",2026-09-19,3,"Okay / Neutral",4,"Exams / Deadlines",14,"Masaya ang homeroom activity kanina kasama ang advisory class!"
109238475157,"Lance Pascual",2026-09-15,4,"Good",4,"None / Peaceful",6,"Maganda ang score ko sa science experiment. Ready for tomorrow!"
109238475157,"Lance Pascual",2026-09-16,4,"Good",5,"Exams / Deadlines",6,"Feeling energized after PE class. Focused on my study goals."
109238475157,"Lance Pascual",2026-09-17,4,"Good",4,"Exams / Deadlines",6,"Masaya ang homeroom activity kanina kasama ang advisory class!"
109238475157,"Lance Pascual",2026-09-18,3,"Okay / Neutral",4,"None / Peaceful",6,"Maganda ang score ko sa science experiment. Ready for tomorrow!"
109238475157,"Lance Pascual",2026-09-19,5,"Energized",4,"None / Peaceful",6,"Feeling energized after PE class. Focused on my study goals."
109238475158,"Kyle Castillo",2026-09-15,4,"Good",4,"None / Peaceful",10,"Feeling energized after PE class. Focused on my study goals."
109238475158,"Kyle Castillo",2026-09-16,5,"Energized",4,"None / Peaceful",10,"Natapos ko lahat ng assignments on time. Peaceful weekend ahead."
109238475158,"Kyle Castillo",2026-09-17,4,"Good",4,"None / Peaceful",10,"Feeling energized after PE class. Focused on my study goals."
109238475158,"Kyle Castillo",2026-09-18,3,"Okay / Neutral",5,"None / Peaceful",10,"Masaya ang homeroom activity kanina kasama ang advisory class!"
109238475158,"Kyle Castillo",2026-09-19,5,"Energized",4,"Exams / Deadlines",10,"Masaya ang homeroom activity kanina kasama ang advisory class!"
109238475159,"Paolo Gonzales",2026-09-15,4,"Good",5,"Exams / Deadlines",13,"Feeling energized after PE class. Focused on my study goals."
109238475159,"Paolo Gonzales",2026-09-16,4,"Good",4,"None / Peaceful",13,"Maganda ang score ko sa science experiment. Ready for tomorrow!"
109238475159,"Paolo Gonzales",2026-09-17,5,"Energized",5,"None / Peaceful",13,"Masaya ang homeroom activity kanina kasama ang advisory class!"
109238475159,"Paolo Gonzales",2026-09-18,4,"Good",4,"None / Peaceful",13,"Natapos ko lahat ng assignments on time. Peaceful weekend ahead."
109238475159,"Paolo Gonzales",2026-09-19,3,"Okay / Neutral",4,"None / Peaceful",13,"Feeling energized after PE class. Focused on my study goals."
109238475160,"John Carlo Castillo",2026-09-15,5,"Energized",4,"None / Peaceful",6,"Maganda ang score ko sa science experiment. Ready for tomorrow!"
109238475160,"John Carlo Castillo",2026-09-16,3,"Okay / Neutral",5,"None / Peaceful",6,"Maganda ang score ko sa science experiment. Ready for tomorrow!"
109238475160,"John Carlo Castillo",2026-09-17,4,"Good",4,"Exams / Deadlines",6,"Natapos ko lahat ng assignments on time. Peaceful weekend ahead."
109238475160,"John Carlo Castillo",2026-09-18,3,"Okay / Neutral",5,"Exams / Deadlines",6,"Natapos ko lahat ng assignments on time. Peaceful weekend ahead."
109238475160,"John Carlo Castillo",2026-09-19,4,"Good",4,"None / Peaceful",6,"Natapos ko lahat ng assignments on time. Peaceful weekend ahead."
109238475161,"Camille De Leon",2026-09-15,5,"Energized",4,"None / Peaceful",8,"Masaya ang homeroom activity kanina kasama ang advisory class!"
109238475161,"Camille De Leon",2026-09-16,3,"Okay / Neutral",5,"None / Peaceful",8,"Masaya ang homeroom activity kanina kasama ang advisory class!"
109238475161,"Camille De Leon",2026-09-17,5,"Energized",5,"None / Peaceful",8,"Masaya ang homeroom activity kanina kasama ang advisory class!"
109238475161,"Camille De Leon",2026-09-18,4,"Good",5,"Exams / Deadlines",8,"Maganda ang score ko sa science experiment. Ready for tomorrow!"
109238475161,"Camille De Leon",2026-09-19,5,"Energized",5,"None / Peaceful",8,"Masaya ang homeroom activity kanina kasama ang advisory class!"
109238475162,"Trisha Valdez",2026-09-15,4,"Good",5,"None / Peaceful",9,"Maganda ang score ko sa science experiment. Ready for tomorrow!"
109238475162,"Trisha Valdez",2026-09-16,4,"Good",4,"None / Peaceful",9,"Natapos ko lahat ng assignments on time. Peaceful weekend ahead."
109238475162,"Trisha Valdez",2026-09-17,4,"Good",4,"None / Peaceful",9,"Maganda ang score ko sa science experiment. Ready for tomorrow!"
109238475162,"Trisha Valdez",2026-09-18,5,"Energized",4,"None / Peaceful",9,"Masaya ang homeroom activity kanina kasama ang advisory class!"
109238475162,"Trisha Valdez",2026-09-19,3,"Okay / Neutral",4,"None / Peaceful",9,"Natapos ko lahat ng assignments on time. Peaceful weekend ahead."
109238475163,"Adrian Lim",2026-09-15,4,"Good",3,"Family",5,"Medyo puyat kaka-review, pero nakabawi naman ng tulog."
109238475163,"Adrian Lim",2026-09-16,3,"Okay / Neutral",2,"Sleep",5,"Medyo busy dahil sa papalapit na group presentation pero kakayanin."
109238475163,"Adrian Lim",2026-09-17,3,"Okay / Neutral",2,"Finances",5,"Nangangailangan ng review session sa Math bago mag-midterm."
109238475163,"Adrian Lim",2026-09-18,4,"Good",3,"Academics",5,"Medyo busy dahil sa papalapit na group presentation pero kakayanin."
109238475163,"Adrian Lim",2026-09-19,3,"Okay / Neutral",3,"Sleep",5,"May kaunting financial delay pero nakiusap naman kami sa accounting."
109238475164,"Matthew Navarro",2026-09-15,3,"Okay / Neutral",3,"Academics",13,"May kaunting financial delay pero nakiusap naman kami sa accounting."
109238475164,"Matthew Navarro",2026-09-16,3,"Okay / Neutral",2,"Exams / Deadlines",13,"Medyo busy dahil sa papalapit na group presentation pero kakayanin."
109238475164,"Matthew Navarro",2026-09-17,3,"Okay / Neutral",3,"Exams / Deadlines",13,"Nangangailangan ng review session sa Math bago mag-midterm."
109238475164,"Matthew Navarro",2026-09-18,2,"Stressed",2,"None / Peaceful",13,"Medyo puyat kaka-review, pero nakabawi naman ng tulog."
109238475164,"Matthew Navarro",2026-09-19,3,"Okay / Neutral",3,"Exams / Deadlines",13,"May kaunting financial delay pero nakiusap naman kami sa accounting."
109238475165,"Kyle Tolentino",2026-09-15,2,"Stressed",1,"Family",8,"Daming sabay-sabay na project submission, pagod na po ang katawan at isip ko."
109238475165,"Kyle Tolentino",2026-09-16,1,"Overwhelmed",2,"Finances",8,"Sobrang nahihirapan na po ako sa Chemistry at Pre-Cal. Hindi na po ako makatulog sa gabi."
109238475165,"Kyle Tolentino",2026-09-17,3,"Okay / Neutral",2,"Exams / Deadlines",8,"Daming sabay-sabay na project submission, pagod na po ang katawan at isip ko."
109238475165,"Kyle Tolentino",2026-09-18,2,"Stressed",2,"Finances",8,"Nag-aalala ako sa matrikula at baka hindi ako maka-exam sa finals."
109238475165,"Kyle Tolentino",2026-09-19,3,"Okay / Neutral",1,"Academics",8,"Daming sabay-sabay na project submission, pagod na po ang katawan at isip ko."
109238475166,"Mark Kenneth Torres",2026-09-15,2,"Stressed",2,"Sleep",13,"Medyo puyat kaka-review, pero nakabawi naman ng tulog."
109238475166,"Mark Kenneth Torres",2026-09-16,3,"Okay / Neutral",3,"Physical Health",13,"May kaunting financial delay pero nakiusap naman kami sa accounting."
109238475166,"Mark Kenneth Torres",2026-09-17,4,"Good",2,"None / Peaceful",13,"May kaunting financial delay pero nakiusap naman kami sa accounting."
109238475166,"Mark Kenneth Torres",2026-09-18,2,"Stressed",3,"Physical Health",13,"May kaunting financial delay pero nakiusap naman kami sa accounting."
109238475166,"Mark Kenneth Torres",2026-09-19,2,"Stressed",3,"Finances",13,"Nangangailangan ng review session sa Math bago mag-midterm."
109238475167,"Matthew Mercado",2026-09-15,3,"Okay / Neutral",5,"None / Peaceful",12,"Masaya ang homeroom activity kanina kasama ang advisory class!"
109238475167,"Matthew Mercado",2026-09-16,3,"Okay / Neutral",4,"None / Peaceful",12,"Masaya ang homeroom activity kanina kasama ang advisory class!"
109238475167,"Matthew Mercado",2026-09-17,4,"Good",5,"None / Peaceful",12,"Feeling energized after PE class. Focused on my study goals."
109238475167,"Matthew Mercado",2026-09-18,4,"Good",4,"Exams / Deadlines",12,"Masaya ang homeroom activity kanina kasama ang advisory class!"
109238475167,"Matthew Mercado",2026-09-19,4,"Good",4,"Exams / Deadlines",12,"Masaya ang homeroom activity kanina kasama ang advisory class!"
109238475168,"Kyle Dela Cruz",2026-09-15,4,"Good",5,"None / Peaceful",13,"Maganda ang score ko sa science experiment. Ready for tomorrow!"
109238475168,"Kyle Dela Cruz",2026-09-16,4,"Good",5,"None / Peaceful",13,"Feeling energized after PE class. Focused on my study goals."
109238475168,"Kyle Dela Cruz",2026-09-17,3,"Okay / Neutral",5,"Exams / Deadlines",13,"Masaya ang homeroom activity kanina kasama ang advisory class!"
109238475168,"Kyle Dela Cruz",2026-09-18,5,"Energized",4,"None / Peaceful",13,"Feeling energized after PE class. Focused on my study goals."
109238475168,"Kyle Dela Cruz",2026-09-19,5,"Energized",4,"None / Peaceful",13,"Maganda ang score ko sa science experiment. Ready for tomorrow!"
109238475169,"Hannah Santos",2026-09-15,2,"Stressed",2,"Exams / Deadlines",14,"Bagsak ako sa quarterly quiz, kinakabahan ako sabihin kay nanay."
109238475169,"Hannah Santos",2026-09-16,2,"Stressed",2,"Finances",14,"Bagsak ako sa quarterly quiz, kinakabahan ako sabihin kay nanay."
109238475169,"Hannah Santos",2026-09-17,2,"Stressed",1,"Exams / Deadlines",14,"Daming sabay-sabay na project submission, pagod na po ang katawan at isip ko."
109238475169,"Hannah Santos",2026-09-18,1,"Overwhelmed",1,"Exams / Deadlines",14,"Sobrang nahihirapan na po ako sa Chemistry at Pre-Cal. Hindi na po ako makatulog sa gabi."
109238475169,"Hannah Santos",2026-09-19,1,"Overwhelmed",1,"Family",14,"Bagsak ako sa quarterly quiz, kinakabahan ako sabihin kay nanay."
109238475170,"Shaina Mercado",2026-09-15,4,"Good",4,"None / Peaceful",14,"Natapos ko lahat ng assignments on time. Peaceful weekend ahead."
109238475170,"Shaina Mercado",2026-09-16,5,"Energized",4,"Exams / Deadlines",14,"Feeling energized after PE class. Focused on my study goals."
109238475170,"Shaina Mercado",2026-09-17,4,"Good",5,"None / Peaceful",14,"Maganda ang score ko sa science experiment. Ready for tomorrow!"
109238475170,"Shaina Mercado",2026-09-18,5,"Energized",5,"None / Peaceful",14,"Maganda ang score ko sa science experiment. Ready for tomorrow!"
109238475170,"Shaina Mercado",2026-09-19,5,"Energized",4,"None / Peaceful",14,"Masaya ang homeroom activity kanina kasama ang advisory class!"
109238475171,"Erika Alcantara",2026-09-15,3,"Okay / Neutral",3,"Exams / Deadlines",14,"Medyo puyat kaka-review, pero nakabawi naman ng tulog."
109238475171,"Erika Alcantara",2026-09-16,4,"Good",2,"Exams / Deadlines",14,"Medyo puyat kaka-review, pero nakabawi naman ng tulog."
109238475171,"Erika Alcantara",2026-09-17,4,"Good",2,"Sleep",14,"Medyo busy dahil sa papalapit na group presentation pero kakayanin."
109238475171,"Erika Alcantara",2026-09-18,4,"Good",3,"Finances",14,"Medyo puyat kaka-review, pero nakabawi naman ng tulog."
109238475171,"Erika Alcantara",2026-09-19,4,"Good",3,"Family",14,"Medyo puyat kaka-review, pero nakabawi naman ng tulog."
109238475172,"Gabriel Salazar",2026-09-15,3,"Okay / Neutral",2,"Exams / Deadlines",5,"Nangangailangan ng review session sa Math bago mag-midterm."
109238475172,"Gabriel Salazar",2026-09-16,4,"Good",2,"None / Peaceful",5,"Medyo puyat kaka-review, pero nakabawi naman ng tulog."
109238475172,"Gabriel Salazar",2026-09-17,4,"Good",2,"Sleep",5,"Medyo puyat kaka-review, pero nakabawi naman ng tulog."
109238475172,"Gabriel Salazar",2026-09-18,3,"Okay / Neutral",3,"Finances",5,"May kaunting financial delay pero nakiusap naman kami sa accounting."
109238475172,"Gabriel Salazar",2026-09-19,4,"Good",2,"Sleep",5,"Medyo busy dahil sa papalapit na group presentation pero kakayanin."
109238475173,"Jerome Domingo",2026-09-15,3,"Okay / Neutral",1,"Family",7,"Nag-aalala ako sa matrikula at baka hindi ako maka-exam sa finals."
109238475173,"Jerome Domingo",2026-09-16,2,"Stressed",2,"Family",7,"Sobrang nahihirapan na po ako sa Chemistry at Pre-Cal. Hindi na po ako makatulog sa gabi."
109238475173,"Jerome Domingo",2026-09-17,3,"Okay / Neutral",1,"Academics",7,"Nag-aalala ako sa matrikula at baka hindi ako maka-exam sa finals."
109238475173,"Jerome Domingo",2026-09-18,1,"Overwhelmed",1,"Exams / Deadlines",7,"Nag-aalala ako sa matrikula at baka hindi ako maka-exam sa finals."
109238475173,"Jerome Domingo",2026-09-19,3,"Okay / Neutral",1,"Academics",7,"Daming sabay-sabay na project submission, pagod na po ang katawan at isip ko."
109238475174,"Cedric Reyes",2026-09-15,5,"Energized",4,"None / Peaceful",9,"Feeling energized after PE class. Focused on my study goals."
109238475174,"Cedric Reyes",2026-09-16,4,"Good",5,"None / Peaceful",9,"Feeling energized after PE class. Focused on my study goals."
109238475174,"Cedric Reyes",2026-09-17,4,"Good",4,"Exams / Deadlines",9,"Feeling energized after PE class. Focused on my study goals."
109238475174,"Cedric Reyes",2026-09-18,4,"Good",4,"Exams / Deadlines",9,"Masaya ang homeroom activity kanina kasama ang advisory class!"
109238475174,"Cedric Reyes",2026-09-19,5,"Energized",5,"Exams / Deadlines",9,"Maganda ang score ko sa science experiment. Ready for tomorrow!"
109238475175,"Sofia San Jose",2026-09-15,4,"Good",4,"None / Peaceful",6,"Masaya ang homeroom activity kanina kasama ang advisory class!"
109238475175,"Sofia San Jose",2026-09-16,5,"Energized",4,"None / Peaceful",6,"Maganda ang score ko sa science experiment. Ready for tomorrow!"
109238475175,"Sofia San Jose",2026-09-17,5,"Energized",4,"Exams / Deadlines",6,"Maganda ang score ko sa science experiment. Ready for tomorrow!"
109238475175,"Sofia San Jose",2026-09-18,3,"Okay / Neutral",4,"None / Peaceful",6,"Feeling energized after PE class. Focused on my study goals."
109238475175,"Sofia San Jose",2026-09-19,3,"Okay / Neutral",4,"None / Peaceful",6,"Feeling energized after PE class. Focused on my study goals."
109238475176,"Karl Dela Cruz",2026-09-15,5,"Energized",5,"None / Peaceful",9,"Masaya ang homeroom activity kanina kasama ang advisory class!"
109238475176,"Karl Dela Cruz",2026-09-16,5,"Energized",4,"None / Peaceful",9,"Natapos ko lahat ng assignments on time. Peaceful weekend ahead."
109238475176,"Karl Dela Cruz",2026-09-17,4,"Good",5,"None / Peaceful",9,"Masaya ang homeroom activity kanina kasama ang advisory class!"
109238475176,"Karl Dela Cruz",2026-09-18,4,"Good",4,"Exams / Deadlines",9,"Masaya ang homeroom activity kanina kasama ang advisory class!"
109238475176,"Karl Dela Cruz",2026-09-19,3,"Okay / Neutral",4,"None / Peaceful",9,"Feeling energized after PE class. Focused on my study goals."
109238475177,"Nathan Santos",2026-09-15,2,"Stressed",1,"Family",11,"Daming sabay-sabay na project submission, pagod na po ang katawan at isip ko."
109238475177,"Nathan Santos",2026-09-16,1,"Overwhelmed",1,"Exams / Deadlines",11,"Daming sabay-sabay na project submission, pagod na po ang katawan at isip ko."
109238475177,"Nathan Santos",2026-09-17,3,"Okay / Neutral",2,"Finances",11,"Sobrang nahihirapan na po ako sa Chemistry at Pre-Cal. Hindi na po ako makatulog sa gabi."
109238475177,"Nathan Santos",2026-09-18,2,"Stressed",1,"Exams / Deadlines",11,"Daming sabay-sabay na project submission, pagod na po ang katawan at isip ko."
109238475177,"Nathan Santos",2026-09-19,1,"Overwhelmed",2,"Family",11,"Sobrang nahihirapan na po ako sa Chemistry at Pre-Cal. Hindi na po ako makatulog sa gabi."
109238475178,"Vanessa Soriano",2026-09-15,4,"Good",5,"None / Peaceful",6,"Maganda ang score ko sa science experiment. Ready for tomorrow!"
109238475178,"Vanessa Soriano",2026-09-16,4,"Good",5,"None / Peaceful",6,"Feeling energized after PE class. Focused on my study goals."
109238475178,"Vanessa Soriano",2026-09-17,4,"Good",4,"None / Peaceful",6,"Masaya ang homeroom activity kanina kasama ang advisory class!"
109238475178,"Vanessa Soriano",2026-09-18,5,"Energized",5,"None / Peaceful",6,"Natapos ko lahat ng assignments on time. Peaceful weekend ahead."
109238475178,"Vanessa Soriano",2026-09-19,4,"Good",4,"None / Peaceful",6,"Feeling energized after PE class. Focused on my study goals."
109238475179,"Vincent De Leon",2026-09-15,2,"Stressed",2,"Finances",6,"Medyo puyat kaka-review, pero nakabawi naman ng tulog."
109238475179,"Vincent De Leon",2026-09-16,2,"Stressed",3,"Sleep",6,"Nangangailangan ng review session sa Math bago mag-midterm."
109238475179,"Vincent De Leon",2026-09-17,2,"Stressed",2,"Academics",6,"Medyo puyat kaka-review, pero nakabawi naman ng tulog."
109238475179,"Vincent De Leon",2026-09-18,3,"Okay / Neutral",2,"Physical Health",6,"Medyo busy dahil sa papalapit na group presentation pero kakayanin."
109238475179,"Vincent De Leon",2026-09-19,4,"Good",3,"Exams / Deadlines",6,"Medyo busy dahil sa papalapit na group presentation pero kakayanin."
109238475180,"Vincent Bautista",2026-09-15,3,"Okay / Neutral",4,"None / Peaceful",6,"Maganda ang score ko sa science experiment. Ready for tomorrow!"
109238475180,"Vincent Bautista",2026-09-16,5,"Energized",4,"None / Peaceful",6,"Feeling energized after PE class. Focused on my study goals."
109238475180,"Vincent Bautista",2026-09-17,4,"Good",4,"None / Peaceful",6,"Maganda ang score ko sa science experiment. Ready for tomorrow!"
109238475180,"Vincent Bautista",2026-09-18,4,"Good",4,"Exams / Deadlines",6,"Masaya ang homeroom activity kanina kasama ang advisory class!"
109238475180,"Vincent Bautista",2026-09-19,4,"Good",4,"Exams / Deadlines",6,"Maganda ang score ko sa science experiment. Ready for tomorrow!"
109238475181,"Alyssa Soriano",2026-09-15,4,"Good",5,"None / Peaceful",10,"Natapos ko lahat ng assignments on time. Peaceful weekend ahead."
109238475181,"Alyssa Soriano",2026-09-16,4,"Good",4,"None / Peaceful",10,"Feeling energized after PE class. Focused on my study goals."
109238475181,"Alyssa Soriano",2026-09-17,4,"Good",5,"None / Peaceful",10,"Maganda ang score ko sa science experiment. Ready for tomorrow!"
109238475181,"Alyssa Soriano",2026-09-18,5,"Energized",5,"None / Peaceful",10,"Natapos ko lahat ng assignments on time. Peaceful weekend ahead."
109238475181,"Alyssa Soriano",2026-09-19,5,"Energized",4,"Exams / Deadlines",10,"Maganda ang score ko sa science experiment. Ready for tomorrow!"
109238475182,"Angelo Dela Cruz",2026-09-15,4,"Good",4,"None / Peaceful",12,"Maganda ang score ko sa science experiment. Ready for tomorrow!"
109238475182,"Angelo Dela Cruz",2026-09-16,4,"Good",4,"None / Peaceful",12,"Natapos ko lahat ng assignments on time. Peaceful weekend ahead."
109238475182,"Angelo Dela Cruz",2026-09-17,5,"Energized",5,"None / Peaceful",12,"Natapos ko lahat ng assignments on time. Peaceful weekend ahead."
109238475182,"Angelo Dela Cruz",2026-09-18,4,"Good",4,"None / Peaceful",12,"Feeling energized after PE class. Focused on my study goals."
109238475182,"Angelo Dela Cruz",2026-09-19,4,"Good",4,"None / Peaceful",12,"Maganda ang score ko sa science experiment. Ready for tomorrow!"
109238475183,"Joshua Dizon",2026-09-15,2,"Stressed",2,"Academics",10,"Medyo puyat kaka-review, pero nakabawi naman ng tulog."
109238475183,"Joshua Dizon",2026-09-16,4,"Good",2,"Finances",10,"Nangangailangan ng review session sa Math bago mag-midterm."
109238475183,"Joshua Dizon",2026-09-17,4,"Good",3,"Finances",10,"May kaunting financial delay pero nakiusap naman kami sa accounting."
109238475183,"Joshua Dizon",2026-09-18,4,"Good",3,"Sleep",10,"Medyo busy dahil sa papalapit na group presentation pero kakayanin."
109238475183,"Joshua Dizon",2026-09-19,2,"Stressed",2,"Finances",10,"Nangangailangan ng review session sa Math bago mag-midterm."
109238475184,"Chloe Villanueva",2026-09-15,3,"Okay / Neutral",4,"Exams / Deadlines",8,"Maganda ang score ko sa science experiment. Ready for tomorrow!"
109238475184,"Chloe Villanueva",2026-09-16,4,"Good",4,"None / Peaceful",8,"Masaya ang homeroom activity kanina kasama ang advisory class!"
109238475184,"Chloe Villanueva",2026-09-17,5,"Energized",4,"None / Peaceful",8,"Masaya ang homeroom activity kanina kasama ang advisory class!"
109238475184,"Chloe Villanueva",2026-09-18,5,"Energized",5,"None / Peaceful",8,"Natapos ko lahat ng assignments on time. Peaceful weekend ahead."
109238475184,"Chloe Villanueva",2026-09-19,3,"Okay / Neutral",5,"None / Peaceful",8,"Masaya ang homeroom activity kanina kasama ang advisory class!"
109238475185,"Princess Mae San Jose",2026-09-15,1,"Overwhelmed",2,"Finances",5,"Nag-aalala ako sa matrikula at baka hindi ako maka-exam sa finals."
109238475185,"Princess Mae San Jose",2026-09-16,3,"Okay / Neutral",1,"Family",5,"Sobrang nahihirapan na po ako sa Chemistry at Pre-Cal. Hindi na po ako makatulog sa gabi."
109238475185,"Princess Mae San Jose",2026-09-17,1,"Overwhelmed",2,"Family",5,"Daming sabay-sabay na project submission, pagod na po ang katawan at isip ko."
109238475185,"Princess Mae San Jose",2026-09-18,3,"Okay / Neutral",2,"Academics",5,"Bagsak ako sa quarterly quiz, kinakabahan ako sabihin kay nanay."
109238475185,"Princess Mae San Jose",2026-09-19,2,"Stressed",1,"Academics",5,"Bagsak ako sa quarterly quiz, kinakabahan ako sabihin kay nanay."
109238475186,"Hannah Manalo",2026-09-15,4,"Good",4,"Exams / Deadlines",3,"Feeling energized after PE class. Focused on my study goals."
109238475186,"Hannah Manalo",2026-09-16,5,"Energized",5,"None / Peaceful",3,"Natapos ko lahat ng assignments on time. Peaceful weekend ahead."
109238475186,"Hannah Manalo",2026-09-17,4,"Good",4,"None / Peaceful",3,"Masaya ang homeroom activity kanina kasama ang advisory class!"
109238475186,"Hannah Manalo",2026-09-18,5,"Energized",4,"None / Peaceful",3,"Natapos ko lahat ng assignments on time. Peaceful weekend ahead."
109238475186,"Hannah Manalo",2026-09-19,4,"Good",4,"None / Peaceful",3,"Feeling energized after PE class. Focused on my study goals."
109238475187,"Alexander Reyes",2026-09-15,4,"Good",4,"None / Peaceful",3,"Natapos ko lahat ng assignments on time. Peaceful weekend ahead."
109238475187,"Alexander Reyes",2026-09-16,4,"Good",4,"None / Peaceful",3,"Masaya ang homeroom activity kanina kasama ang advisory class!"
109238475187,"Alexander Reyes",2026-09-17,4,"Good",5,"Exams / Deadlines",3,"Feeling energized after PE class. Focused on my study goals."
109238475187,"Alexander Reyes",2026-09-18,4,"Good",4,"None / Peaceful",3,"Maganda ang score ko sa science experiment. Ready for tomorrow!"
109238475187,"Alexander Reyes",2026-09-19,3,"Okay / Neutral",4,"Exams / Deadlines",3,"Masaya ang homeroom activity kanina kasama ang advisory class!"
109238475188,"Trisha Domingo",2026-09-15,4,"Good",2,"Family",9,"Nangangailangan ng review session sa Math bago mag-midterm."
109238475188,"Trisha Domingo",2026-09-16,3,"Okay / Neutral",2,"Exams / Deadlines",9,"Medyo puyat kaka-review, pero nakabawi naman ng tulog."
109238475188,"Trisha Domingo",2026-09-17,3,"Okay / Neutral",3,"Finances",9,"May kaunting financial delay pero nakiusap naman kami sa accounting."
109238475188,"Trisha Domingo",2026-09-18,3,"Okay / Neutral",2,"Family",9,"Medyo puyat kaka-review, pero nakabawi naman ng tulog."
109238475188,"Trisha Domingo",2026-09-19,2,"Stressed",3,"Exams / Deadlines",9,"Medyo puyat kaka-review, pero nakabawi naman ng tulog."
109238475189,"Kristine San Jose",2026-09-15,2,"Stressed",2,"Academics",14,"Walang katuwang sa bahay, ako nag-aalaga sa mga kapatid ko habang nag-aaral."
109238475189,"Kristine San Jose",2026-09-16,2,"Stressed",1,"Academics",14,"Walang katuwang sa bahay, ako nag-aalaga sa mga kapatid ko habang nag-aaral."
109238475189,"Kristine San Jose",2026-09-17,2,"Stressed",1,"Family",14,"Bagsak ako sa quarterly quiz, kinakabahan ako sabihin kay nanay."
109238475189,"Kristine San Jose",2026-09-18,1,"Overwhelmed",2,"Exams / Deadlines",14,"Daming sabay-sabay na project submission, pagod na po ang katawan at isip ko."
109238475189,"Kristine San Jose",2026-09-19,3,"Okay / Neutral",1,"Academics",14,"Walang katuwang sa bahay, ako nag-aalaga sa mga kapatid ko habang nag-aaral."
109238475190,"Mariel Rivera",2026-09-15,5,"Energized",4,"None / Peaceful",13,"Natapos ko lahat ng assignments on time. Peaceful weekend ahead."
109238475190,"Mariel Rivera",2026-09-16,4,"Good",5,"None / Peaceful",13,"Feeling energized after PE class. Focused on my study goals."
109238475190,"Mariel Rivera",2026-09-17,4,"Good",5,"None / Peaceful",13,"Masaya ang homeroom activity kanina kasama ang advisory class!"
109238475190,"Mariel Rivera",2026-09-18,4,"Good",4,"None / Peaceful",13,"Maganda ang score ko sa science experiment. Ready for tomorrow!"
109238475190,"Mariel Rivera",2026-09-19,4,"Good",4,"None / Peaceful",13,"Maganda ang score ko sa science experiment. Ready for tomorrow!"
109238475191,"Lucas Corpuz",2026-09-15,4,"Good",3,"Family",14,"Medyo puyat kaka-review, pero nakabawi naman ng tulog."
109238475191,"Lucas Corpuz",2026-09-16,2,"Stressed",2,"Sleep",14,"Medyo puyat kaka-review, pero nakabawi naman ng tulog."
109238475191,"Lucas Corpuz",2026-09-17,2,"Stressed",2,"Family",14,"May kaunting financial delay pero nakiusap naman kami sa accounting."
109238475191,"Lucas Corpuz",2026-09-18,4,"Good",2,"None / Peaceful",14,"Nangangailangan ng review session sa Math bago mag-midterm."
109238475191,"Lucas Corpuz",2026-09-19,4,"Good",3,"None / Peaceful",14,"Nangangailangan ng review session sa Math bago mag-midterm."
109238475192,"Jasmine Aquino",2026-09-15,1,"Overwhelmed",1,"Academics",14,"Bagsak ako sa quarterly quiz, kinakabahan ako sabihin kay nanay."
109238475192,"Jasmine Aquino",2026-09-16,3,"Okay / Neutral",2,"Family",14,"Nag-aalala ako sa matrikula at baka hindi ako maka-exam sa finals."
109238475192,"Jasmine Aquino",2026-09-17,2,"Stressed",1,"Exams / Deadlines",14,"Sobrang nahihirapan na po ako sa Chemistry at Pre-Cal. Hindi na po ako makatulog sa gabi."
109238475192,"Jasmine Aquino",2026-09-18,1,"Overwhelmed",2,"Family",14,"Walang katuwang sa bahay, ako nag-aalaga sa mga kapatid ko habang nag-aaral."
109238475192,"Jasmine Aquino",2026-09-19,2,"Stressed",2,"Family",14,"Nag-aalala ako sa matrikula at baka hindi ako maka-exam sa finals."
109238475193,"Althea Salazar",2026-09-15,1,"Overwhelmed",2,"Family",13,"Walang katuwang sa bahay, ako nag-aalaga sa mga kapatid ko habang nag-aaral."
109238475193,"Althea Salazar",2026-09-16,3,"Okay / Neutral",1,"Exams / Deadlines",13,"Nag-aalala ako sa matrikula at baka hindi ako maka-exam sa finals."
109238475193,"Althea Salazar",2026-09-17,3,"Okay / Neutral",1,"Family",13,"Nag-aalala ako sa matrikula at baka hindi ako maka-exam sa finals."
109238475193,"Althea Salazar",2026-09-18,2,"Stressed",1,"Academics",13,"Sobrang nahihirapan na po ako sa Chemistry at Pre-Cal. Hindi na po ako makatulog sa gabi."
109238475193,"Althea Salazar",2026-09-19,1,"Overwhelmed",2,"Family",13,"Sobrang nahihirapan na po ako sa Chemistry at Pre-Cal. Hindi na po ako makatulog sa gabi."
109238475194,"Camille Rivera",2026-09-15,5,"Energized",4,"Exams / Deadlines",13,"Masaya ang homeroom activity kanina kasama ang advisory class!"
109238475194,"Camille Rivera",2026-09-16,5,"Energized",4,"None / Peaceful",13,"Maganda ang score ko sa science experiment. Ready for tomorrow!"
109238475194,"Camille Rivera",2026-09-17,3,"Okay / Neutral",5,"None / Peaceful",13,"Feeling energized after PE class. Focused on my study goals."
109238475194,"Camille Rivera",2026-09-18,5,"Energized",4,"None / Peaceful",13,"Feeling energized after PE class. Focused on my study goals."
109238475194,"Camille Rivera",2026-09-19,4,"Good",4,"None / Peaceful",13,"Maganda ang score ko sa science experiment. Ready for tomorrow!"
109238475195,"Lance Corpuz",2026-09-15,3,"Okay / Neutral",1,"Exams / Deadlines",7,"Bagsak ako sa quarterly quiz, kinakabahan ako sabihin kay nanay."
109238475195,"Lance Corpuz",2026-09-16,3,"Okay / Neutral",1,"Family",7,"Daming sabay-sabay na project submission, pagod na po ang katawan at isip ko."
109238475195,"Lance Corpuz",2026-09-17,1,"Overwhelmed",1,"Exams / Deadlines",7,"Bagsak ako sa quarterly quiz, kinakabahan ako sabihin kay nanay."
109238475195,"Lance Corpuz",2026-09-18,1,"Overwhelmed",2,"Finances",7,"Bagsak ako sa quarterly quiz, kinakabahan ako sabihin kay nanay."
109238475195,"Lance Corpuz",2026-09-19,1,"Overwhelmed",1,"Family",7,"Walang katuwang sa bahay, ako nag-aalaga sa mga kapatid ko habang nag-aaral."
109238475196,"Adrian Tan",2026-09-15,4,"Good",3,"Academics",11,"Medyo puyat kaka-review, pero nakabawi naman ng tulog."
109238475196,"Adrian Tan",2026-09-16,4,"Good",2,"Finances",11,"Medyo busy dahil sa papalapit na group presentation pero kakayanin."
109238475196,"Adrian Tan",2026-09-17,3,"Okay / Neutral",2,"Family",11,"Nangangailangan ng review session sa Math bago mag-midterm."
109238475196,"Adrian Tan",2026-09-18,3,"Okay / Neutral",3,"Family",11,"Nangangailangan ng review session sa Math bago mag-midterm."
109238475196,"Adrian Tan",2026-09-19,4,"Good",2,"Physical Health",11,"Medyo busy dahil sa papalapit na group presentation pero kakayanin."
109238475197,"Adrian Castro",2026-09-15,5,"Energized",5,"None / Peaceful",5,"Masaya ang homeroom activity kanina kasama ang advisory class!"
109238475197,"Adrian Castro",2026-09-16,3,"Okay / Neutral",5,"Exams / Deadlines",5,"Masaya ang homeroom activity kanina kasama ang advisory class!"
109238475197,"Adrian Castro",2026-09-17,5,"Energized",4,"None / Peaceful",5,"Masaya ang homeroom activity kanina kasama ang advisory class!"
109238475197,"Adrian Castro",2026-09-18,4,"Good",4,"Exams / Deadlines",5,"Maganda ang score ko sa science experiment. Ready for tomorrow!"
109238475197,"Adrian Castro",2026-09-19,4,"Good",4,"None / Peaceful",5,"Masaya ang homeroom activity kanina kasama ang advisory class!"
109238475198,"Jerome Ocampo",2026-09-15,2,"Stressed",2,"Exams / Deadlines",12,"Medyo puyat kaka-review, pero nakabawi naman ng tulog."
109238475198,"Jerome Ocampo",2026-09-16,4,"Good",3,"Family",12,"Medyo puyat kaka-review, pero nakabawi naman ng tulog."
109238475198,"Jerome Ocampo",2026-09-17,2,"Stressed",3,"Finances",12,"Nangangailangan ng review session sa Math bago mag-midterm."
109238475198,"Jerome Ocampo",2026-09-18,3,"Okay / Neutral",3,"Academics",12,"Nangangailangan ng review session sa Math bago mag-midterm."
109238475198,"Jerome Ocampo",2026-09-19,4,"Good",2,"Finances",12,"May kaunting financial delay pero nakiusap naman kami sa accounting."
109238475199,"Alyssa Mendoza",2026-09-15,5,"Energized",5,"None / Peaceful",5,"Maganda ang score ko sa science experiment. Ready for tomorrow!"
109238475199,"Alyssa Mendoza",2026-09-16,4,"Good",4,"None / Peaceful",5,"Masaya ang homeroom activity kanina kasama ang advisory class!"
109238475199,"Alyssa Mendoza",2026-09-17,3,"Okay / Neutral",5,"Exams / Deadlines",5,"Masaya ang homeroom activity kanina kasama ang advisory class!"
109238475199,"Alyssa Mendoza",2026-09-18,5,"Energized",5,"Exams / Deadlines",5,"Natapos ko lahat ng assignments on time. Peaceful weekend ahead."
109238475199,"Alyssa Mendoza",2026-09-19,4,"Good",5,"None / Peaceful",5,"Maganda ang score ko sa science experiment. Ready for tomorrow!"
109238475200,"Mariel Gonzales",2026-09-15,2,"Stressed",3,"Physical Health",3,"Medyo puyat kaka-review, pero nakabawi naman ng tulog."
109238475200,"Mariel Gonzales",2026-09-16,2,"Stressed",2,"Physical Health",3,"Medyo busy dahil sa papalapit na group presentation pero kakayanin."
109238475200,"Mariel Gonzales",2026-09-17,2,"Stressed",2,"Family",3,"Medyo puyat kaka-review, pero nakabawi naman ng tulog."
109238475200,"Mariel Gonzales",2026-09-18,3,"Okay / Neutral",2,"Academics",3,"May kaunting financial delay pero nakiusap naman kami sa accounting."
109238475200,"Mariel Gonzales",2026-09-19,2,"Stressed",2,"Family",3,"Medyo puyat kaka-review, pero nakabawi naman ng tulog."
109238475201,"Cedric Flores",2026-09-15,4,"Good",4,"None / Peaceful",10,"Feeling energized after PE class. Focused on my study goals."
109238475201,"Cedric Flores",2026-09-16,3,"Okay / Neutral",4,"None / Peaceful",10,"Natapos ko lahat ng assignments on time. Peaceful weekend ahead."
109238475201,"Cedric Flores",2026-09-17,3,"Okay / Neutral",4,"None / Peaceful",10,"Masaya ang homeroom activity kanina kasama ang advisory class!"
109238475201,"Cedric Flores",2026-09-18,5,"Energized",4,"Exams / Deadlines",10,"Maganda ang score ko sa science experiment. Ready for tomorrow!"
109238475201,"Cedric Flores",2026-09-19,4,"Good",4,"None / Peaceful",10,"Natapos ko lahat ng assignments on time. Peaceful weekend ahead."
109238475202,"Samantha Nicole Salazar",2026-09-15,5,"Energized",5,"Exams / Deadlines",13,"Natapos ko lahat ng assignments on time. Peaceful weekend ahead."
109238475202,"Samantha Nicole Salazar",2026-09-16,4,"Good",4,"None / Peaceful",13,"Feeling energized after PE class. Focused on my study goals."
109238475202,"Samantha Nicole Salazar",2026-09-17,4,"Good",4,"Exams / Deadlines",13,"Feeling energized after PE class. Focused on my study goals."
109238475202,"Samantha Nicole Salazar",2026-09-18,3,"Okay / Neutral",5,"Exams / Deadlines",13,"Maganda ang score ko sa science experiment. Ready for tomorrow!"
109238475202,"Samantha Nicole Salazar",2026-09-19,4,"Good",4,"None / Peaceful",13,"Masaya ang homeroom activity kanina kasama ang advisory class!"
109238475203,"Rafael Pascual",2026-09-15,5,"Energized",4,"None / Peaceful",7,"Natapos ko lahat ng assignments on time. Peaceful weekend ahead."
109238475203,"Rafael Pascual",2026-09-16,5,"Energized",4,"None / Peaceful",7,"Maganda ang score ko sa science experiment. Ready for tomorrow!"
109238475203,"Rafael Pascual",2026-09-17,3,"Okay / Neutral",4,"Exams / Deadlines",7,"Maganda ang score ko sa science experiment. Ready for tomorrow!"
109238475203,"Rafael Pascual",2026-09-18,4,"Good",4,"Exams / Deadlines",7,"Maganda ang score ko sa science experiment. Ready for tomorrow!"
109238475203,"Rafael Pascual",2026-09-19,3,"Okay / Neutral",4,"None / Peaceful",7,"Natapos ko lahat ng assignments on time. Peaceful weekend ahead."
109238475204,"Rafael Lim",2026-09-15,2,"Stressed",3,"Finances",7,"Medyo puyat kaka-review, pero nakabawi naman ng tulog."
109238475204,"Rafael Lim",2026-09-16,2,"Stressed",3,"Academics",7,"Medyo busy dahil sa papalapit na group presentation pero kakayanin."
109238475204,"Rafael Lim",2026-09-17,2,"Stressed",2,"None / Peaceful",7,"May kaunting financial delay pero nakiusap naman kami sa accounting."
109238475204,"Rafael Lim",2026-09-18,3,"Okay / Neutral",3,"Finances",7,"Nangangailangan ng review session sa Math bago mag-midterm."
109238475204,"Rafael Lim",2026-09-19,2,"Stressed",3,"Exams / Deadlines",7,"Medyo puyat kaka-review, pero nakabawi naman ng tulog."
109238475205,"Angelica Mendoza",2026-09-15,3,"Okay / Neutral",3,"Exams / Deadlines",8,"May kaunting financial delay pero nakiusap naman kami sa accounting."
109238475205,"Angelica Mendoza",2026-09-16,4,"Good",3,"Exams / Deadlines",8,"Medyo busy dahil sa papalapit na group presentation pero kakayanin."
109238475205,"Angelica Mendoza",2026-09-17,3,"Okay / Neutral",2,"Academics",8,"Medyo puyat kaka-review, pero nakabawi naman ng tulog."
109238475205,"Angelica Mendoza",2026-09-18,2,"Stressed",3,"Physical Health",8,"Medyo busy dahil sa papalapit na group presentation pero kakayanin."
109238475205,"Angelica Mendoza",2026-09-19,2,"Stressed",3,"Family",8,"Medyo busy dahil sa papalapit na group presentation pero kakayanin."
109238475206,"Trisha Ramos",2026-09-15,5,"Energized",5,"None / Peaceful",11,"Masaya ang homeroom activity kanina kasama ang advisory class!"
109238475206,"Trisha Ramos",2026-09-16,3,"Okay / Neutral",4,"Exams / Deadlines",11,"Maganda ang score ko sa science experiment. Ready for tomorrow!"
109238475206,"Trisha Ramos",2026-09-17,3,"Okay / Neutral",4,"None / Peaceful",11,"Masaya ang homeroom activity kanina kasama ang advisory class!"
109238475206,"Trisha Ramos",2026-09-18,5,"Energized",4,"Exams / Deadlines",11,"Masaya ang homeroom activity kanina kasama ang advisory class!"
109238475206,"Trisha Ramos",2026-09-19,4,"Good",5,"None / Peaceful",11,"Natapos ko lahat ng assignments on time. Peaceful weekend ahead."
109238475207,"Kyle De Leon",2026-09-15,4,"Good",4,"Exams / Deadlines",14,"Maganda ang score ko sa science experiment. Ready for tomorrow!"
109238475207,"Kyle De Leon",2026-09-16,4,"Good",5,"None / Peaceful",14,"Maganda ang score ko sa science experiment. Ready for tomorrow!"
109238475207,"Kyle De Leon",2026-09-17,4,"Good",5,"Exams / Deadlines",14,"Feeling energized after PE class. Focused on my study goals."
109238475207,"Kyle De Leon",2026-09-18,4,"Good",4,"None / Peaceful",14,"Maganda ang score ko sa science experiment. Ready for tomorrow!"
109238475207,"Kyle De Leon",2026-09-19,4,"Good",4,"None / Peaceful",14,"Feeling energized after PE class. Focused on my study goals."
109238475208,"Andrea Pascual",2026-09-15,4,"Good",2,"Physical Health",4,"Medyo busy dahil sa papalapit na group presentation pero kakayanin."
109238475208,"Andrea Pascual",2026-09-16,3,"Okay / Neutral",2,"Exams / Deadlines",4,"Medyo puyat kaka-review, pero nakabawi naman ng tulog."
109238475208,"Andrea Pascual",2026-09-17,3,"Okay / Neutral",3,"None / Peaceful",4,"Medyo busy dahil sa papalapit na group presentation pero kakayanin."
109238475208,"Andrea Pascual",2026-09-18,4,"Good",3,"Sleep",4,"Medyo puyat kaka-review, pero nakabawi naman ng tulog."
109238475208,"Andrea Pascual",2026-09-19,4,"Good",3,"Finances",4,"Nangangailangan ng review session sa Math bago mag-midterm."
109238475209,"Bea Patricia Ocampo",2026-09-15,5,"Energized",4,"None / Peaceful",14,"Natapos ko lahat ng assignments on time. Peaceful weekend ahead."
109238475209,"Bea Patricia Ocampo",2026-09-16,5,"Energized",4,"None / Peaceful",14,"Maganda ang score ko sa science experiment. Ready for tomorrow!"
109238475209,"Bea Patricia Ocampo",2026-09-17,5,"Energized",4,"Exams / Deadlines",14,"Natapos ko lahat ng assignments on time. Peaceful weekend ahead."
109238475209,"Bea Patricia Ocampo",2026-09-18,3,"Okay / Neutral",5,"None / Peaceful",14,"Masaya ang homeroom activity kanina kasama ang advisory class!"
109238475209,"Bea Patricia Ocampo",2026-09-19,3,"Okay / Neutral",5,"None / Peaceful",14,"Natapos ko lahat ng assignments on time. Peaceful weekend ahead."
109238475210,"Joshua Garcia",2026-09-15,5,"Energized",5,"None / Peaceful",11,"Maganda ang score ko sa science experiment. Ready for tomorrow!"
109238475210,"Joshua Garcia",2026-09-16,5,"Energized",4,"Exams / Deadlines",11,"Feeling energized after PE class. Focused on my study goals."
109238475210,"Joshua Garcia",2026-09-17,4,"Good",4,"None / Peaceful",11,"Natapos ko lahat ng assignments on time. Peaceful weekend ahead."
109238475210,"Joshua Garcia",2026-09-18,5,"Energized",4,"Exams / Deadlines",11,"Feeling energized after PE class. Focused on my study goals."
109238475210,"Joshua Garcia",2026-09-19,4,"Good",4,"Exams / Deadlines",11,"Masaya ang homeroom activity kanina kasama ang advisory class!"
109238475211,"Angelica Garcia",2026-09-15,2,"Stressed",3,"Sleep",6,"Nangangailangan ng review session sa Math bago mag-midterm."
109238475211,"Angelica Garcia",2026-09-16,3,"Okay / Neutral",2,"None / Peaceful",6,"Medyo puyat kaka-review, pero nakabawi naman ng tulog."
109238475211,"Angelica Garcia",2026-09-17,3,"Okay / Neutral",2,"Finances",6,"Medyo puyat kaka-review, pero nakabawi naman ng tulog."
109238475211,"Angelica Garcia",2026-09-18,4,"Good",2,"Finances",6,"Nangangailangan ng review session sa Math bago mag-midterm."
109238475211,"Angelica Garcia",2026-09-19,4,"Good",2,"Academics",6,"Medyo puyat kaka-review, pero nakabawi naman ng tulog."
109238475212,"Trisha Ramos",2026-09-15,4,"Good",4,"Exams / Deadlines",13,"Natapos ko lahat ng assignments on time. Peaceful weekend ahead."
109238475212,"Trisha Ramos",2026-09-16,3,"Okay / Neutral",5,"None / Peaceful",13,"Natapos ko lahat ng assignments on time. Peaceful weekend ahead."
109238475212,"Trisha Ramos",2026-09-17,5,"Energized",4,"None / Peaceful",13,"Masaya ang homeroom activity kanina kasama ang advisory class!"
109238475212,"Trisha Ramos",2026-09-18,5,"Energized",5,"Exams / Deadlines",13,"Feeling energized after PE class. Focused on my study goals."
109238475212,"Trisha Ramos",2026-09-19,4,"Good",4,"None / Peaceful",13,"Maganda ang score ko sa science experiment. Ready for tomorrow!"
109238475213,"Patricia Reyes",2026-09-15,3,"Okay / Neutral",2,"Exams / Deadlines",9,"Nangangailangan ng review session sa Math bago mag-midterm."
109238475213,"Patricia Reyes",2026-09-16,2,"Stressed",3,"Finances",9,"May kaunting financial delay pero nakiusap naman kami sa accounting."
109238475213,"Patricia Reyes",2026-09-17,4,"Good",2,"Exams / Deadlines",9,"Medyo puyat kaka-review, pero nakabawi naman ng tulog."
109238475213,"Patricia Reyes",2026-09-18,4,"Good",2,"Sleep",9,"May kaunting financial delay pero nakiusap naman kami sa accounting."
109238475213,"Patricia Reyes",2026-09-19,3,"Okay / Neutral",2,"Sleep",9,"May kaunting financial delay pero nakiusap naman kami sa accounting."
109238475214,"Trisha De Leon",2026-09-15,4,"Good",5,"None / Peaceful",7,"Natapos ko lahat ng assignments on time. Peaceful weekend ahead."
109238475214,"Trisha De Leon",2026-09-16,5,"Energized",4,"None / Peaceful",7,"Maganda ang score ko sa science experiment. Ready for tomorrow!"
109238475214,"Trisha De Leon",2026-09-17,5,"Energized",4,"None / Peaceful",7,"Feeling energized after PE class. Focused on my study goals."
109238475214,"Trisha De Leon",2026-09-18,4,"Good",4,"Exams / Deadlines",7,"Natapos ko lahat ng assignments on time. Peaceful weekend ahead."
109238475214,"Trisha De Leon",2026-09-19,4,"Good",4,"Exams / Deadlines",7,"Natapos ko lahat ng assignments on time. Peaceful weekend ahead."
109238475215,"Matthew Salazar",2026-09-15,4,"Good",4,"Exams / Deadlines",5,"Natapos ko lahat ng assignments on time. Peaceful weekend ahead."
109238475215,"Matthew Salazar",2026-09-16,5,"Energized",4,"None / Peaceful",5,"Natapos ko lahat ng assignments on time. Peaceful weekend ahead."
109238475215,"Matthew Salazar",2026-09-17,4,"Good",4,"None / Peaceful",5,"Masaya ang homeroom activity kanina kasama ang advisory class!"
109238475215,"Matthew Salazar",2026-09-18,4,"Good",4,"None / Peaceful",5,"Masaya ang homeroom activity kanina kasama ang advisory class!"
109238475215,"Matthew Salazar",2026-09-19,5,"Energized",5,"Exams / Deadlines",5,"Maganda ang score ko sa science experiment. Ready for tomorrow!"
109238475216,"Cedric Dela Cruz",2026-09-15,3,"Okay / Neutral",3,"Exams / Deadlines",3,"May kaunting financial delay pero nakiusap naman kami sa accounting."
109238475216,"Cedric Dela Cruz",2026-09-16,2,"Stressed",2,"Exams / Deadlines",3,"May kaunting financial delay pero nakiusap naman kami sa accounting."
109238475216,"Cedric Dela Cruz",2026-09-17,3,"Okay / Neutral",3,"Physical Health",3,"Nangangailangan ng review session sa Math bago mag-midterm."
109238475216,"Cedric Dela Cruz",2026-09-18,2,"Stressed",2,"Academics",3,"Medyo puyat kaka-review, pero nakabawi naman ng tulog."
109238475216,"Cedric Dela Cruz",2026-09-19,4,"Good",3,"Family",3,"Medyo busy dahil sa papalapit na group presentation pero kakayanin."
109238475217,"Vanessa Garcia",2026-09-15,3,"Okay / Neutral",2,"Academics",3,"Medyo puyat kaka-review, pero nakabawi naman ng tulog."
109238475217,"Vanessa Garcia",2026-09-16,3,"Okay / Neutral",2,"Sleep",3,"Medyo puyat kaka-review, pero nakabawi naman ng tulog."
109238475217,"Vanessa Garcia",2026-09-17,4,"Good",2,"Finances",3,"Nangangailangan ng review session sa Math bago mag-midterm."
109238475217,"Vanessa Garcia",2026-09-18,3,"Okay / Neutral",2,"Exams / Deadlines",3,"May kaunting financial delay pero nakiusap naman kami sa accounting."
109238475217,"Vanessa Garcia",2026-09-19,3,"Okay / Neutral",2,"Academics",3,"Medyo busy dahil sa papalapit na group presentation pero kakayanin."
109238475218,"Rochelle Rivera",2026-09-15,3,"Okay / Neutral",2,"Family",4,"Medyo busy dahil sa papalapit na group presentation pero kakayanin."
109238475218,"Rochelle Rivera",2026-09-16,4,"Good",3,"Finances",4,"May kaunting financial delay pero nakiusap naman kami sa accounting."
109238475218,"Rochelle Rivera",2026-09-17,3,"Okay / Neutral",2,"Family",4,"May kaunting financial delay pero nakiusap naman kami sa accounting."
109238475218,"Rochelle Rivera",2026-09-18,2,"Stressed",2,"Physical Health",4,"Medyo busy dahil sa papalapit na group presentation pero kakayanin."
109238475218,"Rochelle Rivera",2026-09-19,4,"Good",2,"Academics",4,"May kaunting financial delay pero nakiusap naman kami sa accounting."
109238475219,"Kyle Santiago",2026-09-15,4,"Good",4,"None / Peaceful",14,"Natapos ko lahat ng assignments on time. Peaceful weekend ahead."
109238475219,"Kyle Santiago",2026-09-16,5,"Energized",5,"None / Peaceful",14,"Natapos ko lahat ng assignments on time. Peaceful weekend ahead."
109238475219,"Kyle Santiago",2026-09-17,5,"Energized",4,"Exams / Deadlines",14,"Feeling energized after PE class. Focused on my study goals."
109238475219,"Kyle Santiago",2026-09-18,5,"Energized",4,"Exams / Deadlines",14,"Masaya ang homeroom activity kanina kasama ang advisory class!"
109238475219,"Kyle Santiago",2026-09-19,3,"Okay / Neutral",5,"None / Peaceful",14,"Maganda ang score ko sa science experiment. Ready for tomorrow!"
109238475220,"Camille San Jose",2026-09-15,4,"Good",5,"None / Peaceful",5,"Feeling energized after PE class. Focused on my study goals."
109238475220,"Camille San Jose",2026-09-16,4,"Good",4,"Exams / Deadlines",5,"Maganda ang score ko sa science experiment. Ready for tomorrow!"
109238475220,"Camille San Jose",2026-09-17,4,"Good",4,"None / Peaceful",5,"Masaya ang homeroom activity kanina kasama ang advisory class!"
109238475220,"Camille San Jose",2026-09-18,4,"Good",4,"None / Peaceful",5,"Masaya ang homeroom activity kanina kasama ang advisory class!"
109238475220,"Camille San Jose",2026-09-19,5,"Energized",4,"None / Peaceful",5,"Masaya ang homeroom activity kanina kasama ang advisory class!"
109238475221,"Cedric Mendoza",2026-09-15,5,"Energized",4,"None / Peaceful",10,"Maganda ang score ko sa science experiment. Ready for tomorrow!"
109238475221,"Cedric Mendoza",2026-09-16,5,"Energized",4,"None / Peaceful",10,"Masaya ang homeroom activity kanina kasama ang advisory class!"
109238475221,"Cedric Mendoza",2026-09-17,4,"Good",5,"None / Peaceful",10,"Masaya ang homeroom activity kanina kasama ang advisory class!"
109238475221,"Cedric Mendoza",2026-09-18,4,"Good",4,"Exams / Deadlines",10,"Maganda ang score ko sa science experiment. Ready for tomorrow!"
109238475221,"Cedric Mendoza",2026-09-19,3,"Okay / Neutral",4,"None / Peaceful",10,"Maganda ang score ko sa science experiment. Ready for tomorrow!"
109238475222,"Vanessa Reyes",2026-09-15,2,"Stressed",2,"Exams / Deadlines",11,"May kaunting financial delay pero nakiusap naman kami sa accounting."
109238475222,"Vanessa Reyes",2026-09-16,4,"Good",2,"Academics",11,"Medyo puyat kaka-review, pero nakabawi naman ng tulog."
109238475222,"Vanessa Reyes",2026-09-17,3,"Okay / Neutral",3,"Finances",11,"Nangangailangan ng review session sa Math bago mag-midterm."
109238475222,"Vanessa Reyes",2026-09-18,3,"Okay / Neutral",3,"Family",11,"Nangangailangan ng review session sa Math bago mag-midterm."
109238475222,"Vanessa Reyes",2026-09-19,3,"Okay / Neutral",2,"None / Peaceful",11,"Medyo busy dahil sa papalapit na group presentation pero kakayanin."
109238475223,"Aaron Soriano",2026-09-15,5,"Energized",4,"None / Peaceful",4,"Natapos ko lahat ng assignments on time. Peaceful weekend ahead."
109238475223,"Aaron Soriano",2026-09-16,4,"Good",5,"None / Peaceful",4,"Natapos ko lahat ng assignments on time. Peaceful weekend ahead."
109238475223,"Aaron Soriano",2026-09-17,5,"Energized",4,"None / Peaceful",4,"Masaya ang homeroom activity kanina kasama ang advisory class!"
109238475223,"Aaron Soriano",2026-09-18,3,"Okay / Neutral",4,"None / Peaceful",4,"Maganda ang score ko sa science experiment. Ready for tomorrow!"
109238475223,"Aaron Soriano",2026-09-19,4,"Good",4,"Exams / Deadlines",4,"Masaya ang homeroom activity kanina kasama ang advisory class!"
109238475224,"Sofia Padilla",2026-09-15,3,"Okay / Neutral",2,"Family",4,"Medyo busy dahil sa papalapit na group presentation pero kakayanin."
109238475224,"Sofia Padilla",2026-09-16,4,"Good",2,"Family",4,"Nangangailangan ng review session sa Math bago mag-midterm."
109238475224,"Sofia Padilla",2026-09-17,3,"Okay / Neutral",3,"Exams / Deadlines",4,"Medyo busy dahil sa papalapit na group presentation pero kakayanin."
109238475224,"Sofia Padilla",2026-09-18,4,"Good",3,"Family",4,"Medyo puyat kaka-review, pero nakabawi naman ng tulog."
109238475224,"Sofia Padilla",2026-09-19,4,"Good",3,"Family",4,"Medyo puyat kaka-review, pero nakabawi naman ng tulog."
109238475225,"Adrian Soriano",2026-09-15,4,"Good",4,"None / Peaceful",13,"Feeling energized after PE class. Focused on my study goals."
109238475225,"Adrian Soriano",2026-09-16,5,"Energized",4,"None / Peaceful",13,"Feeling energized after PE class. Focused on my study goals."
109238475225,"Adrian Soriano",2026-09-17,3,"Okay / Neutral",4,"None / Peaceful",13,"Maganda ang score ko sa science experiment. Ready for tomorrow!"
109238475225,"Adrian Soriano",2026-09-18,4,"Good",4,"None / Peaceful",13,"Masaya ang homeroom activity kanina kasama ang advisory class!"
109238475225,"Adrian Soriano",2026-09-19,4,"Good",4,"Exams / Deadlines",13,"Maganda ang score ko sa science experiment. Ready for tomorrow!"
109238475226,"Ethan Dizon",2026-09-15,5,"Energized",5,"None / Peaceful",6,"Feeling energized after PE class. Focused on my study goals."
109238475226,"Ethan Dizon",2026-09-16,3,"Okay / Neutral",4,"None / Peaceful",6,"Feeling energized after PE class. Focused on my study goals."
109238475226,"Ethan Dizon",2026-09-17,5,"Energized",4,"None / Peaceful",6,"Feeling energized after PE class. Focused on my study goals."
109238475226,"Ethan Dizon",2026-09-18,5,"Energized",4,"None / Peaceful",6,"Feeling energized after PE class. Focused on my study goals."
109238475226,"Ethan Dizon",2026-09-19,4,"Good",5,"Exams / Deadlines",6,"Masaya ang homeroom activity kanina kasama ang advisory class!"
109238475227,"Ethan Manalo",2026-09-15,4,"Good",5,"Exams / Deadlines",8,"Feeling energized after PE class. Focused on my study goals."
109238475227,"Ethan Manalo",2026-09-16,3,"Okay / Neutral",4,"Exams / Deadlines",8,"Natapos ko lahat ng assignments on time. Peaceful weekend ahead."
109238475227,"Ethan Manalo",2026-09-17,5,"Energized",4,"None / Peaceful",8,"Maganda ang score ko sa science experiment. Ready for tomorrow!"
109238475227,"Ethan Manalo",2026-09-18,3,"Okay / Neutral",5,"None / Peaceful",8,"Natapos ko lahat ng assignments on time. Peaceful weekend ahead."
109238475227,"Ethan Manalo",2026-09-19,4,"Good",4,"Exams / Deadlines",8,"Maganda ang score ko sa science experiment. Ready for tomorrow!"
109238475228,"Althea Rivera",2026-09-15,4,"Good",3,"Exams / Deadlines",7,"Medyo puyat kaka-review, pero nakabawi naman ng tulog."
109238475228,"Althea Rivera",2026-09-16,3,"Okay / Neutral",2,"Physical Health",7,"Nangangailangan ng review session sa Math bago mag-midterm."
109238475228,"Althea Rivera",2026-09-17,3,"Okay / Neutral",2,"Finances",7,"Medyo puyat kaka-review, pero nakabawi naman ng tulog."
109238475228,"Althea Rivera",2026-09-18,2,"Stressed",3,"None / Peaceful",7,"Nangangailangan ng review session sa Math bago mag-midterm."
109238475228,"Althea Rivera",2026-09-19,2,"Stressed",2,"Family",7,"May kaunting financial delay pero nakiusap naman kami sa accounting."
109238475229,"Daniel Navarro",2026-09-15,3,"Okay / Neutral",2,"None / Peaceful",5,"Medyo busy dahil sa papalapit na group presentation pero kakayanin."
109238475229,"Daniel Navarro",2026-09-16,4,"Good",2,"None / Peaceful",5,"May kaunting financial delay pero nakiusap naman kami sa accounting."
109238475229,"Daniel Navarro",2026-09-17,2,"Stressed",2,"Academics",5,"May kaunting financial delay pero nakiusap naman kami sa accounting."
109238475229,"Daniel Navarro",2026-09-18,3,"Okay / Neutral",3,"Exams / Deadlines",5,"Nangangailangan ng review session sa Math bago mag-midterm."
109238475229,"Daniel Navarro",2026-09-19,4,"Good",2,"Sleep",5,"May kaunting financial delay pero nakiusap naman kami sa accounting."
109238475230,"Kristine Lim",2026-09-15,3,"Okay / Neutral",1,"Academics",5,"Sobrang nahihirapan na po ako sa Chemistry at Pre-Cal. Hindi na po ako makatulog sa gabi."
109238475230,"Kristine Lim",2026-09-16,3,"Okay / Neutral",2,"Finances",5,"Bagsak ako sa quarterly quiz, kinakabahan ako sabihin kay nanay."
109238475230,"Kristine Lim",2026-09-17,1,"Overwhelmed",2,"Family",5,"Bagsak ako sa quarterly quiz, kinakabahan ako sabihin kay nanay."
109238475230,"Kristine Lim",2026-09-18,3,"Okay / Neutral",1,"Exams / Deadlines",5,"Sobrang nahihirapan na po ako sa Chemistry at Pre-Cal. Hindi na po ako makatulog sa gabi."
109238475230,"Kristine Lim",2026-09-19,3,"Okay / Neutral",1,"Exams / Deadlines",5,"Daming sabay-sabay na project submission, pagod na po ang katawan at isip ko."
109238475231,"Hannah Padilla",2026-09-15,3,"Okay / Neutral",2,"Sleep",9,"Nangangailangan ng review session sa Math bago mag-midterm."
109238475231,"Hannah Padilla",2026-09-16,3,"Okay / Neutral",3,"Finances",9,"Medyo busy dahil sa papalapit na group presentation pero kakayanin."
109238475231,"Hannah Padilla",2026-09-17,4,"Good",3,"Physical Health",9,"May kaunting financial delay pero nakiusap naman kami sa accounting."
109238475231,"Hannah Padilla",2026-09-18,4,"Good",3,"Finances",9,"Medyo puyat kaka-review, pero nakabawi naman ng tulog."
109238475231,"Hannah Padilla",2026-09-19,4,"Good",2,"Academics",9,"May kaunting financial delay pero nakiusap naman kami sa accounting."
109238475232,"Matthew Santos",2026-09-15,5,"Energized",4,"None / Peaceful",11,"Maganda ang score ko sa science experiment. Ready for tomorrow!"
109238475232,"Matthew Santos",2026-09-16,5,"Energized",5,"Exams / Deadlines",11,"Natapos ko lahat ng assignments on time. Peaceful weekend ahead."
109238475232,"Matthew Santos",2026-09-17,3,"Okay / Neutral",4,"None / Peaceful",11,"Masaya ang homeroom activity kanina kasama ang advisory class!"
109238475232,"Matthew Santos",2026-09-18,4,"Good",5,"Exams / Deadlines",11,"Feeling energized after PE class. Focused on my study goals."
109238475232,"Matthew Santos",2026-09-19,4,"Good",5,"None / Peaceful",11,"Feeling energized after PE class. Focused on my study goals."
109238475233,"Paolo Navarro",2026-09-15,3,"Okay / Neutral",4,"None / Peaceful",13,"Masaya ang homeroom activity kanina kasama ang advisory class!"
109238475233,"Paolo Navarro",2026-09-16,4,"Good",4,"None / Peaceful",13,"Natapos ko lahat ng assignments on time. Peaceful weekend ahead."
109238475233,"Paolo Navarro",2026-09-17,5,"Energized",4,"None / Peaceful",13,"Masaya ang homeroom activity kanina kasama ang advisory class!"
109238475233,"Paolo Navarro",2026-09-18,3,"Okay / Neutral",4,"Exams / Deadlines",13,"Masaya ang homeroom activity kanina kasama ang advisory class!"
109238475233,"Paolo Navarro",2026-09-19,4,"Good",4,"None / Peaceful",13,"Natapos ko lahat ng assignments on time. Peaceful weekend ahead."
109238475234,"Cedric Salazar",2026-09-15,4,"Good",2,"None / Peaceful",12,"May kaunting financial delay pero nakiusap naman kami sa accounting."
109238475234,"Cedric Salazar",2026-09-16,4,"Good",2,"None / Peaceful",12,"Nangangailangan ng review session sa Math bago mag-midterm."
109238475234,"Cedric Salazar",2026-09-17,4,"Good",3,"Physical Health",12,"Medyo puyat kaka-review, pero nakabawi naman ng tulog."
109238475234,"Cedric Salazar",2026-09-18,3,"Okay / Neutral",2,"None / Peaceful",12,"May kaunting financial delay pero nakiusap naman kami sa accounting."
109238475234,"Cedric Salazar",2026-09-19,4,"Good",3,"Academics",12,"Medyo puyat kaka-review, pero nakabawi naman ng tulog."
109238475235,"Karl Ocampo",2026-09-15,2,"Stressed",3,"None / Peaceful",9,"Nangangailangan ng review session sa Math bago mag-midterm."
109238475235,"Karl Ocampo",2026-09-16,2,"Stressed",3,"Sleep",9,"Medyo puyat kaka-review, pero nakabawi naman ng tulog."
109238475235,"Karl Ocampo",2026-09-17,4,"Good",3,"Physical Health",9,"Nangangailangan ng review session sa Math bago mag-midterm."
109238475235,"Karl Ocampo",2026-09-18,4,"Good",3,"Finances",9,"Medyo puyat kaka-review, pero nakabawi naman ng tulog."
109238475235,"Karl Ocampo",2026-09-19,2,"Stressed",2,"Finances",9,"Nangangailangan ng review session sa Math bago mag-midterm."
109238475236,"Samantha Nicole Alcantara",2026-09-15,4,"Good",4,"Exams / Deadlines",3,"Maganda ang score ko sa science experiment. Ready for tomorrow!"
109238475236,"Samantha Nicole Alcantara",2026-09-16,4,"Good",4,"None / Peaceful",3,"Natapos ko lahat ng assignments on time. Peaceful weekend ahead."
109238475236,"Samantha Nicole Alcantara",2026-09-17,3,"Okay / Neutral",4,"Exams / Deadlines",3,"Feeling energized after PE class. Focused on my study goals."
109238475236,"Samantha Nicole Alcantara",2026-09-18,4,"Good",4,"None / Peaceful",3,"Natapos ko lahat ng assignments on time. Peaceful weekend ahead."
109238475236,"Samantha Nicole Alcantara",2026-09-19,3,"Okay / Neutral",4,"None / Peaceful",3,"Masaya ang homeroom activity kanina kasama ang advisory class!"
109238475237,"Sofia Manalo",2026-09-15,5,"Energized",4,"None / Peaceful",10,"Natapos ko lahat ng assignments on time. Peaceful weekend ahead."
109238475237,"Sofia Manalo",2026-09-16,4,"Good",4,"None / Peaceful",10,"Natapos ko lahat ng assignments on time. Peaceful weekend ahead."
109238475237,"Sofia Manalo",2026-09-17,4,"Good",4,"None / Peaceful",10,"Maganda ang score ko sa science experiment. Ready for tomorrow!"
109238475237,"Sofia Manalo",2026-09-18,5,"Energized",4,"Exams / Deadlines",10,"Feeling energized after PE class. Focused on my study goals."
109238475237,"Sofia Manalo",2026-09-19,4,"Good",4,"None / Peaceful",10,"Natapos ko lahat ng assignments on time. Peaceful weekend ahead."
109238475238,"Lance Dela Cruz",2026-09-15,4,"Good",2,"Sleep",12,"Nangangailangan ng review session sa Math bago mag-midterm."
109238475238,"Lance Dela Cruz",2026-09-16,3,"Okay / Neutral",3,"Physical Health",12,"Nangangailangan ng review session sa Math bago mag-midterm."
109238475238,"Lance Dela Cruz",2026-09-17,2,"Stressed",2,"Family",12,"Nangangailangan ng review session sa Math bago mag-midterm."
109238475238,"Lance Dela Cruz",2026-09-18,4,"Good",2,"None / Peaceful",12,"Medyo busy dahil sa papalapit na group presentation pero kakayanin."
109238475238,"Lance Dela Cruz",2026-09-19,4,"Good",2,"None / Peaceful",12,"Nangangailangan ng review session sa Math bago mag-midterm."
109238475239,"Ethan Reyes",2026-09-15,3,"Okay / Neutral",5,"None / Peaceful",7,"Maganda ang score ko sa science experiment. Ready for tomorrow!"
109238475239,"Ethan Reyes",2026-09-16,5,"Energized",4,"None / Peaceful",7,"Maganda ang score ko sa science experiment. Ready for tomorrow!"
109238475239,"Ethan Reyes",2026-09-17,4,"Good",4,"Exams / Deadlines",7,"Feeling energized after PE class. Focused on my study goals."
109238475239,"Ethan Reyes",2026-09-18,5,"Energized",5,"None / Peaceful",7,"Masaya ang homeroom activity kanina kasama ang advisory class!"
109238475239,"Ethan Reyes",2026-09-19,4,"Good",4,"None / Peaceful",7,"Natapos ko lahat ng assignments on time. Peaceful weekend ahead."
109238475240,"Erika Castillo",2026-09-15,4,"Good",4,"Exams / Deadlines",4,"Maganda ang score ko sa science experiment. Ready for tomorrow!"
109238475240,"Erika Castillo",2026-09-16,4,"Good",4,"None / Peaceful",4,"Feeling energized after PE class. Focused on my study goals."
109238475240,"Erika Castillo",2026-09-17,5,"Energized",4,"None / Peaceful",4,"Natapos ko lahat ng assignments on time. Peaceful weekend ahead."
109238475240,"Erika Castillo",2026-09-18,5,"Energized",4,"None / Peaceful",4,"Feeling energized after PE class. Focused on my study goals."
109238475240,"Erika Castillo",2026-09-19,4,"Good",4,"None / Peaceful",4,"Masaya ang homeroom activity kanina kasama ang advisory class!"
109238475241,"Kristine Ocampo",2026-09-15,4,"Good",2,"Finances",13,"May kaunting financial delay pero nakiusap naman kami sa accounting."
109238475241,"Kristine Ocampo",2026-09-16,4,"Good",3,"Finances",13,"Medyo busy dahil sa papalapit na group presentation pero kakayanin."
109238475241,"Kristine Ocampo",2026-09-17,3,"Okay / Neutral",3,"Academics",13,"Nangangailangan ng review session sa Math bago mag-midterm."
109238475241,"Kristine Ocampo",2026-09-18,2,"Stressed",2,"Sleep",13,"Medyo puyat kaka-review, pero nakabawi naman ng tulog."
109238475241,"Kristine Ocampo",2026-09-19,3,"Okay / Neutral",2,"Exams / Deadlines",13,"Nangangailangan ng review session sa Math bago mag-midterm."
109238475242,"Erika Ocampo",2026-09-15,2,"Stressed",2,"Exams / Deadlines",6,"Daming sabay-sabay na project submission, pagod na po ang katawan at isip ko."
109238475242,"Erika Ocampo",2026-09-16,2,"Stressed",2,"Exams / Deadlines",6,"Daming sabay-sabay na project submission, pagod na po ang katawan at isip ko."
109238475242,"Erika Ocampo",2026-09-17,3,"Okay / Neutral",2,"Family",6,"Sobrang nahihirapan na po ako sa Chemistry at Pre-Cal. Hindi na po ako makatulog sa gabi."
109238475242,"Erika Ocampo",2026-09-18,2,"Stressed",1,"Academics",6,"Walang katuwang sa bahay, ako nag-aalaga sa mga kapatid ko habang nag-aaral."
109238475242,"Erika Ocampo",2026-09-19,2,"Stressed",2,"Academics",6,"Bagsak ako sa quarterly quiz, kinakabahan ako sabihin kay nanay."
109238475243,"Patricia Manalo",2026-09-15,4,"Good",4,"None / Peaceful",10,"Masaya ang homeroom activity kanina kasama ang advisory class!"
109238475243,"Patricia Manalo",2026-09-16,5,"Energized",4,"None / Peaceful",10,"Feeling energized after PE class. Focused on my study goals."
109238475243,"Patricia Manalo",2026-09-17,5,"Energized",5,"None / Peaceful",10,"Masaya ang homeroom activity kanina kasama ang advisory class!"
109238475243,"Patricia Manalo",2026-09-18,3,"Okay / Neutral",4,"None / Peaceful",10,"Natapos ko lahat ng assignments on time. Peaceful weekend ahead."
109238475243,"Patricia Manalo",2026-09-19,5,"Energized",5,"None / Peaceful",10,"Natapos ko lahat ng assignments on time. Peaceful weekend ahead."
109238475244,"Rochelle Aquino",2026-09-15,4,"Good",3,"Exams / Deadlines",11,"May kaunting financial delay pero nakiusap naman kami sa accounting."
109238475244,"Rochelle Aquino",2026-09-16,2,"Stressed",3,"Physical Health",11,"May kaunting financial delay pero nakiusap naman kami sa accounting."
109238475244,"Rochelle Aquino",2026-09-17,2,"Stressed",3,"Family",11,"Nangangailangan ng review session sa Math bago mag-midterm."
109238475244,"Rochelle Aquino",2026-09-18,4,"Good",2,"Academics",11,"May kaunting financial delay pero nakiusap naman kami sa accounting."
109238475244,"Rochelle Aquino",2026-09-19,2,"Stressed",3,"Sleep",11,"May kaunting financial delay pero nakiusap naman kami sa accounting."
109238475245,"Lucas Padilla",2026-09-15,5,"Energized",4,"None / Peaceful",7,"Natapos ko lahat ng assignments on time. Peaceful weekend ahead."
109238475245,"Lucas Padilla",2026-09-16,4,"Good",4,"Exams / Deadlines",7,"Feeling energized after PE class. Focused on my study goals."
109238475245,"Lucas Padilla",2026-09-17,4,"Good",4,"None / Peaceful",7,"Maganda ang score ko sa science experiment. Ready for tomorrow!"
109238475245,"Lucas Padilla",2026-09-18,5,"Energized",4,"Exams / Deadlines",7,"Masaya ang homeroom activity kanina kasama ang advisory class!"
109238475245,"Lucas Padilla",2026-09-19,5,"Energized",4,"Exams / Deadlines",7,"Natapos ko lahat ng assignments on time. Peaceful weekend ahead."
109238475246,"Alyssa Aquino",2026-09-15,5,"Energized",5,"None / Peaceful",9,"Masaya ang homeroom activity kanina kasama ang advisory class!"
109238475246,"Alyssa Aquino",2026-09-16,5,"Energized",4,"None / Peaceful",9,"Maganda ang score ko sa science experiment. Ready for tomorrow!"
109238475246,"Alyssa Aquino",2026-09-17,3,"Okay / Neutral",4,"None / Peaceful",9,"Natapos ko lahat ng assignments on time. Peaceful weekend ahead."
109238475246,"Alyssa Aquino",2026-09-18,4,"Good",5,"Exams / Deadlines",9,"Masaya ang homeroom activity kanina kasama ang advisory class!"
109238475246,"Alyssa Aquino",2026-09-19,3,"Okay / Neutral",5,"None / Peaceful",9,"Feeling energized after PE class. Focused on my study goals."
109238475247,"Nicole Mendoza",2026-09-15,3,"Okay / Neutral",4,"None / Peaceful",4,"Natapos ko lahat ng assignments on time. Peaceful weekend ahead."
109238475247,"Nicole Mendoza",2026-09-16,4,"Good",5,"Exams / Deadlines",4,"Masaya ang homeroom activity kanina kasama ang advisory class!"
109238475247,"Nicole Mendoza",2026-09-17,5,"Energized",5,"Exams / Deadlines",4,"Natapos ko lahat ng assignments on time. Peaceful weekend ahead."
109238475247,"Nicole Mendoza",2026-09-18,5,"Energized",4,"None / Peaceful",4,"Feeling energized after PE class. Focused on my study goals."
109238475247,"Nicole Mendoza",2026-09-19,3,"Okay / Neutral",4,"None / Peaceful",4,"Maganda ang score ko sa science experiment. Ready for tomorrow!"
109238475248,"Angelica Santiago",2026-09-15,5,"Energized",4,"None / Peaceful",5,"Natapos ko lahat ng assignments on time. Peaceful weekend ahead."
109238475248,"Angelica Santiago",2026-09-16,3,"Okay / Neutral",4,"None / Peaceful",5,"Feeling energized after PE class. Focused on my study goals."
109238475248,"Angelica Santiago",2026-09-17,3,"Okay / Neutral",5,"Exams / Deadlines",5,"Feeling energized after PE class. Focused on my study goals."
109238475248,"Angelica Santiago",2026-09-18,4,"Good",4,"None / Peaceful",5,"Masaya ang homeroom activity kanina kasama ang advisory class!"
109238475248,"Angelica Santiago",2026-09-19,4,"Good",4,"None / Peaceful",5,"Feeling energized after PE class. Focused on my study goals."
109238475249,"Erika Villanueva",2026-09-15,2,"Stressed",2,"Physical Health",6,"May kaunting financial delay pero nakiusap naman kami sa accounting."
109238475249,"Erika Villanueva",2026-09-16,3,"Okay / Neutral",2,"Exams / Deadlines",6,"Medyo puyat kaka-review, pero nakabawi naman ng tulog."
109238475249,"Erika Villanueva",2026-09-17,3,"Okay / Neutral",2,"None / Peaceful",6,"May kaunting financial delay pero nakiusap naman kami sa accounting."
109238475249,"Erika Villanueva",2026-09-18,3,"Okay / Neutral",3,"Physical Health",6,"Medyo puyat kaka-review, pero nakabawi naman ng tulog."
109238475249,"Erika Villanueva",2026-09-19,4,"Good",2,"Academics",6,"Medyo puyat kaka-review, pero nakabawi naman ng tulog."
109238475250,"Hannah Reyes",2026-09-15,2,"Stressed",3,"Finances",13,"May kaunting financial delay pero nakiusap naman kami sa accounting."
109238475250,"Hannah Reyes",2026-09-16,2,"Stressed",3,"Family",13,"Medyo puyat kaka-review, pero nakabawi naman ng tulog."
109238475250,"Hannah Reyes",2026-09-17,4,"Good",3,"Academics",13,"Nangangailangan ng review session sa Math bago mag-midterm."
109238475250,"Hannah Reyes",2026-09-18,3,"Okay / Neutral",2,"None / Peaceful",13,"May kaunting financial delay pero nakiusap naman kami sa accounting."
109238475250,"Hannah Reyes",2026-09-19,4,"Good",2,"Academics",13,"Medyo puyat kaka-review, pero nakabawi naman ng tulog."
109238475251,"Justin Villanueva",2026-09-15,3,"Okay / Neutral",4,"None / Peaceful",10,"Natapos ko lahat ng assignments on time. Peaceful weekend ahead."
109238475251,"Justin Villanueva",2026-09-16,4,"Good",4,"Exams / Deadlines",10,"Feeling energized after PE class. Focused on my study goals."
109238475251,"Justin Villanueva",2026-09-17,5,"Energized",4,"Exams / Deadlines",10,"Feeling energized after PE class. Focused on my study goals."
109238475251,"Justin Villanueva",2026-09-18,5,"Energized",4,"None / Peaceful",10,"Natapos ko lahat ng assignments on time. Peaceful weekend ahead."
109238475251,"Justin Villanueva",2026-09-19,4,"Good",4,"None / Peaceful",10,"Natapos ko lahat ng assignments on time. Peaceful weekend ahead."
109238475252,"Patricia Tan",2026-09-15,4,"Good",4,"None / Peaceful",3,"Feeling energized after PE class. Focused on my study goals."
109238475252,"Patricia Tan",2026-09-16,3,"Okay / Neutral",4,"None / Peaceful",3,"Natapos ko lahat ng assignments on time. Peaceful weekend ahead."
109238475252,"Patricia Tan",2026-09-17,5,"Energized",4,"None / Peaceful",3,"Natapos ko lahat ng assignments on time. Peaceful weekend ahead."
109238475252,"Patricia Tan",2026-09-18,4,"Good",4,"None / Peaceful",3,"Masaya ang homeroom activity kanina kasama ang advisory class!"
109238475252,"Patricia Tan",2026-09-19,3,"Okay / Neutral",4,"None / Peaceful",3,"Feeling energized after PE class. Focused on my study goals."
109238475253,"Camille De Leon",2026-09-15,5,"Energized",4,"None / Peaceful",4,"Feeling energized after PE class. Focused on my study goals."
109238475253,"Camille De Leon",2026-09-16,4,"Good",4,"Exams / Deadlines",4,"Maganda ang score ko sa science experiment. Ready for tomorrow!"
109238475253,"Camille De Leon",2026-09-17,4,"Good",4,"Exams / Deadlines",4,"Masaya ang homeroom activity kanina kasama ang advisory class!"
109238475253,"Camille De Leon",2026-09-18,5,"Energized",4,"None / Peaceful",4,"Maganda ang score ko sa science experiment. Ready for tomorrow!"
109238475253,"Camille De Leon",2026-09-19,4,"Good",4,"Exams / Deadlines",4,"Feeling energized after PE class. Focused on my study goals."
109238475254,"Princess Mae Lim",2026-09-15,5,"Energized",4,"None / Peaceful",6,"Feeling energized after PE class. Focused on my study goals."
109238475254,"Princess Mae Lim",2026-09-16,3,"Okay / Neutral",4,"None / Peaceful",6,"Maganda ang score ko sa science experiment. Ready for tomorrow!"
109238475254,"Princess Mae Lim",2026-09-17,4,"Good",4,"None / Peaceful",6,"Feeling energized after PE class. Focused on my study goals."
109238475254,"Princess Mae Lim",2026-09-18,5,"Energized",5,"None / Peaceful",6,"Feeling energized after PE class. Focused on my study goals."
109238475254,"Princess Mae Lim",2026-09-19,5,"Energized",5,"None / Peaceful",6,"Feeling energized after PE class. Focused on my study goals."
109238475255,"Bea Patricia Aquino",2026-09-15,4,"Good",4,"None / Peaceful",7,"Feeling energized after PE class. Focused on my study goals."
109238475255,"Bea Patricia Aquino",2026-09-16,5,"Energized",4,"None / Peaceful",7,"Masaya ang homeroom activity kanina kasama ang advisory class!"
109238475255,"Bea Patricia Aquino",2026-09-17,4,"Good",4,"None / Peaceful",7,"Feeling energized after PE class. Focused on my study goals."
109238475255,"Bea Patricia Aquino",2026-09-18,4,"Good",5,"Exams / Deadlines",7,"Feeling energized after PE class. Focused on my study goals."
109238475255,"Bea Patricia Aquino",2026-09-19,5,"Energized",5,"Exams / Deadlines",7,"Feeling energized after PE class. Focused on my study goals."
109238475256,"Matthew Garcia",2026-09-15,4,"Good",5,"None / Peaceful",6,"Masaya ang homeroom activity kanina kasama ang advisory class!"
109238475256,"Matthew Garcia",2026-09-16,5,"Energized",5,"Exams / Deadlines",6,"Feeling energized after PE class. Focused on my study goals."
109238475256,"Matthew Garcia",2026-09-17,5,"Energized",4,"Exams / Deadlines",6,"Maganda ang score ko sa science experiment. Ready for tomorrow!"
109238475256,"Matthew Garcia",2026-09-18,3,"Okay / Neutral",5,"None / Peaceful",6,"Natapos ko lahat ng assignments on time. Peaceful weekend ahead."
109238475256,"Matthew Garcia",2026-09-19,5,"Energized",5,"None / Peaceful",6,"Natapos ko lahat ng assignments on time. Peaceful weekend ahead."
109238475257,"Ethan Soriano",2026-09-15,2,"Stressed",2,"Exams / Deadlines",8,"Nag-aalala ako sa matrikula at baka hindi ako maka-exam sa finals."
109238475257,"Ethan Soriano",2026-09-16,2,"Stressed",2,"Family",8,"Nag-aalala ako sa matrikula at baka hindi ako maka-exam sa finals."
109238475257,"Ethan Soriano",2026-09-17,3,"Okay / Neutral",2,"Academics",8,"Bagsak ako sa quarterly quiz, kinakabahan ako sabihin kay nanay."
109238475257,"Ethan Soriano",2026-09-18,3,"Okay / Neutral",2,"Exams / Deadlines",8,"Sobrang nahihirapan na po ako sa Chemistry at Pre-Cal. Hindi na po ako makatulog sa gabi."
109238475257,"Ethan Soriano",2026-09-19,3,"Okay / Neutral",2,"Exams / Deadlines",8,"Sobrang nahihirapan na po ako sa Chemistry at Pre-Cal. Hindi na po ako makatulog sa gabi."
109238475258,"Mariel Navarro",2026-09-15,5,"Energized",5,"Exams / Deadlines",3,"Feeling energized after PE class. Focused on my study goals."
109238475258,"Mariel Navarro",2026-09-16,5,"Energized",4,"None / Peaceful",3,"Feeling energized after PE class. Focused on my study goals."
109238475258,"Mariel Navarro",2026-09-17,4,"Good",5,"None / Peaceful",3,"Masaya ang homeroom activity kanina kasama ang advisory class!"
109238475258,"Mariel Navarro",2026-09-18,4,"Good",4,"Exams / Deadlines",3,"Feeling energized after PE class. Focused on my study goals."
109238475258,"Mariel Navarro",2026-09-19,3,"Okay / Neutral",5,"None / Peaceful",3,"Maganda ang score ko sa science experiment. Ready for tomorrow!"
109238475259,"Lance Flores",2026-09-15,5,"Energized",4,"Exams / Deadlines",14,"Natapos ko lahat ng assignments on time. Peaceful weekend ahead."
109238475259,"Lance Flores",2026-09-16,5,"Energized",4,"Exams / Deadlines",14,"Masaya ang homeroom activity kanina kasama ang advisory class!"
109238475259,"Lance Flores",2026-09-17,3,"Okay / Neutral",4,"Exams / Deadlines",14,"Natapos ko lahat ng assignments on time. Peaceful weekend ahead."
109238475259,"Lance Flores",2026-09-18,4,"Good",5,"Exams / Deadlines",14,"Masaya ang homeroom activity kanina kasama ang advisory class!"
109238475259,"Lance Flores",2026-09-19,4,"Good",4,"None / Peaceful",14,"Maganda ang score ko sa science experiment. Ready for tomorrow!"
109238475260,"Sofia Lim",2026-09-15,4,"Good",4,"Exams / Deadlines",7,"Feeling energized after PE class. Focused on my study goals."
109238475260,"Sofia Lim",2026-09-16,5,"Energized",4,"Exams / Deadlines",7,"Natapos ko lahat ng assignments on time. Peaceful weekend ahead."
109238475260,"Sofia Lim",2026-09-17,3,"Okay / Neutral",4,"None / Peaceful",7,"Natapos ko lahat ng assignments on time. Peaceful weekend ahead."
109238475260,"Sofia Lim",2026-09-18,5,"Energized",5,"None / Peaceful",7,"Feeling energized after PE class. Focused on my study goals."
109238475260,"Sofia Lim",2026-09-19,4,"Good",5,"Exams / Deadlines",7,"Natapos ko lahat ng assignments on time. Peaceful weekend ahead."
109238475261,"Danielle Villanueva",2026-09-15,5,"Energized",4,"Exams / Deadlines",12,"Natapos ko lahat ng assignments on time. Peaceful weekend ahead."
109238475261,"Danielle Villanueva",2026-09-16,4,"Good",5,"Exams / Deadlines",12,"Natapos ko lahat ng assignments on time. Peaceful weekend ahead."
109238475261,"Danielle Villanueva",2026-09-17,3,"Okay / Neutral",5,"None / Peaceful",12,"Feeling energized after PE class. Focused on my study goals."
109238475261,"Danielle Villanueva",2026-09-18,4,"Good",4,"None / Peaceful",12,"Natapos ko lahat ng assignments on time. Peaceful weekend ahead."
109238475261,"Danielle Villanueva",2026-09-19,3,"Okay / Neutral",4,"None / Peaceful",12,"Maganda ang score ko sa science experiment. Ready for tomorrow!"
109238475262,"Kathleen Bautista",2026-09-15,3,"Okay / Neutral",3,"Academics",5,"Medyo puyat kaka-review, pero nakabawi naman ng tulog."
109238475262,"Kathleen Bautista",2026-09-16,2,"Stressed",2,"Exams / Deadlines",5,"May kaunting financial delay pero nakiusap naman kami sa accounting."
109238475262,"Kathleen Bautista",2026-09-17,2,"Stressed",2,"Academics",5,"May kaunting financial delay pero nakiusap naman kami sa accounting."
109238475262,"Kathleen Bautista",2026-09-18,4,"Good",2,"Finances",5,"Nangangailangan ng review session sa Math bago mag-midterm."
109238475262,"Kathleen Bautista",2026-09-19,2,"Stressed",3,"None / Peaceful",5,"Medyo puyat kaka-review, pero nakabawi naman ng tulog."
109238475263,"Paolo Villanueva",2026-09-15,5,"Energized",4,"Exams / Deadlines",3,"Feeling energized after PE class. Focused on my study goals."
109238475263,"Paolo Villanueva",2026-09-16,4,"Good",4,"None / Peaceful",3,"Natapos ko lahat ng assignments on time. Peaceful weekend ahead."
109238475263,"Paolo Villanueva",2026-09-17,4,"Good",4,"None / Peaceful",3,"Masaya ang homeroom activity kanina kasama ang advisory class!"
109238475263,"Paolo Villanueva",2026-09-18,4,"Good",5,"Exams / Deadlines",3,"Maganda ang score ko sa science experiment. Ready for tomorrow!"
109238475263,"Paolo Villanueva",2026-09-19,5,"Energized",5,"None / Peaceful",3,"Natapos ko lahat ng assignments on time. Peaceful weekend ahead."
109238475264,"Kristine Tan",2026-09-15,4,"Good",4,"None / Peaceful",7,"Feeling energized after PE class. Focused on my study goals."
109238475264,"Kristine Tan",2026-09-16,4,"Good",4,"Exams / Deadlines",7,"Maganda ang score ko sa science experiment. Ready for tomorrow!"
109238475264,"Kristine Tan",2026-09-17,5,"Energized",5,"None / Peaceful",7,"Feeling energized after PE class. Focused on my study goals."
109238475264,"Kristine Tan",2026-09-18,5,"Energized",4,"None / Peaceful",7,"Feeling energized after PE class. Focused on my study goals."
109238475264,"Kristine Tan",2026-09-19,4,"Good",4,"None / Peaceful",7,"Feeling energized after PE class. Focused on my study goals."
109238475265,"Nicole Domingo",2026-09-15,1,"Overwhelmed",1,"Exams / Deadlines",9,"Nag-aalala ako sa matrikula at baka hindi ako maka-exam sa finals."
109238475265,"Nicole Domingo",2026-09-16,3,"Okay / Neutral",1,"Exams / Deadlines",9,"Daming sabay-sabay na project submission, pagod na po ang katawan at isip ko."
109238475265,"Nicole Domingo",2026-09-17,1,"Overwhelmed",1,"Family",9,"Nag-aalala ako sa matrikula at baka hindi ako maka-exam sa finals."
109238475265,"Nicole Domingo",2026-09-18,2,"Stressed",1,"Finances",9,"Sobrang nahihirapan na po ako sa Chemistry at Pre-Cal. Hindi na po ako makatulog sa gabi."
109238475265,"Nicole Domingo",2026-09-19,3,"Okay / Neutral",2,"Family",9,"Daming sabay-sabay na project submission, pagod na po ang katawan at isip ko."
109238475266,"Vanessa Santos",2026-09-15,5,"Energized",4,"Exams / Deadlines",3,"Natapos ko lahat ng assignments on time. Peaceful weekend ahead."
109238475266,"Vanessa Santos",2026-09-16,5,"Energized",5,"None / Peaceful",3,"Masaya ang homeroom activity kanina kasama ang advisory class!"
109238475266,"Vanessa Santos",2026-09-17,5,"Energized",4,"None / Peaceful",3,"Maganda ang score ko sa science experiment. Ready for tomorrow!"
109238475266,"Vanessa Santos",2026-09-18,5,"Energized",5,"None / Peaceful",3,"Maganda ang score ko sa science experiment. Ready for tomorrow!"
109238475266,"Vanessa Santos",2026-09-19,4,"Good",4,"None / Peaceful",3,"Maganda ang score ko sa science experiment. Ready for tomorrow!"
109238475267,"Sean Dela Cruz",2026-09-15,5,"Energized",5,"Exams / Deadlines",13,"Natapos ko lahat ng assignments on time. Peaceful weekend ahead."
109238475267,"Sean Dela Cruz",2026-09-16,4,"Good",4,"Exams / Deadlines",13,"Feeling energized after PE class. Focused on my study goals."
109238475267,"Sean Dela Cruz",2026-09-17,4,"Good",4,"None / Peaceful",13,"Masaya ang homeroom activity kanina kasama ang advisory class!"
109238475267,"Sean Dela Cruz",2026-09-18,4,"Good",5,"None / Peaceful",13,"Masaya ang homeroom activity kanina kasama ang advisory class!"
109238475267,"Sean Dela Cruz",2026-09-19,5,"Energized",4,"None / Peaceful",13,"Maganda ang score ko sa science experiment. Ready for tomorrow!"
109238475268,"Kristine Mendoza",2026-09-15,5,"Energized",4,"None / Peaceful",14,"Masaya ang homeroom activity kanina kasama ang advisory class!"
109238475268,"Kristine Mendoza",2026-09-16,4,"Good",5,"Exams / Deadlines",14,"Feeling energized after PE class. Focused on my study goals."
109238475268,"Kristine Mendoza",2026-09-17,5,"Energized",4,"None / Peaceful",14,"Masaya ang homeroom activity kanina kasama ang advisory class!"
109238475268,"Kristine Mendoza",2026-09-18,5,"Energized",4,"None / Peaceful",14,"Masaya ang homeroom activity kanina kasama ang advisory class!"
109238475268,"Kristine Mendoza",2026-09-19,4,"Good",5,"Exams / Deadlines",14,"Natapos ko lahat ng assignments on time. Peaceful weekend ahead."
109238475269,"Vincent Corpuz",2026-09-15,3,"Okay / Neutral",5,"None / Peaceful",10,"Feeling energized after PE class. Focused on my study goals."
109238475269,"Vincent Corpuz",2026-09-16,3,"Okay / Neutral",4,"None / Peaceful",10,"Maganda ang score ko sa science experiment. Ready for tomorrow!"
109238475269,"Vincent Corpuz",2026-09-17,5,"Energized",5,"None / Peaceful",10,"Natapos ko lahat ng assignments on time. Peaceful weekend ahead."
109238475269,"Vincent Corpuz",2026-09-18,4,"Good",5,"None / Peaceful",10,"Natapos ko lahat ng assignments on time. Peaceful weekend ahead."
109238475269,"Vincent Corpuz",2026-09-19,4,"Good",4,"None / Peaceful",10,"Natapos ko lahat ng assignments on time. Peaceful weekend ahead."
109238475270,"Nicole Flores",2026-09-15,4,"Good",4,"Exams / Deadlines",6,"Natapos ko lahat ng assignments on time. Peaceful weekend ahead."
109238475270,"Nicole Flores",2026-09-16,4,"Good",4,"Exams / Deadlines",6,"Feeling energized after PE class. Focused on my study goals."
109238475270,"Nicole Flores",2026-09-17,5,"Energized",4,"Exams / Deadlines",6,"Masaya ang homeroom activity kanina kasama ang advisory class!"
109238475270,"Nicole Flores",2026-09-18,4,"Good",4,"Exams / Deadlines",6,"Masaya ang homeroom activity kanina kasama ang advisory class!"
109238475270,"Nicole Flores",2026-09-19,5,"Energized",4,"None / Peaceful",6,"Masaya ang homeroom activity kanina kasama ang advisory class!"
109238475271,"Matthew Soriano",2026-09-15,3,"Okay / Neutral",4,"None / Peaceful",8,"Masaya ang homeroom activity kanina kasama ang advisory class!"
109238475271,"Matthew Soriano",2026-09-16,5,"Energized",4,"None / Peaceful",8,"Maganda ang score ko sa science experiment. Ready for tomorrow!"
109238475271,"Matthew Soriano",2026-09-17,4,"Good",5,"Exams / Deadlines",8,"Natapos ko lahat ng assignments on time. Peaceful weekend ahead."
109238475271,"Matthew Soriano",2026-09-18,5,"Energized",4,"None / Peaceful",8,"Natapos ko lahat ng assignments on time. Peaceful weekend ahead."
109238475271,"Matthew Soriano",2026-09-19,5,"Energized",4,"Exams / Deadlines",8,"Masaya ang homeroom activity kanina kasama ang advisory class!"
109238475272,"Miguel Padilla",2026-09-15,2,"Stressed",2,"Academics",12,"Medyo busy dahil sa papalapit na group presentation pero kakayanin."
109238475272,"Miguel Padilla",2026-09-16,2,"Stressed",3,"None / Peaceful",12,"May kaunting financial delay pero nakiusap naman kami sa accounting."
109238475272,"Miguel Padilla",2026-09-17,4,"Good",3,"Academics",12,"Medyo busy dahil sa papalapit na group presentation pero kakayanin."
109238475272,"Miguel Padilla",2026-09-18,4,"Good",3,"Sleep",12,"Medyo busy dahil sa papalapit na group presentation pero kakayanin."
109238475272,"Miguel Padilla",2026-09-19,4,"Good",2,"Exams / Deadlines",12,"Medyo puyat kaka-review, pero nakabawi naman ng tulog."
109238475273,"Rochelle Flores",2026-09-15,5,"Energized",4,"None / Peaceful",8,"Masaya ang homeroom activity kanina kasama ang advisory class!"
109238475273,"Rochelle Flores",2026-09-16,5,"Energized",5,"None / Peaceful",8,"Feeling energized after PE class. Focused on my study goals."
109238475273,"Rochelle Flores",2026-09-17,3,"Okay / Neutral",4,"None / Peaceful",8,"Feeling energized after PE class. Focused on my study goals."
109238475273,"Rochelle Flores",2026-09-18,5,"Energized",4,"None / Peaceful",8,"Natapos ko lahat ng assignments on time. Peaceful weekend ahead."
109238475273,"Rochelle Flores",2026-09-19,4,"Good",4,"None / Peaceful",8,"Feeling energized after PE class. Focused on my study goals."
109238475274,"Angelica Tan",2026-09-15,3,"Okay / Neutral",5,"None / Peaceful",4,"Natapos ko lahat ng assignments on time. Peaceful weekend ahead."
109238475274,"Angelica Tan",2026-09-16,5,"Energized",4,"None / Peaceful",4,"Masaya ang homeroom activity kanina kasama ang advisory class!"
109238475274,"Angelica Tan",2026-09-17,5,"Energized",4,"Exams / Deadlines",4,"Feeling energized after PE class. Focused on my study goals."
109238475274,"Angelica Tan",2026-09-18,5,"Energized",4,"None / Peaceful",4,"Natapos ko lahat ng assignments on time. Peaceful weekend ahead."
109238475274,"Angelica Tan",2026-09-19,4,"Good",4,"Exams / Deadlines",4,"Natapos ko lahat ng assignments on time. Peaceful weekend ahead."
109238475275,"Nathan Castillo",2026-09-15,4,"Good",4,"None / Peaceful",8,"Feeling energized after PE class. Focused on my study goals."
109238475275,"Nathan Castillo",2026-09-16,3,"Okay / Neutral",4,"None / Peaceful",8,"Maganda ang score ko sa science experiment. Ready for tomorrow!"
109238475275,"Nathan Castillo",2026-09-17,5,"Energized",4,"Exams / Deadlines",8,"Maganda ang score ko sa science experiment. Ready for tomorrow!"
109238475275,"Nathan Castillo",2026-09-18,3,"Okay / Neutral",4,"Exams / Deadlines",8,"Masaya ang homeroom activity kanina kasama ang advisory class!"
109238475275,"Nathan Castillo",2026-09-19,3,"Okay / Neutral",4,"None / Peaceful",8,"Maganda ang score ko sa science experiment. Ready for tomorrow!"
109238475276,"Miguel Valdez",2026-09-15,2,"Stressed",2,"Exams / Deadlines",13,"Nag-aalala ako sa matrikula at baka hindi ako maka-exam sa finals."
109238475276,"Miguel Valdez",2026-09-16,1,"Overwhelmed",2,"Finances",13,"Bagsak ako sa quarterly quiz, kinakabahan ako sabihin kay nanay."
109238475276,"Miguel Valdez",2026-09-17,1,"Overwhelmed",1,"Finances",13,"Daming sabay-sabay na project submission, pagod na po ang katawan at isip ko."
109238475276,"Miguel Valdez",2026-09-18,3,"Okay / Neutral",2,"Finances",13,"Sobrang nahihirapan na po ako sa Chemistry at Pre-Cal. Hindi na po ako makatulog sa gabi."
109238475276,"Miguel Valdez",2026-09-19,1,"Overwhelmed",1,"Finances",13,"Daming sabay-sabay na project submission, pagod na po ang katawan at isip ko."
109238475277,"Mark Kenneth Navarro",2026-09-15,3,"Okay / Neutral",3,"Sleep",11,"Medyo puyat kaka-review, pero nakabawi naman ng tulog."
109238475277,"Mark Kenneth Navarro",2026-09-16,2,"Stressed",2,"Sleep",11,"Medyo busy dahil sa papalapit na group presentation pero kakayanin."
109238475277,"Mark Kenneth Navarro",2026-09-17,4,"Good",3,"Finances",11,"Nangangailangan ng review session sa Math bago mag-midterm."
109238475277,"Mark Kenneth Navarro",2026-09-18,4,"Good",2,"Physical Health",11,"May kaunting financial delay pero nakiusap naman kami sa accounting."
109238475277,"Mark Kenneth Navarro",2026-09-19,3,"Okay / Neutral",2,"Sleep",11,"Nangangailangan ng review session sa Math bago mag-midterm."
109238475278,"Bianca Padilla",2026-09-15,1,"Overwhelmed",1,"Academics",14,"Daming sabay-sabay na project submission, pagod na po ang katawan at isip ko."
109238475278,"Bianca Padilla",2026-09-16,2,"Stressed",1,"Academics",14,"Daming sabay-sabay na project submission, pagod na po ang katawan at isip ko."
109238475278,"Bianca Padilla",2026-09-17,2,"Stressed",1,"Exams / Deadlines",14,"Daming sabay-sabay na project submission, pagod na po ang katawan at isip ko."
109238475278,"Bianca Padilla",2026-09-18,2,"Stressed",1,"Academics",14,"Sobrang nahihirapan na po ako sa Chemistry at Pre-Cal. Hindi na po ako makatulog sa gabi."
109238475278,"Bianca Padilla",2026-09-19,3,"Okay / Neutral",2,"Family",14,"Walang katuwang sa bahay, ako nag-aalaga sa mga kapatid ko habang nag-aaral."
109238475279,"Sean Torres",2026-09-15,4,"Good",4,"Exams / Deadlines",6,"Masaya ang homeroom activity kanina kasama ang advisory class!"
109238475279,"Sean Torres",2026-09-16,4,"Good",4,"Exams / Deadlines",6,"Masaya ang homeroom activity kanina kasama ang advisory class!"
109238475279,"Sean Torres",2026-09-17,5,"Energized",4,"Exams / Deadlines",6,"Maganda ang score ko sa science experiment. Ready for tomorrow!"
109238475279,"Sean Torres",2026-09-18,5,"Energized",4,"Exams / Deadlines",6,"Feeling energized after PE class. Focused on my study goals."
109238475279,"Sean Torres",2026-09-19,5,"Energized",4,"Exams / Deadlines",6,"Maganda ang score ko sa science experiment. Ready for tomorrow!"
109238475280,"Vanessa Navarro",2026-09-15,5,"Energized",5,"Exams / Deadlines",6,"Maganda ang score ko sa science experiment. Ready for tomorrow!"
109238475280,"Vanessa Navarro",2026-09-16,4,"Good",4,"Exams / Deadlines",6,"Natapos ko lahat ng assignments on time. Peaceful weekend ahead."
109238475280,"Vanessa Navarro",2026-09-17,4,"Good",5,"Exams / Deadlines",6,"Maganda ang score ko sa science experiment. Ready for tomorrow!"
109238475280,"Vanessa Navarro",2026-09-18,4,"Good",4,"None / Peaceful",6,"Masaya ang homeroom activity kanina kasama ang advisory class!"
109238475280,"Vanessa Navarro",2026-09-19,5,"Energized",5,"Exams / Deadlines",6,"Masaya ang homeroom activity kanina kasama ang advisory class!"
109238475281,"Kyle San Jose",2026-09-15,4,"Good",4,"None / Peaceful",6,"Feeling energized after PE class. Focused on my study goals."
109238475281,"Kyle San Jose",2026-09-16,4,"Good",4,"None / Peaceful",6,"Maganda ang score ko sa science experiment. Ready for tomorrow!"
109238475281,"Kyle San Jose",2026-09-17,4,"Good",4,"None / Peaceful",6,"Maganda ang score ko sa science experiment. Ready for tomorrow!"
109238475281,"Kyle San Jose",2026-09-18,4,"Good",4,"Exams / Deadlines",6,"Natapos ko lahat ng assignments on time. Peaceful weekend ahead."
109238475281,"Kyle San Jose",2026-09-19,5,"Energized",5,"None / Peaceful",6,"Maganda ang score ko sa science experiment. Ready for tomorrow!"
109238475282,"Rochelle Padilla",2026-09-15,4,"Good",2,"Finances",14,"May kaunting financial delay pero nakiusap naman kami sa accounting."
109238475282,"Rochelle Padilla",2026-09-16,4,"Good",2,"Finances",14,"Medyo puyat kaka-review, pero nakabawi naman ng tulog."
109238475282,"Rochelle Padilla",2026-09-17,3,"Okay / Neutral",2,"Exams / Deadlines",14,"Nangangailangan ng review session sa Math bago mag-midterm."
109238475282,"Rochelle Padilla",2026-09-18,3,"Okay / Neutral",3,"Physical Health",14,"Medyo busy dahil sa papalapit na group presentation pero kakayanin."
109238475282,"Rochelle Padilla",2026-09-19,4,"Good",3,"Physical Health",14,"May kaunting financial delay pero nakiusap naman kami sa accounting."
109238475283,"Samantha Nicole Tan",2026-09-15,4,"Good",5,"None / Peaceful",11,"Maganda ang score ko sa science experiment. Ready for tomorrow!"
109238475283,"Samantha Nicole Tan",2026-09-16,5,"Energized",4,"None / Peaceful",11,"Masaya ang homeroom activity kanina kasama ang advisory class!"
109238475283,"Samantha Nicole Tan",2026-09-17,5,"Energized",5,"None / Peaceful",11,"Masaya ang homeroom activity kanina kasama ang advisory class!"
109238475283,"Samantha Nicole Tan",2026-09-18,5,"Energized",4,"Exams / Deadlines",11,"Natapos ko lahat ng assignments on time. Peaceful weekend ahead."
109238475283,"Samantha Nicole Tan",2026-09-19,5,"Energized",4,"Exams / Deadlines",11,"Feeling energized after PE class. Focused on my study goals."
109238475284,"Princess Mae Padilla",2026-09-15,4,"Good",3,"Academics",5,"Medyo puyat kaka-review, pero nakabawi naman ng tulog."
109238475284,"Princess Mae Padilla",2026-09-16,3,"Okay / Neutral",3,"Family",5,"Medyo puyat kaka-review, pero nakabawi naman ng tulog."
109238475284,"Princess Mae Padilla",2026-09-17,3,"Okay / Neutral",3,"Sleep",5,"Medyo busy dahil sa papalapit na group presentation pero kakayanin."
109238475284,"Princess Mae Padilla",2026-09-18,4,"Good",3,"Family",5,"May kaunting financial delay pero nakiusap naman kami sa accounting."
109238475284,"Princess Mae Padilla",2026-09-19,2,"Stressed",2,"None / Peaceful",5,"May kaunting financial delay pero nakiusap naman kami sa accounting."
109238475285,"Samantha Nicole Ocampo",2026-09-15,5,"Energized",4,"None / Peaceful",3,"Natapos ko lahat ng assignments on time. Peaceful weekend ahead."
109238475285,"Samantha Nicole Ocampo",2026-09-16,4,"Good",4,"None / Peaceful",3,"Feeling energized after PE class. Focused on my study goals."
109238475285,"Samantha Nicole Ocampo",2026-09-17,5,"Energized",5,"None / Peaceful",3,"Maganda ang score ko sa science experiment. Ready for tomorrow!"
109238475285,"Samantha Nicole Ocampo",2026-09-18,5,"Energized",5,"None / Peaceful",3,"Natapos ko lahat ng assignments on time. Peaceful weekend ahead."
109238475285,"Samantha Nicole Ocampo",2026-09-19,4,"Good",4,"None / Peaceful",3,"Maganda ang score ko sa science experiment. Ready for tomorrow!"
109238475286,"Princess Mae Navarro",2026-09-15,2,"Stressed",2,"Finances",12,"Medyo puyat kaka-review, pero nakabawi naman ng tulog."
109238475286,"Princess Mae Navarro",2026-09-16,3,"Okay / Neutral",3,"Physical Health",12,"Nangangailangan ng review session sa Math bago mag-midterm."
109238475286,"Princess Mae Navarro",2026-09-17,3,"Okay / Neutral",2,"Physical Health",12,"Medyo puyat kaka-review, pero nakabawi naman ng tulog."
109238475286,"Princess Mae Navarro",2026-09-18,4,"Good",2,"Sleep",12,"Nangangailangan ng review session sa Math bago mag-midterm."
109238475286,"Princess Mae Navarro",2026-09-19,2,"Stressed",3,"Physical Health",12,"May kaunting financial delay pero nakiusap naman kami sa accounting."
109238475287,"Adrian Corpuz",2026-09-15,5,"Energized",5,"Exams / Deadlines",5,"Masaya ang homeroom activity kanina kasama ang advisory class!"
109238475287,"Adrian Corpuz",2026-09-16,5,"Energized",4,"None / Peaceful",5,"Maganda ang score ko sa science experiment. Ready for tomorrow!"
109238475287,"Adrian Corpuz",2026-09-17,4,"Good",4,"None / Peaceful",5,"Maganda ang score ko sa science experiment. Ready for tomorrow!"
109238475287,"Adrian Corpuz",2026-09-18,5,"Energized",4,"None / Peaceful",5,"Feeling energized after PE class. Focused on my study goals."
109238475287,"Adrian Corpuz",2026-09-19,3,"Okay / Neutral",4,"None / Peaceful",5,"Feeling energized after PE class. Focused on my study goals."
109238475288,"Denise Bautista",2026-09-15,3,"Okay / Neutral",2,"Exams / Deadlines",3,"May kaunting financial delay pero nakiusap naman kami sa accounting."
109238475288,"Denise Bautista",2026-09-16,3,"Okay / Neutral",2,"None / Peaceful",3,"Medyo puyat kaka-review, pero nakabawi naman ng tulog."
109238475288,"Denise Bautista",2026-09-17,3,"Okay / Neutral",2,"Academics",3,"May kaunting financial delay pero nakiusap naman kami sa accounting."
109238475288,"Denise Bautista",2026-09-18,3,"Okay / Neutral",3,"None / Peaceful",3,"May kaunting financial delay pero nakiusap naman kami sa accounting."
109238475288,"Denise Bautista",2026-09-19,2,"Stressed",2,"Academics",3,"May kaunting financial delay pero nakiusap naman kami sa accounting."
109238475289,"Kathleen Salazar",2026-09-15,3,"Okay / Neutral",4,"None / Peaceful",7,"Natapos ko lahat ng assignments on time. Peaceful weekend ahead."
109238475289,"Kathleen Salazar",2026-09-16,4,"Good",4,"None / Peaceful",7,"Natapos ko lahat ng assignments on time. Peaceful weekend ahead."
109238475289,"Kathleen Salazar",2026-09-17,4,"Good",4,"None / Peaceful",7,"Masaya ang homeroom activity kanina kasama ang advisory class!"
109238475289,"Kathleen Salazar",2026-09-18,3,"Okay / Neutral",4,"None / Peaceful",7,"Natapos ko lahat ng assignments on time. Peaceful weekend ahead."
109238475289,"Kathleen Salazar",2026-09-19,4,"Good",5,"None / Peaceful",7,"Feeling energized after PE class. Focused on my study goals."
109238475290,"Jasmine Bautista",2026-09-15,4,"Good",2,"None / Peaceful",4,"Medyo puyat kaka-review, pero nakabawi naman ng tulog."
109238475290,"Jasmine Bautista",2026-09-16,3,"Okay / Neutral",3,"Exams / Deadlines",4,"Nangangailangan ng review session sa Math bago mag-midterm."
109238475290,"Jasmine Bautista",2026-09-17,4,"Good",2,"Sleep",4,"Medyo busy dahil sa papalapit na group presentation pero kakayanin."
109238475290,"Jasmine Bautista",2026-09-18,2,"Stressed",2,"Academics",4,"Medyo puyat kaka-review, pero nakabawi naman ng tulog."
109238475290,"Jasmine Bautista",2026-09-19,4,"Good",3,"Academics",4,"Medyo puyat kaka-review, pero nakabawi naman ng tulog."
109238475291,"Rafael Dizon",2026-09-15,3,"Okay / Neutral",2,"Finances",7,"Daming sabay-sabay na project submission, pagod na po ang katawan at isip ko."
109238475291,"Rafael Dizon",2026-09-16,2,"Stressed",2,"Finances",7,"Daming sabay-sabay na project submission, pagod na po ang katawan at isip ko."
109238475291,"Rafael Dizon",2026-09-17,1,"Overwhelmed",2,"Finances",7,"Bagsak ako sa quarterly quiz, kinakabahan ako sabihin kay nanay."
109238475291,"Rafael Dizon",2026-09-18,3,"Okay / Neutral",1,"Academics",7,"Sobrang nahihirapan na po ako sa Chemistry at Pre-Cal. Hindi na po ako makatulog sa gabi."
109238475291,"Rafael Dizon",2026-09-19,2,"Stressed",2,"Exams / Deadlines",7,"Sobrang nahihirapan na po ako sa Chemistry at Pre-Cal. Hindi na po ako makatulog sa gabi."
109238475292,"Jerome Garcia",2026-09-15,5,"Energized",5,"Exams / Deadlines",4,"Masaya ang homeroom activity kanina kasama ang advisory class!"
109238475292,"Jerome Garcia",2026-09-16,4,"Good",4,"Exams / Deadlines",4,"Natapos ko lahat ng assignments on time. Peaceful weekend ahead."
109238475292,"Jerome Garcia",2026-09-17,4,"Good",4,"Exams / Deadlines",4,"Masaya ang homeroom activity kanina kasama ang advisory class!"
109238475292,"Jerome Garcia",2026-09-18,5,"Energized",5,"None / Peaceful",4,"Feeling energized after PE class. Focused on my study goals."
109238475292,"Jerome Garcia",2026-09-19,4,"Good",4,"None / Peaceful",4,"Masaya ang homeroom activity kanina kasama ang advisory class!"
109238475293,"Hannah Castro",2026-09-15,3,"Okay / Neutral",2,"Exams / Deadlines",8,"Bagsak ako sa quarterly quiz, kinakabahan ako sabihin kay nanay."
109238475293,"Hannah Castro",2026-09-16,2,"Stressed",1,"Exams / Deadlines",8,"Sobrang nahihirapan na po ako sa Chemistry at Pre-Cal. Hindi na po ako makatulog sa gabi."
109238475293,"Hannah Castro",2026-09-17,3,"Okay / Neutral",1,"Academics",8,"Daming sabay-sabay na project submission, pagod na po ang katawan at isip ko."
109238475293,"Hannah Castro",2026-09-18,2,"Stressed",1,"Finances",8,"Bagsak ako sa quarterly quiz, kinakabahan ako sabihin kay nanay."
109238475293,"Hannah Castro",2026-09-19,1,"Overwhelmed",1,"Exams / Deadlines",8,"Nag-aalala ako sa matrikula at baka hindi ako maka-exam sa finals."
109238475294,"Cedric Navarro",2026-09-15,4,"Good",2,"Finances",14,"Medyo puyat kaka-review, pero nakabawi naman ng tulog."
109238475294,"Cedric Navarro",2026-09-16,3,"Okay / Neutral",2,"Physical Health",14,"May kaunting financial delay pero nakiusap naman kami sa accounting."
109238475294,"Cedric Navarro",2026-09-17,3,"Okay / Neutral",3,"Sleep",14,"Medyo puyat kaka-review, pero nakabawi naman ng tulog."
109238475294,"Cedric Navarro",2026-09-18,3,"Okay / Neutral",3,"Exams / Deadlines",14,"Medyo busy dahil sa papalapit na group presentation pero kakayanin."
109238475294,"Cedric Navarro",2026-09-19,3,"Okay / Neutral",2,"Physical Health",14,"Nangangailangan ng review session sa Math bago mag-midterm."
109238475295,"Rochelle San Jose",2026-09-15,4,"Good",4,"Exams / Deadlines",14,"Feeling energized after PE class. Focused on my study goals."
109238475295,"Rochelle San Jose",2026-09-16,3,"Okay / Neutral",4,"None / Peaceful",14,"Natapos ko lahat ng assignments on time. Peaceful weekend ahead."
109238475295,"Rochelle San Jose",2026-09-17,3,"Okay / Neutral",4,"None / Peaceful",14,"Feeling energized after PE class. Focused on my study goals."
109238475295,"Rochelle San Jose",2026-09-18,4,"Good",5,"Exams / Deadlines",14,"Maganda ang score ko sa science experiment. Ready for tomorrow!"
109238475295,"Rochelle San Jose",2026-09-19,4,"Good",4,"Exams / Deadlines",14,"Maganda ang score ko sa science experiment. Ready for tomorrow!"
109238475296,"Lucas De Leon",2026-09-15,5,"Energized",4,"Exams / Deadlines",3,"Natapos ko lahat ng assignments on time. Peaceful weekend ahead."
109238475296,"Lucas De Leon",2026-09-16,4,"Good",4,"None / Peaceful",3,"Natapos ko lahat ng assignments on time. Peaceful weekend ahead."
109238475296,"Lucas De Leon",2026-09-17,4,"Good",4,"None / Peaceful",3,"Natapos ko lahat ng assignments on time. Peaceful weekend ahead."
109238475296,"Lucas De Leon",2026-09-18,5,"Energized",4,"None / Peaceful",3,"Masaya ang homeroom activity kanina kasama ang advisory class!"
109238475296,"Lucas De Leon",2026-09-19,5,"Energized",4,"Exams / Deadlines",3,"Natapos ko lahat ng assignments on time. Peaceful weekend ahead."
109238475297,"Kristine Padilla",2026-09-15,2,"Stressed",2,"None / Peaceful",11,"Nangangailangan ng review session sa Math bago mag-midterm."
109238475297,"Kristine Padilla",2026-09-16,3,"Okay / Neutral",2,"Family",11,"Medyo puyat kaka-review, pero nakabawi naman ng tulog."
109238475297,"Kristine Padilla",2026-09-17,4,"Good",3,"Academics",11,"Nangangailangan ng review session sa Math bago mag-midterm."
109238475297,"Kristine Padilla",2026-09-18,2,"Stressed",3,"Finances",11,"Medyo busy dahil sa papalapit na group presentation pero kakayanin."
109238475297,"Kristine Padilla",2026-09-19,4,"Good",2,"None / Peaceful",11,"May kaunting financial delay pero nakiusap naman kami sa accounting."
109238475298,"Hannah Domingo",2026-09-15,2,"Stressed",1,"Family",6,"Daming sabay-sabay na project submission, pagod na po ang katawan at isip ko."
109238475298,"Hannah Domingo",2026-09-16,2,"Stressed",1,"Academics",6,"Walang katuwang sa bahay, ako nag-aalaga sa mga kapatid ko habang nag-aaral."
109238475298,"Hannah Domingo",2026-09-17,1,"Overwhelmed",1,"Academics",6,"Nag-aalala ako sa matrikula at baka hindi ako maka-exam sa finals."
109238475298,"Hannah Domingo",2026-09-18,1,"Overwhelmed",2,"Family",6,"Walang katuwang sa bahay, ako nag-aalaga sa mga kapatid ko habang nag-aaral."
109238475298,"Hannah Domingo",2026-09-19,2,"Stressed",2,"Exams / Deadlines",6,"Bagsak ako sa quarterly quiz, kinakabahan ako sabihin kay nanay."
109238475299,"Gabriel Flores",2026-09-15,5,"Energized",4,"None / Peaceful",8,"Natapos ko lahat ng assignments on time. Peaceful weekend ahead."
109238475299,"Gabriel Flores",2026-09-16,5,"Energized",4,"Exams / Deadlines",8,"Natapos ko lahat ng assignments on time. Peaceful weekend ahead."
109238475299,"Gabriel Flores",2026-09-17,3,"Okay / Neutral",4,"Exams / Deadlines",8,"Natapos ko lahat ng assignments on time. Peaceful weekend ahead."
109238475299,"Gabriel Flores",2026-09-18,3,"Okay / Neutral",5,"None / Peaceful",8,"Feeling energized after PE class. Focused on my study goals."
109238475299,"Gabriel Flores",2026-09-19,4,"Good",5,"None / Peaceful",8,"Feeling energized after PE class. Focused on my study goals."
109238475300,"Jasmine Pascual",2026-09-15,4,"Good",4,"Exams / Deadlines",6,"Maganda ang score ko sa science experiment. Ready for tomorrow!"
109238475300,"Jasmine Pascual",2026-09-16,5,"Energized",4,"None / Peaceful",6,"Maganda ang score ko sa science experiment. Ready for tomorrow!"
109238475300,"Jasmine Pascual",2026-09-17,5,"Energized",4,"Exams / Deadlines",6,"Maganda ang score ko sa science experiment. Ready for tomorrow!"
109238475300,"Jasmine Pascual",2026-09-18,3,"Okay / Neutral",4,"None / Peaceful",6,"Maganda ang score ko sa science experiment. Ready for tomorrow!"
109238475300,"Jasmine Pascual",2026-09-19,5,"Energized",4,"None / Peaceful",6,"Natapos ko lahat ng assignments on time. Peaceful weekend ahead."
109238475301,"Nicole Torres",2026-09-15,4,"Good",5,"None / Peaceful",14,"Feeling energized after PE class. Focused on my study goals."
109238475301,"Nicole Torres",2026-09-16,3,"Okay / Neutral",5,"None / Peaceful",14,"Feeling energized after PE class. Focused on my study goals."
109238475301,"Nicole Torres",2026-09-17,3,"Okay / Neutral",4,"None / Peaceful",14,"Masaya ang homeroom activity kanina kasama ang advisory class!"
109238475301,"Nicole Torres",2026-09-18,5,"Energized",4,"Exams / Deadlines",14,"Maganda ang score ko sa science experiment. Ready for tomorrow!"
109238475301,"Nicole Torres",2026-09-19,5,"Energized",5,"Exams / Deadlines",14,"Masaya ang homeroom activity kanina kasama ang advisory class!"
109238475302,"Mariel Corpuz",2026-09-15,4,"Good",3,"Family",11,"Medyo puyat kaka-review, pero nakabawi naman ng tulog."
109238475302,"Mariel Corpuz",2026-09-16,2,"Stressed",3,"None / Peaceful",11,"May kaunting financial delay pero nakiusap naman kami sa accounting."
109238475302,"Mariel Corpuz",2026-09-17,2,"Stressed",3,"None / Peaceful",11,"Nangangailangan ng review session sa Math bago mag-midterm."
109238475302,"Mariel Corpuz",2026-09-18,4,"Good",3,"Finances",11,"Nangangailangan ng review session sa Math bago mag-midterm."
109238475302,"Mariel Corpuz",2026-09-19,4,"Good",3,"Academics",11,"Medyo puyat kaka-review, pero nakabawi naman ng tulog."
109238475303,"Joshua Pascual",2026-09-15,3,"Okay / Neutral",1,"Exams / Deadlines",13,"Daming sabay-sabay na project submission, pagod na po ang katawan at isip ko."
109238475303,"Joshua Pascual",2026-09-16,2,"Stressed",2,"Family",13,"Walang katuwang sa bahay, ako nag-aalaga sa mga kapatid ko habang nag-aaral."
109238475303,"Joshua Pascual",2026-09-17,1,"Overwhelmed",1,"Academics",13,"Nag-aalala ako sa matrikula at baka hindi ako maka-exam sa finals."
109238475303,"Joshua Pascual",2026-09-18,3,"Okay / Neutral",2,"Family",13,"Walang katuwang sa bahay, ako nag-aalaga sa mga kapatid ko habang nag-aaral."
109238475303,"Joshua Pascual",2026-09-19,2,"Stressed",2,"Academics",13,"Walang katuwang sa bahay, ako nag-aalaga sa mga kapatid ko habang nag-aaral."
109238475304,"Shaina Padilla",2026-09-15,5,"Energized",4,"None / Peaceful",5,"Natapos ko lahat ng assignments on time. Peaceful weekend ahead."
109238475304,"Shaina Padilla",2026-09-16,3,"Okay / Neutral",4,"None / Peaceful",5,"Feeling energized after PE class. Focused on my study goals."
109238475304,"Shaina Padilla",2026-09-17,5,"Energized",5,"Exams / Deadlines",5,"Maganda ang score ko sa science experiment. Ready for tomorrow!"
109238475304,"Shaina Padilla",2026-09-18,5,"Energized",4,"None / Peaceful",5,"Natapos ko lahat ng assignments on time. Peaceful weekend ahead."
109238475304,"Shaina Padilla",2026-09-19,4,"Good",5,"None / Peaceful",5,"Feeling energized after PE class. Focused on my study goals."
109238475305,"Paolo Dizon",2026-09-15,5,"Energized",5,"None / Peaceful",4,"Natapos ko lahat ng assignments on time. Peaceful weekend ahead."
109238475305,"Paolo Dizon",2026-09-16,4,"Good",4,"None / Peaceful",4,"Feeling energized after PE class. Focused on my study goals."
109238475305,"Paolo Dizon",2026-09-17,5,"Energized",5,"Exams / Deadlines",4,"Maganda ang score ko sa science experiment. Ready for tomorrow!"
109238475305,"Paolo Dizon",2026-09-18,4,"Good",5,"Exams / Deadlines",4,"Masaya ang homeroom activity kanina kasama ang advisory class!"
109238475305,"Paolo Dizon",2026-09-19,4,"Good",5,"None / Peaceful",4,"Maganda ang score ko sa science experiment. Ready for tomorrow!"
109238475306,"Althea Lim",2026-09-15,4,"Good",3,"Family",9,"Medyo puyat kaka-review, pero nakabawi naman ng tulog."
109238475306,"Althea Lim",2026-09-16,2,"Stressed",3,"Sleep",9,"May kaunting financial delay pero nakiusap naman kami sa accounting."
109238475306,"Althea Lim",2026-09-17,3,"Okay / Neutral",2,"Physical Health",9,"May kaunting financial delay pero nakiusap naman kami sa accounting."
109238475306,"Althea Lim",2026-09-18,2,"Stressed",2,"None / Peaceful",9,"Medyo busy dahil sa papalapit na group presentation pero kakayanin."
109238475306,"Althea Lim",2026-09-19,4,"Good",2,"Family",9,"Nangangailangan ng review session sa Math bago mag-midterm."
109238475307,"Kristine Mendoza",2026-09-15,5,"Energized",4,"None / Peaceful",7,"Feeling energized after PE class. Focused on my study goals."
109238475307,"Kristine Mendoza",2026-09-16,5,"Energized",4,"None / Peaceful",7,"Feeling energized after PE class. Focused on my study goals."
109238475307,"Kristine Mendoza",2026-09-17,5,"Energized",4,"None / Peaceful",7,"Feeling energized after PE class. Focused on my study goals."
109238475307,"Kristine Mendoza",2026-09-18,4,"Good",5,"Exams / Deadlines",7,"Natapos ko lahat ng assignments on time. Peaceful weekend ahead."
109238475307,"Kristine Mendoza",2026-09-19,5,"Energized",5,"None / Peaceful",7,"Maganda ang score ko sa science experiment. Ready for tomorrow!"
109238475308,"Erika Ocampo",2026-09-15,5,"Energized",4,"None / Peaceful",7,"Maganda ang score ko sa science experiment. Ready for tomorrow!"
109238475308,"Erika Ocampo",2026-09-16,5,"Energized",5,"Exams / Deadlines",7,"Natapos ko lahat ng assignments on time. Peaceful weekend ahead."
109238475308,"Erika Ocampo",2026-09-17,3,"Okay / Neutral",4,"None / Peaceful",7,"Maganda ang score ko sa science experiment. Ready for tomorrow!"
109238475308,"Erika Ocampo",2026-09-18,5,"Energized",5,"None / Peaceful",7,"Feeling energized after PE class. Focused on my study goals."
109238475308,"Erika Ocampo",2026-09-19,3,"Okay / Neutral",4,"None / Peaceful",7,"Feeling energized after PE class. Focused on my study goals."
109238475309,"Vanessa Aquino",2026-09-15,3,"Okay / Neutral",5,"Exams / Deadlines",12,"Feeling energized after PE class. Focused on my study goals."
109238475309,"Vanessa Aquino",2026-09-16,3,"Okay / Neutral",5,"None / Peaceful",12,"Masaya ang homeroom activity kanina kasama ang advisory class!"
109238475309,"Vanessa Aquino",2026-09-17,5,"Energized",4,"None / Peaceful",12,"Maganda ang score ko sa science experiment. Ready for tomorrow!"
109238475309,"Vanessa Aquino",2026-09-18,4,"Good",4,"None / Peaceful",12,"Feeling energized after PE class. Focused on my study goals."
109238475309,"Vanessa Aquino",2026-09-19,4,"Good",5,"Exams / Deadlines",12,"Natapos ko lahat ng assignments on time. Peaceful weekend ahead."
109238475310,"Joshua Dizon",2026-09-15,4,"Good",3,"Family",13,"Medyo puyat kaka-review, pero nakabawi naman ng tulog."
109238475310,"Joshua Dizon",2026-09-16,4,"Good",3,"Sleep",13,"May kaunting financial delay pero nakiusap naman kami sa accounting."
109238475310,"Joshua Dizon",2026-09-17,2,"Stressed",2,"Physical Health",13,"Medyo puyat kaka-review, pero nakabawi naman ng tulog."
109238475310,"Joshua Dizon",2026-09-18,3,"Okay / Neutral",3,"Sleep",13,"May kaunting financial delay pero nakiusap naman kami sa accounting."
109238475310,"Joshua Dizon",2026-09-19,2,"Stressed",3,"None / Peaceful",13,"Medyo puyat kaka-review, pero nakabawi naman ng tulog."
109238475311,"Daniel Tolentino",2026-09-15,4,"Good",3,"Academics",14,"Medyo busy dahil sa papalapit na group presentation pero kakayanin."
109238475311,"Daniel Tolentino",2026-09-16,2,"Stressed",2,"Physical Health",14,"Nangangailangan ng review session sa Math bago mag-midterm."
109238475311,"Daniel Tolentino",2026-09-17,3,"Okay / Neutral",3,"Family",14,"Medyo puyat kaka-review, pero nakabawi naman ng tulog."
109238475311,"Daniel Tolentino",2026-09-18,2,"Stressed",3,"Physical Health",14,"Medyo puyat kaka-review, pero nakabawi naman ng tulog."
109238475311,"Daniel Tolentino",2026-09-19,2,"Stressed",3,"Family",14,"Nangangailangan ng review session sa Math bago mag-midterm."
109238475312,"Paolo Ocampo",2026-09-15,3,"Okay / Neutral",3,"Sleep",12,"Nangangailangan ng review session sa Math bago mag-midterm."
109238475312,"Paolo Ocampo",2026-09-16,3,"Okay / Neutral",3,"Physical Health",12,"Medyo busy dahil sa papalapit na group presentation pero kakayanin."
109238475312,"Paolo Ocampo",2026-09-17,4,"Good",2,"Sleep",12,"Medyo busy dahil sa papalapit na group presentation pero kakayanin."
109238475312,"Paolo Ocampo",2026-09-18,2,"Stressed",2,"Exams / Deadlines",12,"May kaunting financial delay pero nakiusap naman kami sa accounting."
109238475312,"Paolo Ocampo",2026-09-19,2,"Stressed",3,"Academics",12,"May kaunting financial delay pero nakiusap naman kami sa accounting."
109238475313,"Bea Patricia Salazar",2026-09-15,4,"Good",3,"None / Peaceful",12,"May kaunting financial delay pero nakiusap naman kami sa accounting."
109238475313,"Bea Patricia Salazar",2026-09-16,2,"Stressed",3,"Academics",12,"May kaunting financial delay pero nakiusap naman kami sa accounting."
109238475313,"Bea Patricia Salazar",2026-09-17,3,"Okay / Neutral",3,"Academics",12,"May kaunting financial delay pero nakiusap naman kami sa accounting."
109238475313,"Bea Patricia Salazar",2026-09-18,4,"Good",3,"None / Peaceful",12,"Nangangailangan ng review session sa Math bago mag-midterm."
109238475313,"Bea Patricia Salazar",2026-09-19,2,"Stressed",2,"Academics",12,"Nangangailangan ng review session sa Math bago mag-midterm."
109238475314,"Ethan Castillo",2026-09-15,2,"Stressed",2,"Family",13,"Sobrang nahihirapan na po ako sa Chemistry at Pre-Cal. Hindi na po ako makatulog sa gabi."
109238475314,"Ethan Castillo",2026-09-16,2,"Stressed",1,"Family",13,"Nag-aalala ako sa matrikula at baka hindi ako maka-exam sa finals."
109238475314,"Ethan Castillo",2026-09-17,3,"Okay / Neutral",2,"Academics",13,"Daming sabay-sabay na project submission, pagod na po ang katawan at isip ko."
109238475314,"Ethan Castillo",2026-09-18,2,"Stressed",2,"Finances",13,"Sobrang nahihirapan na po ako sa Chemistry at Pre-Cal. Hindi na po ako makatulog sa gabi."
109238475314,"Ethan Castillo",2026-09-19,2,"Stressed",1,"Academics",13,"Walang katuwang sa bahay, ako nag-aalaga sa mga kapatid ko habang nag-aaral."
109238475315,"Alyssa Alcantara",2026-09-15,5,"Energized",4,"None / Peaceful",14,"Natapos ko lahat ng assignments on time. Peaceful weekend ahead."
109238475315,"Alyssa Alcantara",2026-09-16,3,"Okay / Neutral",4,"None / Peaceful",14,"Masaya ang homeroom activity kanina kasama ang advisory class!"
109238475315,"Alyssa Alcantara",2026-09-17,4,"Good",5,"None / Peaceful",14,"Maganda ang score ko sa science experiment. Ready for tomorrow!"
109238475315,"Alyssa Alcantara",2026-09-18,5,"Energized",4,"None / Peaceful",14,"Masaya ang homeroom activity kanina kasama ang advisory class!"
109238475315,"Alyssa Alcantara",2026-09-19,4,"Good",4,"None / Peaceful",14,"Masaya ang homeroom activity kanina kasama ang advisory class!"
109238475316,"Nicole Mendoza",2026-09-15,5,"Energized",5,"Exams / Deadlines",11,"Maganda ang score ko sa science experiment. Ready for tomorrow!"
109238475316,"Nicole Mendoza",2026-09-16,5,"Energized",4,"None / Peaceful",11,"Natapos ko lahat ng assignments on time. Peaceful weekend ahead."
109238475316,"Nicole Mendoza",2026-09-17,5,"Energized",4,"Exams / Deadlines",11,"Natapos ko lahat ng assignments on time. Peaceful weekend ahead."
109238475316,"Nicole Mendoza",2026-09-18,5,"Energized",5,"None / Peaceful",11,"Maganda ang score ko sa science experiment. Ready for tomorrow!"
109238475316,"Nicole Mendoza",2026-09-19,3,"Okay / Neutral",5,"None / Peaceful",11,"Masaya ang homeroom activity kanina kasama ang advisory class!"
109238475317,"Althea Bautista",2026-09-15,5,"Energized",4,"None / Peaceful",13,"Masaya ang homeroom activity kanina kasama ang advisory class!"
109238475317,"Althea Bautista",2026-09-16,5,"Energized",4,"None / Peaceful",13,"Masaya ang homeroom activity kanina kasama ang advisory class!"
109238475317,"Althea Bautista",2026-09-17,4,"Good",4,"Exams / Deadlines",13,"Natapos ko lahat ng assignments on time. Peaceful weekend ahead."
109238475317,"Althea Bautista",2026-09-18,3,"Okay / Neutral",4,"Exams / Deadlines",13,"Natapos ko lahat ng assignments on time. Peaceful weekend ahead."
109238475317,"Althea Bautista",2026-09-19,5,"Energized",4,"None / Peaceful",13,"Masaya ang homeroom activity kanina kasama ang advisory class!"
109238475318,"Kyle Lim",2026-09-15,4,"Good",5,"None / Peaceful",7,"Maganda ang score ko sa science experiment. Ready for tomorrow!"
109238475318,"Kyle Lim",2026-09-16,5,"Energized",4,"Exams / Deadlines",7,"Natapos ko lahat ng assignments on time. Peaceful weekend ahead."
109238475318,"Kyle Lim",2026-09-17,4,"Good",4,"Exams / Deadlines",7,"Feeling energized after PE class. Focused on my study goals."
109238475318,"Kyle Lim",2026-09-18,5,"Energized",4,"Exams / Deadlines",7,"Natapos ko lahat ng assignments on time. Peaceful weekend ahead."
109238475318,"Kyle Lim",2026-09-19,3,"Okay / Neutral",4,"Exams / Deadlines",7,"Masaya ang homeroom activity kanina kasama ang advisory class!"
109238475319,"Daniel Navarro",2026-09-15,4,"Good",4,"None / Peaceful",4,"Natapos ko lahat ng assignments on time. Peaceful weekend ahead."
109238475319,"Daniel Navarro",2026-09-16,5,"Energized",4,"Exams / Deadlines",4,"Maganda ang score ko sa science experiment. Ready for tomorrow!"
109238475319,"Daniel Navarro",2026-09-17,4,"Good",4,"None / Peaceful",4,"Feeling energized after PE class. Focused on my study goals."
109238475319,"Daniel Navarro",2026-09-18,5,"Energized",5,"None / Peaceful",4,"Feeling energized after PE class. Focused on my study goals."
109238475319,"Daniel Navarro",2026-09-19,5,"Energized",5,"None / Peaceful",4,"Masaya ang homeroom activity kanina kasama ang advisory class!"
109238475320,"Dominic Villanueva",2026-09-15,5,"Energized",5,"Exams / Deadlines",7,"Masaya ang homeroom activity kanina kasama ang advisory class!"
109238475320,"Dominic Villanueva",2026-09-16,5,"Energized",5,"None / Peaceful",7,"Natapos ko lahat ng assignments on time. Peaceful weekend ahead."
109238475320,"Dominic Villanueva",2026-09-17,3,"Okay / Neutral",5,"None / Peaceful",7,"Maganda ang score ko sa science experiment. Ready for tomorrow!"
109238475320,"Dominic Villanueva",2026-09-18,5,"Energized",4,"None / Peaceful",7,"Masaya ang homeroom activity kanina kasama ang advisory class!"
109238475320,"Dominic Villanueva",2026-09-19,5,"Energized",5,"None / Peaceful",7,"Natapos ko lahat ng assignments on time. Peaceful weekend ahead."
109238475321,"Ralph Rivera",2026-09-15,5,"Energized",4,"Exams / Deadlines",8,"Natapos ko lahat ng assignments on time. Peaceful weekend ahead."
109238475321,"Ralph Rivera",2026-09-16,3,"Okay / Neutral",4,"None / Peaceful",8,"Natapos ko lahat ng assignments on time. Peaceful weekend ahead."
109238475321,"Ralph Rivera",2026-09-17,5,"Energized",4,"Exams / Deadlines",8,"Natapos ko lahat ng assignments on time. Peaceful weekend ahead."
109238475321,"Ralph Rivera",2026-09-18,4,"Good",4,"None / Peaceful",8,"Maganda ang score ko sa science experiment. Ready for tomorrow!"
109238475321,"Ralph Rivera",2026-09-19,5,"Energized",4,"None / Peaceful",8,"Masaya ang homeroom activity kanina kasama ang advisory class!"
109238475322,"Karl Ocampo",2026-09-15,4,"Good",5,"Exams / Deadlines",11,"Feeling energized after PE class. Focused on my study goals."
109238475322,"Karl Ocampo",2026-09-16,3,"Okay / Neutral",4,"Exams / Deadlines",11,"Maganda ang score ko sa science experiment. Ready for tomorrow!"
109238475322,"Karl Ocampo",2026-09-17,4,"Good",5,"None / Peaceful",11,"Maganda ang score ko sa science experiment. Ready for tomorrow!"
109238475322,"Karl Ocampo",2026-09-18,4,"Good",4,"Exams / Deadlines",11,"Maganda ang score ko sa science experiment. Ready for tomorrow!"
109238475322,"Karl Ocampo",2026-09-19,4,"Good",4,"None / Peaceful",11,"Masaya ang homeroom activity kanina kasama ang advisory class!"
109238475323,"Justin Flores",2026-09-15,4,"Good",5,"None / Peaceful",4,"Natapos ko lahat ng assignments on time. Peaceful weekend ahead."
109238475323,"Justin Flores",2026-09-16,4,"Good",4,"None / Peaceful",4,"Masaya ang homeroom activity kanina kasama ang advisory class!"
109238475323,"Justin Flores",2026-09-17,5,"Energized",4,"None / Peaceful",4,"Maganda ang score ko sa science experiment. Ready for tomorrow!"
109238475323,"Justin Flores",2026-09-18,4,"Good",4,"None / Peaceful",4,"Feeling energized after PE class. Focused on my study goals."
109238475323,"Justin Flores",2026-09-19,4,"Good",4,"None / Peaceful",4,"Maganda ang score ko sa science experiment. Ready for tomorrow!"
109238475324,"Cedric Villanueva",2026-09-15,4,"Good",4,"None / Peaceful",9,"Maganda ang score ko sa science experiment. Ready for tomorrow!"
109238475324,"Cedric Villanueva",2026-09-16,3,"Okay / Neutral",5,"None / Peaceful",9,"Feeling energized after PE class. Focused on my study goals."
109238475324,"Cedric Villanueva",2026-09-17,3,"Okay / Neutral",4,"Exams / Deadlines",9,"Natapos ko lahat ng assignments on time. Peaceful weekend ahead."
109238475324,"Cedric Villanueva",2026-09-18,5,"Energized",4,"None / Peaceful",9,"Masaya ang homeroom activity kanina kasama ang advisory class!"
109238475324,"Cedric Villanueva",2026-09-19,4,"Good",4,"None / Peaceful",9,"Natapos ko lahat ng assignments on time. Peaceful weekend ahead."
109238475325,"Kathleen Tan",2026-09-15,1,"Overwhelmed",1,"Academics",13,"Nag-aalala ako sa matrikula at baka hindi ako maka-exam sa finals."
109238475325,"Kathleen Tan",2026-09-16,3,"Okay / Neutral",1,"Family",13,"Walang katuwang sa bahay, ako nag-aalaga sa mga kapatid ko habang nag-aaral."
109238475325,"Kathleen Tan",2026-09-17,2,"Stressed",2,"Family",13,"Nag-aalala ako sa matrikula at baka hindi ako maka-exam sa finals."
109238475325,"Kathleen Tan",2026-09-18,1,"Overwhelmed",2,"Family",13,"Bagsak ako sa quarterly quiz, kinakabahan ako sabihin kay nanay."
109238475325,"Kathleen Tan",2026-09-19,1,"Overwhelmed",2,"Finances",13,"Nag-aalala ako sa matrikula at baka hindi ako maka-exam sa finals."
109238475326,"Nicole Flores",2026-09-15,3,"Okay / Neutral",2,"Exams / Deadlines",14,"Medyo busy dahil sa papalapit na group presentation pero kakayanin."
109238475326,"Nicole Flores",2026-09-16,3,"Okay / Neutral",3,"Exams / Deadlines",14,"Medyo puyat kaka-review, pero nakabawi naman ng tulog."
109238475326,"Nicole Flores",2026-09-17,2,"Stressed",3,"Physical Health",14,"Medyo puyat kaka-review, pero nakabawi naman ng tulog."
109238475326,"Nicole Flores",2026-09-18,3,"Okay / Neutral",3,"Finances",14,"May kaunting financial delay pero nakiusap naman kami sa accounting."
109238475326,"Nicole Flores",2026-09-19,3,"Okay / Neutral",2,"Academics",14,"Medyo busy dahil sa papalapit na group presentation pero kakayanin."
109238475327,"Kristine Santos",2026-09-15,1,"Overwhelmed",1,"Exams / Deadlines",7,"Sobrang nahihirapan na po ako sa Chemistry at Pre-Cal. Hindi na po ako makatulog sa gabi."
109238475327,"Kristine Santos",2026-09-16,2,"Stressed",2,"Academics",7,"Daming sabay-sabay na project submission, pagod na po ang katawan at isip ko."
109238475327,"Kristine Santos",2026-09-17,1,"Overwhelmed",1,"Family",7,"Sobrang nahihirapan na po ako sa Chemistry at Pre-Cal. Hindi na po ako makatulog sa gabi."
109238475327,"Kristine Santos",2026-09-18,3,"Okay / Neutral",1,"Family",7,"Walang katuwang sa bahay, ako nag-aalaga sa mga kapatid ko habang nag-aaral."
109238475327,"Kristine Santos",2026-09-19,3,"Okay / Neutral",1,"Family",7,"Daming sabay-sabay na project submission, pagod na po ang katawan at isip ko."
109238475328,"Althea Pascual",2026-09-15,5,"Energized",5,"None / Peaceful",11,"Maganda ang score ko sa science experiment. Ready for tomorrow!"
109238475328,"Althea Pascual",2026-09-16,4,"Good",4,"Exams / Deadlines",11,"Natapos ko lahat ng assignments on time. Peaceful weekend ahead."
109238475328,"Althea Pascual",2026-09-17,3,"Okay / Neutral",4,"None / Peaceful",11,"Feeling energized after PE class. Focused on my study goals."
109238475328,"Althea Pascual",2026-09-18,5,"Energized",5,"None / Peaceful",11,"Masaya ang homeroom activity kanina kasama ang advisory class!"
109238475328,"Althea Pascual",2026-09-19,4,"Good",4,"None / Peaceful",11,"Feeling energized after PE class. Focused on my study goals."
109238475329,"Hannah Manalo",2026-09-15,4,"Good",4,"Exams / Deadlines",5,"Maganda ang score ko sa science experiment. Ready for tomorrow!"
109238475329,"Hannah Manalo",2026-09-16,5,"Energized",4,"None / Peaceful",5,"Feeling energized after PE class. Focused on my study goals."
109238475329,"Hannah Manalo",2026-09-17,5,"Energized",5,"None / Peaceful",5,"Natapos ko lahat ng assignments on time. Peaceful weekend ahead."
109238475329,"Hannah Manalo",2026-09-18,3,"Okay / Neutral",4,"None / Peaceful",5,"Maganda ang score ko sa science experiment. Ready for tomorrow!"
109238475329,"Hannah Manalo",2026-09-19,5,"Energized",5,"Exams / Deadlines",5,"Masaya ang homeroom activity kanina kasama ang advisory class!"
109238475330,"Gabriel Torres",2026-09-15,4,"Good",5,"Exams / Deadlines",12,"Masaya ang homeroom activity kanina kasama ang advisory class!"
109238475330,"Gabriel Torres",2026-09-16,4,"Good",4,"None / Peaceful",12,"Feeling energized after PE class. Focused on my study goals."
109238475330,"Gabriel Torres",2026-09-17,5,"Energized",4,"Exams / Deadlines",12,"Maganda ang score ko sa science experiment. Ready for tomorrow!"
109238475330,"Gabriel Torres",2026-09-18,3,"Okay / Neutral",4,"Exams / Deadlines",12,"Feeling energized after PE class. Focused on my study goals."
109238475330,"Gabriel Torres",2026-09-19,5,"Energized",5,"Exams / Deadlines",12,"Natapos ko lahat ng assignments on time. Peaceful weekend ahead."
109238475331,"Alyssa Santos",2026-09-15,3,"Okay / Neutral",4,"None / Peaceful",12,"Feeling energized after PE class. Focused on my study goals."
109238475331,"Alyssa Santos",2026-09-16,4,"Good",5,"None / Peaceful",12,"Feeling energized after PE class. Focused on my study goals."
109238475331,"Alyssa Santos",2026-09-17,3,"Okay / Neutral",5,"Exams / Deadlines",12,"Masaya ang homeroom activity kanina kasama ang advisory class!"
109238475331,"Alyssa Santos",2026-09-18,5,"Energized",4,"None / Peaceful",12,"Masaya ang homeroom activity kanina kasama ang advisory class!"
109238475331,"Alyssa Santos",2026-09-19,3,"Okay / Neutral",4,"None / Peaceful",12,"Masaya ang homeroom activity kanina kasama ang advisory class!"
109238475332,"Daniel Castro",2026-09-15,2,"Stressed",2,"Physical Health",10,"Medyo busy dahil sa papalapit na group presentation pero kakayanin."
109238475332,"Daniel Castro",2026-09-16,2,"Stressed",3,"Exams / Deadlines",10,"Nangangailangan ng review session sa Math bago mag-midterm."
109238475332,"Daniel Castro",2026-09-17,4,"Good",2,"Academics",10,"May kaunting financial delay pero nakiusap naman kami sa accounting."
109238475332,"Daniel Castro",2026-09-18,4,"Good",2,"Finances",10,"Nangangailangan ng review session sa Math bago mag-midterm."
109238475332,"Daniel Castro",2026-09-19,2,"Stressed",2,"Finances",10,"Medyo busy dahil sa papalapit na group presentation pero kakayanin."
109238475333,"Sean Villanueva",2026-09-15,4,"Good",3,"Sleep",4,"Medyo busy dahil sa papalapit na group presentation pero kakayanin."
109238475333,"Sean Villanueva",2026-09-16,2,"Stressed",2,"Exams / Deadlines",4,"Medyo puyat kaka-review, pero nakabawi naman ng tulog."
109238475333,"Sean Villanueva",2026-09-17,2,"Stressed",2,"Family",4,"Medyo busy dahil sa papalapit na group presentation pero kakayanin."
109238475333,"Sean Villanueva",2026-09-18,2,"Stressed",2,"Family",4,"May kaunting financial delay pero nakiusap naman kami sa accounting."
109238475333,"Sean Villanueva",2026-09-19,4,"Good",2,"Sleep",4,"Medyo busy dahil sa papalapit na group presentation pero kakayanin."
109238475334,"Lance Gonzales",2026-09-15,5,"Energized",4,"None / Peaceful",10,"Masaya ang homeroom activity kanina kasama ang advisory class!"
109238475334,"Lance Gonzales",2026-09-16,3,"Okay / Neutral",4,"None / Peaceful",10,"Maganda ang score ko sa science experiment. Ready for tomorrow!"
109238475334,"Lance Gonzales",2026-09-17,3,"Okay / Neutral",4,"None / Peaceful",10,"Feeling energized after PE class. Focused on my study goals."
109238475334,"Lance Gonzales",2026-09-18,5,"Energized",4,"None / Peaceful",10,"Masaya ang homeroom activity kanina kasama ang advisory class!"
109238475334,"Lance Gonzales",2026-09-19,3,"Okay / Neutral",4,"Exams / Deadlines",10,"Natapos ko lahat ng assignments on time. Peaceful weekend ahead."
109238475335,"Angelica San Jose",2026-09-15,3,"Okay / Neutral",2,"Family",9,"Medyo puyat kaka-review, pero nakabawi naman ng tulog."
109238475335,"Angelica San Jose",2026-09-16,3,"Okay / Neutral",3,"None / Peaceful",9,"Medyo busy dahil sa papalapit na group presentation pero kakayanin."
109238475335,"Angelica San Jose",2026-09-17,4,"Good",3,"Academics",9,"Medyo busy dahil sa papalapit na group presentation pero kakayanin."
109238475335,"Angelica San Jose",2026-09-18,4,"Good",3,"Sleep",9,"May kaunting financial delay pero nakiusap naman kami sa accounting."
109238475335,"Angelica San Jose",2026-09-19,3,"Okay / Neutral",2,"Physical Health",9,"Medyo busy dahil sa papalapit na group presentation pero kakayanin."
109238475336,"Princess Mae Rivera",2026-09-15,4,"Good",5,"None / Peaceful",3,"Maganda ang score ko sa science experiment. Ready for tomorrow!"
109238475336,"Princess Mae Rivera",2026-09-16,4,"Good",5,"Exams / Deadlines",3,"Feeling energized after PE class. Focused on my study goals."
109238475336,"Princess Mae Rivera",2026-09-17,5,"Energized",4,"None / Peaceful",3,"Masaya ang homeroom activity kanina kasama ang advisory class!"
109238475336,"Princess Mae Rivera",2026-09-18,4,"Good",4,"None / Peaceful",3,"Masaya ang homeroom activity kanina kasama ang advisory class!"
109238475336,"Princess Mae Rivera",2026-09-19,5,"Energized",4,"None / Peaceful",3,"Feeling energized after PE class. Focused on my study goals."
109238475337,"Patricia Flores",2026-09-15,5,"Energized",4,"None / Peaceful",8,"Feeling energized after PE class. Focused on my study goals."
109238475337,"Patricia Flores",2026-09-16,5,"Energized",4,"Exams / Deadlines",8,"Feeling energized after PE class. Focused on my study goals."
109238475337,"Patricia Flores",2026-09-17,5,"Energized",5,"None / Peaceful",8,"Feeling energized after PE class. Focused on my study goals."
109238475337,"Patricia Flores",2026-09-18,4,"Good",4,"None / Peaceful",8,"Feeling energized after PE class. Focused on my study goals."
109238475337,"Patricia Flores",2026-09-19,5,"Energized",4,"None / Peaceful",8,"Masaya ang homeroom activity kanina kasama ang advisory class!"
109238475338,"Adrian Torres",2026-09-15,4,"Good",5,"None / Peaceful",6,"Natapos ko lahat ng assignments on time. Peaceful weekend ahead."
109238475338,"Adrian Torres",2026-09-16,5,"Energized",4,"None / Peaceful",6,"Masaya ang homeroom activity kanina kasama ang advisory class!"
109238475338,"Adrian Torres",2026-09-17,4,"Good",5,"None / Peaceful",6,"Feeling energized after PE class. Focused on my study goals."
109238475338,"Adrian Torres",2026-09-18,4,"Good",5,"None / Peaceful",6,"Masaya ang homeroom activity kanina kasama ang advisory class!"
109238475338,"Adrian Torres",2026-09-19,5,"Energized",5,"Exams / Deadlines",6,"Maganda ang score ko sa science experiment. Ready for tomorrow!"
109238475339,"Paolo De Leon",2026-09-15,4,"Good",4,"Exams / Deadlines",14,"Natapos ko lahat ng assignments on time. Peaceful weekend ahead."
109238475339,"Paolo De Leon",2026-09-16,5,"Energized",4,"Exams / Deadlines",14,"Natapos ko lahat ng assignments on time. Peaceful weekend ahead."
109238475339,"Paolo De Leon",2026-09-17,5,"Energized",4,"None / Peaceful",14,"Masaya ang homeroom activity kanina kasama ang advisory class!"
109238475339,"Paolo De Leon",2026-09-18,5,"Energized",4,"None / Peaceful",14,"Maganda ang score ko sa science experiment. Ready for tomorrow!"
109238475339,"Paolo De Leon",2026-09-19,3,"Okay / Neutral",4,"None / Peaceful",14,"Maganda ang score ko sa science experiment. Ready for tomorrow!"
109238475340,"John Carlo Padilla",2026-09-15,4,"Good",5,"None / Peaceful",14,"Masaya ang homeroom activity kanina kasama ang advisory class!"
109238475340,"John Carlo Padilla",2026-09-16,5,"Energized",5,"None / Peaceful",14,"Feeling energized after PE class. Focused on my study goals."
109238475340,"John Carlo Padilla",2026-09-17,3,"Okay / Neutral",4,"Exams / Deadlines",14,"Maganda ang score ko sa science experiment. Ready for tomorrow!"
109238475340,"John Carlo Padilla",2026-09-18,4,"Good",4,"None / Peaceful",14,"Masaya ang homeroom activity kanina kasama ang advisory class!"
109238475340,"John Carlo Padilla",2026-09-19,4,"Good",4,"None / Peaceful",14,"Masaya ang homeroom activity kanina kasama ang advisory class!"
109238475341,"Shaina Flores",2026-09-15,1,"Overwhelmed",2,"Finances",7,"Nag-aalala ako sa matrikula at baka hindi ako maka-exam sa finals."
109238475341,"Shaina Flores",2026-09-16,2,"Stressed",2,"Finances",7,"Daming sabay-sabay na project submission, pagod na po ang katawan at isip ko."
109238475341,"Shaina Flores",2026-09-17,3,"Okay / Neutral",1,"Academics",7,"Bagsak ako sa quarterly quiz, kinakabahan ako sabihin kay nanay."
109238475341,"Shaina Flores",2026-09-18,3,"Okay / Neutral",2,"Academics",7,"Bagsak ako sa quarterly quiz, kinakabahan ako sabihin kay nanay."
109238475341,"Shaina Flores",2026-09-19,1,"Overwhelmed",1,"Exams / Deadlines",7,"Nag-aalala ako sa matrikula at baka hindi ako maka-exam sa finals."
109238475342,"Aaron De Leon",2026-09-15,4,"Good",4,"None / Peaceful",3,"Feeling energized after PE class. Focused on my study goals."
109238475342,"Aaron De Leon",2026-09-16,4,"Good",4,"Exams / Deadlines",3,"Feeling energized after PE class. Focused on my study goals."
109238475342,"Aaron De Leon",2026-09-17,3,"Okay / Neutral",4,"None / Peaceful",3,"Maganda ang score ko sa science experiment. Ready for tomorrow!"
109238475342,"Aaron De Leon",2026-09-18,5,"Energized",4,"None / Peaceful",3,"Feeling energized after PE class. Focused on my study goals."
109238475342,"Aaron De Leon",2026-09-19,3,"Okay / Neutral",4,"None / Peaceful",3,"Feeling energized after PE class. Focused on my study goals."
109238475343,"Rafael Domingo",2026-09-15,5,"Energized",5,"None / Peaceful",7,"Maganda ang score ko sa science experiment. Ready for tomorrow!"
109238475343,"Rafael Domingo",2026-09-16,5,"Energized",5,"None / Peaceful",7,"Natapos ko lahat ng assignments on time. Peaceful weekend ahead."
109238475343,"Rafael Domingo",2026-09-17,4,"Good",4,"Exams / Deadlines",7,"Natapos ko lahat ng assignments on time. Peaceful weekend ahead."
109238475343,"Rafael Domingo",2026-09-18,4,"Good",4,"None / Peaceful",7,"Masaya ang homeroom activity kanina kasama ang advisory class!"
109238475343,"Rafael Domingo",2026-09-19,5,"Energized",4,"None / Peaceful",7,"Feeling energized after PE class. Focused on my study goals."
109238475344,"Danielle Dela Cruz",2026-09-15,5,"Energized",4,"None / Peaceful",11,"Natapos ko lahat ng assignments on time. Peaceful weekend ahead."
109238475344,"Danielle Dela Cruz",2026-09-16,4,"Good",5,"None / Peaceful",11,"Masaya ang homeroom activity kanina kasama ang advisory class!"
109238475344,"Danielle Dela Cruz",2026-09-17,4,"Good",4,"None / Peaceful",11,"Masaya ang homeroom activity kanina kasama ang advisory class!"
109238475344,"Danielle Dela Cruz",2026-09-18,3,"Okay / Neutral",5,"Exams / Deadlines",11,"Maganda ang score ko sa science experiment. Ready for tomorrow!"
109238475344,"Danielle Dela Cruz",2026-09-19,5,"Energized",4,"None / Peaceful",11,"Natapos ko lahat ng assignments on time. Peaceful weekend ahead."
109238475345,"Vincent San Jose",2026-09-15,3,"Okay / Neutral",3,"Academics",11,"Nangangailangan ng review session sa Math bago mag-midterm."
109238475345,"Vincent San Jose",2026-09-16,2,"Stressed",3,"Physical Health",11,"Medyo puyat kaka-review, pero nakabawi naman ng tulog."
109238475345,"Vincent San Jose",2026-09-17,2,"Stressed",2,"Sleep",11,"May kaunting financial delay pero nakiusap naman kami sa accounting."
109238475345,"Vincent San Jose",2026-09-18,4,"Good",3,"Exams / Deadlines",11,"May kaunting financial delay pero nakiusap naman kami sa accounting."
109238475345,"Vincent San Jose",2026-09-19,2,"Stressed",3,"Family",11,"May kaunting financial delay pero nakiusap naman kami sa accounting."
109238475346,"Justin Aquino",2026-09-15,3,"Okay / Neutral",2,"Academics",6,"Medyo busy dahil sa papalapit na group presentation pero kakayanin."
109238475346,"Justin Aquino",2026-09-16,3,"Okay / Neutral",3,"Physical Health",6,"Medyo puyat kaka-review, pero nakabawi naman ng tulog."
109238475346,"Justin Aquino",2026-09-17,4,"Good",2,"Physical Health",6,"Nangangailangan ng review session sa Math bago mag-midterm."
109238475346,"Justin Aquino",2026-09-18,2,"Stressed",3,"Family",6,"Medyo busy dahil sa papalapit na group presentation pero kakayanin."
109238475346,"Justin Aquino",2026-09-19,3,"Okay / Neutral",3,"Academics",6,"Medyo puyat kaka-review, pero nakabawi naman ng tulog."
109238475347,"Karl Reyes",2026-09-15,4,"Good",4,"None / Peaceful",12,"Maganda ang score ko sa science experiment. Ready for tomorrow!"
109238475347,"Karl Reyes",2026-09-16,5,"Energized",5,"None / Peaceful",12,"Maganda ang score ko sa science experiment. Ready for tomorrow!"
109238475347,"Karl Reyes",2026-09-17,5,"Energized",4,"Exams / Deadlines",12,"Maganda ang score ko sa science experiment. Ready for tomorrow!"
109238475347,"Karl Reyes",2026-09-18,5,"Energized",4,"Exams / Deadlines",12,"Natapos ko lahat ng assignments on time. Peaceful weekend ahead."
109238475347,"Karl Reyes",2026-09-19,4,"Good",5,"None / Peaceful",12,"Feeling energized after PE class. Focused on my study goals."
109238475348,"Jerome De Leon",2026-09-15,4,"Good",4,"None / Peaceful",7,"Maganda ang score ko sa science experiment. Ready for tomorrow!"
109238475348,"Jerome De Leon",2026-09-16,3,"Okay / Neutral",4,"None / Peaceful",7,"Feeling energized after PE class. Focused on my study goals."
109238475348,"Jerome De Leon",2026-09-17,4,"Good",5,"Exams / Deadlines",7,"Feeling energized after PE class. Focused on my study goals."
109238475348,"Jerome De Leon",2026-09-18,4,"Good",4,"None / Peaceful",7,"Natapos ko lahat ng assignments on time. Peaceful weekend ahead."
109238475348,"Jerome De Leon",2026-09-19,5,"Energized",5,"None / Peaceful",7,"Maganda ang score ko sa science experiment. Ready for tomorrow!"
109238475349,"Bea Patricia Rivera",2026-09-15,4,"Good",4,"None / Peaceful",12,"Masaya ang homeroom activity kanina kasama ang advisory class!"
109238475349,"Bea Patricia Rivera",2026-09-16,3,"Okay / Neutral",4,"None / Peaceful",12,"Maganda ang score ko sa science experiment. Ready for tomorrow!"
109238475349,"Bea Patricia Rivera",2026-09-17,3,"Okay / Neutral",4,"Exams / Deadlines",12,"Feeling energized after PE class. Focused on my study goals."
109238475349,"Bea Patricia Rivera",2026-09-18,4,"Good",4,"None / Peaceful",12,"Maganda ang score ko sa science experiment. Ready for tomorrow!"
109238475349,"Bea Patricia Rivera",2026-09-19,5,"Energized",4,"None / Peaceful",12,"Masaya ang homeroom activity kanina kasama ang advisory class!"
109238475350,"Paolo Aquino",2026-09-15,4,"Good",2,"Exams / Deadlines",13,"Medyo busy dahil sa papalapit na group presentation pero kakayanin."
109238475350,"Paolo Aquino",2026-09-16,4,"Good",2,"Exams / Deadlines",13,"May kaunting financial delay pero nakiusap naman kami sa accounting."
109238475350,"Paolo Aquino",2026-09-17,3,"Okay / Neutral",2,"Family",13,"May kaunting financial delay pero nakiusap naman kami sa accounting."
109238475350,"Paolo Aquino",2026-09-18,4,"Good",2,"Sleep",13,"Medyo busy dahil sa papalapit na group presentation pero kakayanin."
109238475350,"Paolo Aquino",2026-09-19,4,"Good",3,"Family",13,"May kaunting financial delay pero nakiusap naman kami sa accounting."
109238475351,"Danielle Tolentino",2026-09-15,3,"Okay / Neutral",1,"Finances",12,"Walang katuwang sa bahay, ako nag-aalaga sa mga kapatid ko habang nag-aaral."
109238475351,"Danielle Tolentino",2026-09-16,1,"Overwhelmed",1,"Exams / Deadlines",12,"Sobrang nahihirapan na po ako sa Chemistry at Pre-Cal. Hindi na po ako makatulog sa gabi."
109238475351,"Danielle Tolentino",2026-09-17,1,"Overwhelmed",1,"Family",12,"Walang katuwang sa bahay, ako nag-aalaga sa mga kapatid ko habang nag-aaral."
109238475351,"Danielle Tolentino",2026-09-18,2,"Stressed",2,"Finances",12,"Sobrang nahihirapan na po ako sa Chemistry at Pre-Cal. Hindi na po ako makatulog sa gabi."
109238475351,"Danielle Tolentino",2026-09-19,1,"Overwhelmed",1,"Exams / Deadlines",12,"Daming sabay-sabay na project submission, pagod na po ang katawan at isip ko."
109238475352,"Althea Reyes",2026-09-15,4,"Good",4,"None / Peaceful",7,"Feeling energized after PE class. Focused on my study goals."
109238475352,"Althea Reyes",2026-09-16,5,"Energized",4,"None / Peaceful",7,"Masaya ang homeroom activity kanina kasama ang advisory class!"
109238475352,"Althea Reyes",2026-09-17,4,"Good",5,"None / Peaceful",7,"Natapos ko lahat ng assignments on time. Peaceful weekend ahead."
109238475352,"Althea Reyes",2026-09-18,5,"Energized",4,"None / Peaceful",7,"Natapos ko lahat ng assignments on time. Peaceful weekend ahead."
109238475352,"Althea Reyes",2026-09-19,5,"Energized",4,"None / Peaceful",7,"Maganda ang score ko sa science experiment. Ready for tomorrow!"
109238475353,"Princess Mae De Leon",2026-09-15,4,"Good",4,"None / Peaceful",7,"Feeling energized after PE class. Focused on my study goals."
109238475353,"Princess Mae De Leon",2026-09-16,3,"Okay / Neutral",5,"None / Peaceful",7,"Natapos ko lahat ng assignments on time. Peaceful weekend ahead."
109238475353,"Princess Mae De Leon",2026-09-17,4,"Good",4,"Exams / Deadlines",7,"Natapos ko lahat ng assignments on time. Peaceful weekend ahead."
109238475353,"Princess Mae De Leon",2026-09-18,5,"Energized",4,"Exams / Deadlines",7,"Feeling energized after PE class. Focused on my study goals."
109238475353,"Princess Mae De Leon",2026-09-19,5,"Energized",5,"None / Peaceful",7,"Feeling energized after PE class. Focused on my study goals."
109238475354,"Sean Rivera",2026-09-15,4,"Good",3,"Finances",9,"Medyo busy dahil sa papalapit na group presentation pero kakayanin."
109238475354,"Sean Rivera",2026-09-16,4,"Good",2,"None / Peaceful",9,"Medyo busy dahil sa papalapit na group presentation pero kakayanin."
109238475354,"Sean Rivera",2026-09-17,3,"Okay / Neutral",2,"Family",9,"Medyo busy dahil sa papalapit na group presentation pero kakayanin."
109238475354,"Sean Rivera",2026-09-18,2,"Stressed",3,"Exams / Deadlines",9,"May kaunting financial delay pero nakiusap naman kami sa accounting."
109238475354,"Sean Rivera",2026-09-19,2,"Stressed",3,"Academics",9,"Medyo busy dahil sa papalapit na group presentation pero kakayanin."
109238475355,"Danielle De Leon",2026-09-15,4,"Good",2,"Family",12,"Medyo puyat kaka-review, pero nakabawi naman ng tulog."
109238475355,"Danielle De Leon",2026-09-16,2,"Stressed",2,"Finances",12,"Medyo puyat kaka-review, pero nakabawi naman ng tulog."
109238475355,"Danielle De Leon",2026-09-17,3,"Okay / Neutral",3,"Family",12,"Medyo busy dahil sa papalapit na group presentation pero kakayanin."
109238475355,"Danielle De Leon",2026-09-18,4,"Good",2,"Academics",12,"Medyo puyat kaka-review, pero nakabawi naman ng tulog."
109238475355,"Danielle De Leon",2026-09-19,4,"Good",3,"Sleep",12,"May kaunting financial delay pero nakiusap naman kami sa accounting."
109238475356,"Nicole Castro",2026-09-15,4,"Good",4,"None / Peaceful",13,"Feeling energized after PE class. Focused on my study goals."
109238475356,"Nicole Castro",2026-09-16,5,"Energized",4,"Exams / Deadlines",13,"Maganda ang score ko sa science experiment. Ready for tomorrow!"
109238475356,"Nicole Castro",2026-09-17,4,"Good",5,"None / Peaceful",13,"Natapos ko lahat ng assignments on time. Peaceful weekend ahead."
109238475356,"Nicole Castro",2026-09-18,4,"Good",4,"None / Peaceful",13,"Feeling energized after PE class. Focused on my study goals."
109238475356,"Nicole Castro",2026-09-19,4,"Good",5,"None / Peaceful",13,"Feeling energized after PE class. Focused on my study goals."
109238475357,"Christian Dave Tolentino",2026-09-15,1,"Overwhelmed",2,"Finances",14,"Sobrang nahihirapan na po ako sa Chemistry at Pre-Cal. Hindi na po ako makatulog sa gabi."
109238475357,"Christian Dave Tolentino",2026-09-16,2,"Stressed",1,"Exams / Deadlines",14,"Walang katuwang sa bahay, ako nag-aalaga sa mga kapatid ko habang nag-aaral."
109238475357,"Christian Dave Tolentino",2026-09-17,2,"Stressed",2,"Exams / Deadlines",14,"Walang katuwang sa bahay, ako nag-aalaga sa mga kapatid ko habang nag-aaral."
109238475357,"Christian Dave Tolentino",2026-09-18,2,"Stressed",2,"Family",14,"Walang katuwang sa bahay, ako nag-aalaga sa mga kapatid ko habang nag-aaral."
109238475357,"Christian Dave Tolentino",2026-09-19,2,"Stressed",1,"Finances",14,"Bagsak ako sa quarterly quiz, kinakabahan ako sabihin kay nanay."
109238475358,"Nicole Villanueva",2026-09-15,3,"Okay / Neutral",2,"None / Peaceful",9,"Medyo puyat kaka-review, pero nakabawi naman ng tulog."
109238475358,"Nicole Villanueva",2026-09-16,3,"Okay / Neutral",3,"Family",9,"Nangangailangan ng review session sa Math bago mag-midterm."
109238475358,"Nicole Villanueva",2026-09-17,2,"Stressed",2,"Academics",9,"Medyo busy dahil sa papalapit na group presentation pero kakayanin."
109238475358,"Nicole Villanueva",2026-09-18,2,"Stressed",3,"Physical Health",9,"Medyo busy dahil sa papalapit na group presentation pero kakayanin."
109238475358,"Nicole Villanueva",2026-09-19,3,"Okay / Neutral",3,"Exams / Deadlines",9,"May kaunting financial delay pero nakiusap naman kami sa accounting."
109238475359,"Denise Valdez",2026-09-15,5,"Energized",4,"None / Peaceful",5,"Maganda ang score ko sa science experiment. Ready for tomorrow!"
109238475359,"Denise Valdez",2026-09-16,4,"Good",5,"None / Peaceful",5,"Masaya ang homeroom activity kanina kasama ang advisory class!"
109238475359,"Denise Valdez",2026-09-17,3,"Okay / Neutral",5,"None / Peaceful",5,"Feeling energized after PE class. Focused on my study goals."
109238475359,"Denise Valdez",2026-09-18,5,"Energized",4,"None / Peaceful",5,"Masaya ang homeroom activity kanina kasama ang advisory class!"
109238475359,"Denise Valdez",2026-09-19,3,"Okay / Neutral",5,"None / Peaceful",5,"Feeling energized after PE class. Focused on my study goals."
109238475360,"Althea Santiago",2026-09-15,5,"Energized",4,"None / Peaceful",6,"Maganda ang score ko sa science experiment. Ready for tomorrow!"
109238475360,"Althea Santiago",2026-09-16,4,"Good",4,"None / Peaceful",6,"Feeling energized after PE class. Focused on my study goals."
109238475360,"Althea Santiago",2026-09-17,5,"Energized",4,"Exams / Deadlines",6,"Masaya ang homeroom activity kanina kasama ang advisory class!"
109238475360,"Althea Santiago",2026-09-18,5,"Energized",4,"Exams / Deadlines",6,"Natapos ko lahat ng assignments on time. Peaceful weekend ahead."
109238475360,"Althea Santiago",2026-09-19,3,"Okay / Neutral",4,"None / Peaceful",6,"Maganda ang score ko sa science experiment. Ready for tomorrow!"
109238475361,"Bea Patricia Castillo",2026-09-15,3,"Okay / Neutral",3,"Academics",10,"Medyo busy dahil sa papalapit na group presentation pero kakayanin."
109238475361,"Bea Patricia Castillo",2026-09-16,4,"Good",2,"Academics",10,"Medyo puyat kaka-review, pero nakabawi naman ng tulog."
109238475361,"Bea Patricia Castillo",2026-09-17,3,"Okay / Neutral",3,"Exams / Deadlines",10,"Medyo puyat kaka-review, pero nakabawi naman ng tulog."
109238475361,"Bea Patricia Castillo",2026-09-18,4,"Good",2,"None / Peaceful",10,"May kaunting financial delay pero nakiusap naman kami sa accounting."
109238475361,"Bea Patricia Castillo",2026-09-19,3,"Okay / Neutral",2,"Finances",10,"Nangangailangan ng review session sa Math bago mag-midterm."
109238475362,"Sean Tolentino",2026-09-15,2,"Stressed",3,"Academics",4,"Medyo busy dahil sa papalapit na group presentation pero kakayanin."
109238475362,"Sean Tolentino",2026-09-16,2,"Stressed",3,"Physical Health",4,"Medyo busy dahil sa papalapit na group presentation pero kakayanin."
109238475362,"Sean Tolentino",2026-09-17,3,"Okay / Neutral",2,"Finances",4,"Medyo busy dahil sa papalapit na group presentation pero kakayanin."
109238475362,"Sean Tolentino",2026-09-18,4,"Good",3,"Physical Health",4,"Nangangailangan ng review session sa Math bago mag-midterm."
109238475362,"Sean Tolentino",2026-09-19,2,"Stressed",3,"Physical Health",4,"Medyo busy dahil sa papalapit na group presentation pero kakayanin."
109238475363,"Ethan San Jose",2026-09-15,4,"Good",4,"None / Peaceful",7,"Feeling energized after PE class. Focused on my study goals."
109238475363,"Ethan San Jose",2026-09-16,3,"Okay / Neutral",5,"None / Peaceful",7,"Natapos ko lahat ng assignments on time. Peaceful weekend ahead."
109238475363,"Ethan San Jose",2026-09-17,3,"Okay / Neutral",4,"Exams / Deadlines",7,"Natapos ko lahat ng assignments on time. Peaceful weekend ahead."
109238475363,"Ethan San Jose",2026-09-18,5,"Energized",4,"Exams / Deadlines",7,"Masaya ang homeroom activity kanina kasama ang advisory class!"
109238475363,"Ethan San Jose",2026-09-19,3,"Okay / Neutral",4,"None / Peaceful",7,"Natapos ko lahat ng assignments on time. Peaceful weekend ahead."
109238475364,"Matthew Domingo",2026-09-15,5,"Energized",5,"None / Peaceful",3,"Natapos ko lahat ng assignments on time. Peaceful weekend ahead."
109238475364,"Matthew Domingo",2026-09-16,5,"Energized",4,"None / Peaceful",3,"Natapos ko lahat ng assignments on time. Peaceful weekend ahead."
109238475364,"Matthew Domingo",2026-09-17,4,"Good",5,"None / Peaceful",3,"Natapos ko lahat ng assignments on time. Peaceful weekend ahead."
109238475364,"Matthew Domingo",2026-09-18,4,"Good",5,"Exams / Deadlines",3,"Masaya ang homeroom activity kanina kasama ang advisory class!"
109238475364,"Matthew Domingo",2026-09-19,4,"Good",4,"None / Peaceful",3,"Natapos ko lahat ng assignments on time. Peaceful weekend ahead."
109238475365,"Mariel Castillo",2026-09-15,4,"Good",2,"None / Peaceful",12,"May kaunting financial delay pero nakiusap naman kami sa accounting."
109238475365,"Mariel Castillo",2026-09-16,2,"Stressed",2,"Finances",12,"Nangangailangan ng review session sa Math bago mag-midterm."
109238475365,"Mariel Castillo",2026-09-17,4,"Good",2,"Sleep",12,"Nangangailangan ng review session sa Math bago mag-midterm."
109238475365,"Mariel Castillo",2026-09-18,2,"Stressed",3,"Sleep",12,"Medyo puyat kaka-review, pero nakabawi naman ng tulog."
109238475365,"Mariel Castillo",2026-09-19,4,"Good",2,"Finances",12,"May kaunting financial delay pero nakiusap naman kami sa accounting."
109238475366,"Lucas Castillo",2026-09-15,4,"Good",5,"None / Peaceful",9,"Masaya ang homeroom activity kanina kasama ang advisory class!"
109238475366,"Lucas Castillo",2026-09-16,3,"Okay / Neutral",4,"None / Peaceful",9,"Natapos ko lahat ng assignments on time. Peaceful weekend ahead."
109238475366,"Lucas Castillo",2026-09-17,4,"Good",5,"None / Peaceful",9,"Maganda ang score ko sa science experiment. Ready for tomorrow!"
109238475366,"Lucas Castillo",2026-09-18,5,"Energized",4,"None / Peaceful",9,"Feeling energized after PE class. Focused on my study goals."
109238475366,"Lucas Castillo",2026-09-19,4,"Good",4,"None / Peaceful",9,"Masaya ang homeroom activity kanina kasama ang advisory class!"
109238475367,"Patricia Tan",2026-09-15,3,"Okay / Neutral",5,"None / Peaceful",4,"Feeling energized after PE class. Focused on my study goals."
109238475367,"Patricia Tan",2026-09-16,4,"Good",4,"None / Peaceful",4,"Maganda ang score ko sa science experiment. Ready for tomorrow!"
109238475367,"Patricia Tan",2026-09-17,4,"Good",4,"None / Peaceful",4,"Natapos ko lahat ng assignments on time. Peaceful weekend ahead."
109238475367,"Patricia Tan",2026-09-18,4,"Good",4,"Exams / Deadlines",4,"Feeling energized after PE class. Focused on my study goals."
109238475367,"Patricia Tan",2026-09-19,3,"Okay / Neutral",4,"None / Peaceful",4,"Natapos ko lahat ng assignments on time. Peaceful weekend ahead."
109238475368,"Samantha Nicole Aquino",2026-09-15,4,"Good",4,"None / Peaceful",3,"Feeling energized after PE class. Focused on my study goals."
109238475368,"Samantha Nicole Aquino",2026-09-16,4,"Good",4,"None / Peaceful",3,"Feeling energized after PE class. Focused on my study goals."
109238475368,"Samantha Nicole Aquino",2026-09-17,5,"Energized",4,"Exams / Deadlines",3,"Masaya ang homeroom activity kanina kasama ang advisory class!"
109238475368,"Samantha Nicole Aquino",2026-09-18,3,"Okay / Neutral",4,"None / Peaceful",3,"Feeling energized after PE class. Focused on my study goals."
109238475368,"Samantha Nicole Aquino",2026-09-19,5,"Energized",4,"Exams / Deadlines",3,"Feeling energized after PE class. Focused on my study goals."
109238475369,"Mark Kenneth Bautista",2026-09-15,4,"Good",4,"Exams / Deadlines",5,"Feeling energized after PE class. Focused on my study goals."
109238475369,"Mark Kenneth Bautista",2026-09-16,4,"Good",4,"None / Peaceful",5,"Masaya ang homeroom activity kanina kasama ang advisory class!"
109238475369,"Mark Kenneth Bautista",2026-09-17,4,"Good",5,"Exams / Deadlines",5,"Natapos ko lahat ng assignments on time. Peaceful weekend ahead."
109238475369,"Mark Kenneth Bautista",2026-09-18,4,"Good",5,"Exams / Deadlines",5,"Feeling energized after PE class. Focused on my study goals."
109238475369,"Mark Kenneth Bautista",2026-09-19,5,"Energized",4,"None / Peaceful",5,"Masaya ang homeroom activity kanina kasama ang advisory class!"
109238475370,"Lance Soriano",2026-09-15,2,"Stressed",1,"Family",6,"Daming sabay-sabay na project submission, pagod na po ang katawan at isip ko."
109238475370,"Lance Soriano",2026-09-16,1,"Overwhelmed",2,"Finances",6,"Sobrang nahihirapan na po ako sa Chemistry at Pre-Cal. Hindi na po ako makatulog sa gabi."
109238475370,"Lance Soriano",2026-09-17,1,"Overwhelmed",2,"Academics",6,"Sobrang nahihirapan na po ako sa Chemistry at Pre-Cal. Hindi na po ako makatulog sa gabi."
109238475370,"Lance Soriano",2026-09-18,1,"Overwhelmed",2,"Family",6,"Sobrang nahihirapan na po ako sa Chemistry at Pre-Cal. Hindi na po ako makatulog sa gabi."
109238475370,"Lance Soriano",2026-09-19,1,"Overwhelmed",1,"Finances",6,"Bagsak ako sa quarterly quiz, kinakabahan ako sabihin kay nanay."
109238475371,"Alyssa Soriano",2026-09-15,1,"Overwhelmed",1,"Exams / Deadlines",13,"Daming sabay-sabay na project submission, pagod na po ang katawan at isip ko."
109238475371,"Alyssa Soriano",2026-09-16,1,"Overwhelmed",1,"Family",13,"Walang katuwang sa bahay, ako nag-aalaga sa mga kapatid ko habang nag-aaral."
109238475371,"Alyssa Soriano",2026-09-17,1,"Overwhelmed",2,"Academics",13,"Daming sabay-sabay na project submission, pagod na po ang katawan at isip ko."
109238475371,"Alyssa Soriano",2026-09-18,3,"Okay / Neutral",2,"Exams / Deadlines",13,"Bagsak ako sa quarterly quiz, kinakabahan ako sabihin kay nanay."
109238475371,"Alyssa Soriano",2026-09-19,2,"Stressed",1,"Finances",13,"Walang katuwang sa bahay, ako nag-aalaga sa mga kapatid ko habang nag-aaral."
109238475372,"Angelo Gonzales",2026-09-15,4,"Good",5,"None / Peaceful",7,"Natapos ko lahat ng assignments on time. Peaceful weekend ahead."
109238475372,"Angelo Gonzales",2026-09-16,5,"Energized",4,"None / Peaceful",7,"Masaya ang homeroom activity kanina kasama ang advisory class!"
109238475372,"Angelo Gonzales",2026-09-17,4,"Good",5,"None / Peaceful",7,"Masaya ang homeroom activity kanina kasama ang advisory class!"
109238475372,"Angelo Gonzales",2026-09-18,4,"Good",4,"Exams / Deadlines",7,"Masaya ang homeroom activity kanina kasama ang advisory class!"
109238475372,"Angelo Gonzales",2026-09-19,3,"Okay / Neutral",5,"None / Peaceful",7,"Maganda ang score ko sa science experiment. Ready for tomorrow!"
109238475373,"Vincent Navarro",2026-09-15,3,"Okay / Neutral",2,"Family",3,"May kaunting financial delay pero nakiusap naman kami sa accounting."
109238475373,"Vincent Navarro",2026-09-16,3,"Okay / Neutral",2,"Physical Health",3,"Medyo puyat kaka-review, pero nakabawi naman ng tulog."
109238475373,"Vincent Navarro",2026-09-17,4,"Good",2,"Exams / Deadlines",3,"May kaunting financial delay pero nakiusap naman kami sa accounting."
109238475373,"Vincent Navarro",2026-09-18,2,"Stressed",2,"Physical Health",3,"Medyo puyat kaka-review, pero nakabawi naman ng tulog."
109238475373,"Vincent Navarro",2026-09-19,2,"Stressed",3,"None / Peaceful",3,"May kaunting financial delay pero nakiusap naman kami sa accounting."
109238475374,"Vanessa Gonzales",2026-09-15,3,"Okay / Neutral",3,"Physical Health",9,"Medyo busy dahil sa papalapit na group presentation pero kakayanin."
109238475374,"Vanessa Gonzales",2026-09-16,3,"Okay / Neutral",2,"Exams / Deadlines",9,"Nangangailangan ng review session sa Math bago mag-midterm."
109238475374,"Vanessa Gonzales",2026-09-17,4,"Good",2,"Sleep",9,"May kaunting financial delay pero nakiusap naman kami sa accounting."
109238475374,"Vanessa Gonzales",2026-09-18,3,"Okay / Neutral",2,"Academics",9,"Medyo busy dahil sa papalapit na group presentation pero kakayanin."
109238475374,"Vanessa Gonzales",2026-09-19,2,"Stressed",2,"Sleep",9,"May kaunting financial delay pero nakiusap naman kami sa accounting."
109238475375,"Shaina Ocampo",2026-09-15,4,"Good",2,"Physical Health",9,"May kaunting financial delay pero nakiusap naman kami sa accounting."
109238475375,"Shaina Ocampo",2026-09-16,2,"Stressed",3,"Finances",9,"Medyo puyat kaka-review, pero nakabawi naman ng tulog."
109238475375,"Shaina Ocampo",2026-09-17,4,"Good",2,"Family",9,"May kaunting financial delay pero nakiusap naman kami sa accounting."
109238475375,"Shaina Ocampo",2026-09-18,4,"Good",3,"Academics",9,"May kaunting financial delay pero nakiusap naman kami sa accounting."
109238475375,"Shaina Ocampo",2026-09-19,2,"Stressed",2,"Finances",9,"Nangangailangan ng review session sa Math bago mag-midterm."
109238475376,"Kristine Ocampo",2026-09-15,3,"Okay / Neutral",4,"None / Peaceful",11,"Masaya ang homeroom activity kanina kasama ang advisory class!"
109238475376,"Kristine Ocampo",2026-09-16,4,"Good",5,"Exams / Deadlines",11,"Maganda ang score ko sa science experiment. Ready for tomorrow!"
109238475376,"Kristine Ocampo",2026-09-17,5,"Energized",4,"Exams / Deadlines",11,"Natapos ko lahat ng assignments on time. Peaceful weekend ahead."
109238475376,"Kristine Ocampo",2026-09-18,4,"Good",4,"None / Peaceful",11,"Feeling energized after PE class. Focused on my study goals."
109238475376,"Kristine Ocampo",2026-09-19,4,"Good",4,"None / Peaceful",11,"Masaya ang homeroom activity kanina kasama ang advisory class!"
109238475377,"Karl Torres",2026-09-15,4,"Good",5,"Exams / Deadlines",14,"Feeling energized after PE class. Focused on my study goals."
109238475377,"Karl Torres",2026-09-16,4,"Good",5,"None / Peaceful",14,"Masaya ang homeroom activity kanina kasama ang advisory class!"
109238475377,"Karl Torres",2026-09-17,5,"Energized",5,"None / Peaceful",14,"Maganda ang score ko sa science experiment. Ready for tomorrow!"
109238475377,"Karl Torres",2026-09-18,4,"Good",4,"Exams / Deadlines",14,"Maganda ang score ko sa science experiment. Ready for tomorrow!"
109238475377,"Karl Torres",2026-09-19,5,"Energized",4,"Exams / Deadlines",14,"Maganda ang score ko sa science experiment. Ready for tomorrow!"
109238475378,"Kristine Santiago",2026-09-15,3,"Okay / Neutral",2,"Physical Health",5,"May kaunting financial delay pero nakiusap naman kami sa accounting."
109238475378,"Kristine Santiago",2026-09-16,3,"Okay / Neutral",2,"Physical Health",5,"Medyo puyat kaka-review, pero nakabawi naman ng tulog."
109238475378,"Kristine Santiago",2026-09-17,4,"Good",2,"Exams / Deadlines",5,"Nangangailangan ng review session sa Math bago mag-midterm."
109238475378,"Kristine Santiago",2026-09-18,2,"Stressed",3,"Finances",5,"Nangangailangan ng review session sa Math bago mag-midterm."
109238475378,"Kristine Santiago",2026-09-19,4,"Good",3,"None / Peaceful",5,"Medyo puyat kaka-review, pero nakabawi naman ng tulog."
109238475379,"Erika Castro",2026-09-15,5,"Energized",5,"None / Peaceful",6,"Natapos ko lahat ng assignments on time. Peaceful weekend ahead."
109238475379,"Erika Castro",2026-09-16,5,"Energized",4,"Exams / Deadlines",6,"Masaya ang homeroom activity kanina kasama ang advisory class!"
109238475379,"Erika Castro",2026-09-17,4,"Good",5,"None / Peaceful",6,"Feeling energized after PE class. Focused on my study goals."
109238475379,"Erika Castro",2026-09-18,5,"Energized",4,"Exams / Deadlines",6,"Masaya ang homeroom activity kanina kasama ang advisory class!"
109238475379,"Erika Castro",2026-09-19,3,"Okay / Neutral",4,"Exams / Deadlines",6,"Natapos ko lahat ng assignments on time. Peaceful weekend ahead."
109238475380,"Ralph Castro",2026-09-15,4,"Good",3,"Academics",11,"Nangangailangan ng review session sa Math bago mag-midterm."
109238475380,"Ralph Castro",2026-09-16,3,"Okay / Neutral",3,"Family",11,"Medyo puyat kaka-review, pero nakabawi naman ng tulog."
109238475380,"Ralph Castro",2026-09-17,4,"Good",3,"Family",11,"Nangangailangan ng review session sa Math bago mag-midterm."
109238475380,"Ralph Castro",2026-09-18,2,"Stressed",3,"Family",11,"Medyo puyat kaka-review, pero nakabawi naman ng tulog."
109238475380,"Ralph Castro",2026-09-19,3,"Okay / Neutral",2,"Family",11,"Nangangailangan ng review session sa Math bago mag-midterm."
109238475381,"Kristine Domingo",2026-09-15,5,"Energized",4,"None / Peaceful",10,"Maganda ang score ko sa science experiment. Ready for tomorrow!"
109238475381,"Kristine Domingo",2026-09-16,5,"Energized",4,"None / Peaceful",10,"Natapos ko lahat ng assignments on time. Peaceful weekend ahead."
109238475381,"Kristine Domingo",2026-09-17,4,"Good",4,"None / Peaceful",10,"Maganda ang score ko sa science experiment. Ready for tomorrow!"
109238475381,"Kristine Domingo",2026-09-18,3,"Okay / Neutral",4,"None / Peaceful",10,"Natapos ko lahat ng assignments on time. Peaceful weekend ahead."
109238475381,"Kristine Domingo",2026-09-19,3,"Okay / Neutral",4,"None / Peaceful",10,"Masaya ang homeroom activity kanina kasama ang advisory class!"
109238475382,"Erika Gonzales",2026-09-15,4,"Good",4,"Exams / Deadlines",5,"Feeling energized after PE class. Focused on my study goals."
109238475382,"Erika Gonzales",2026-09-16,5,"Energized",4,"Exams / Deadlines",5,"Natapos ko lahat ng assignments on time. Peaceful weekend ahead."
109238475382,"Erika Gonzales",2026-09-17,4,"Good",4,"Exams / Deadlines",5,"Natapos ko lahat ng assignments on time. Peaceful weekend ahead."
109238475382,"Erika Gonzales",2026-09-18,4,"Good",4,"Exams / Deadlines",5,"Maganda ang score ko sa science experiment. Ready for tomorrow!"
109238475382,"Erika Gonzales",2026-09-19,5,"Energized",4,"None / Peaceful",5,"Feeling energized after PE class. Focused on my study goals."
109238475383,"Vanessa Mendoza",2026-09-15,4,"Good",5,"None / Peaceful",3,"Maganda ang score ko sa science experiment. Ready for tomorrow!"
109238475383,"Vanessa Mendoza",2026-09-16,5,"Energized",5,"Exams / Deadlines",3,"Maganda ang score ko sa science experiment. Ready for tomorrow!"
109238475383,"Vanessa Mendoza",2026-09-17,5,"Energized",5,"None / Peaceful",3,"Feeling energized after PE class. Focused on my study goals."
109238475383,"Vanessa Mendoza",2026-09-18,5,"Energized",4,"None / Peaceful",3,"Feeling energized after PE class. Focused on my study goals."
109238475383,"Vanessa Mendoza",2026-09-19,5,"Energized",4,"None / Peaceful",3,"Maganda ang score ko sa science experiment. Ready for tomorrow!"
109238475384,"Bea Patricia Santos",2026-09-15,4,"Good",4,"Exams / Deadlines",6,"Feeling energized after PE class. Focused on my study goals."
109238475384,"Bea Patricia Santos",2026-09-16,5,"Energized",5,"None / Peaceful",6,"Feeling energized after PE class. Focused on my study goals."
109238475384,"Bea Patricia Santos",2026-09-17,5,"Energized",5,"Exams / Deadlines",6,"Natapos ko lahat ng assignments on time. Peaceful weekend ahead."
109238475384,"Bea Patricia Santos",2026-09-18,5,"Energized",4,"None / Peaceful",6,"Natapos ko lahat ng assignments on time. Peaceful weekend ahead."
109238475384,"Bea Patricia Santos",2026-09-19,5,"Energized",4,"Exams / Deadlines",6,"Masaya ang homeroom activity kanina kasama ang advisory class!"
109238475385,"Danielle San Jose",2026-09-15,2,"Stressed",1,"Family",7,"Daming sabay-sabay na project submission, pagod na po ang katawan at isip ko."
109238475385,"Danielle San Jose",2026-09-16,1,"Overwhelmed",2,"Finances",7,"Nag-aalala ako sa matrikula at baka hindi ako maka-exam sa finals."
109238475385,"Danielle San Jose",2026-09-17,3,"Okay / Neutral",1,"Finances",7,"Bagsak ako sa quarterly quiz, kinakabahan ako sabihin kay nanay."
109238475385,"Danielle San Jose",2026-09-18,2,"Stressed",1,"Exams / Deadlines",7,"Bagsak ako sa quarterly quiz, kinakabahan ako sabihin kay nanay."
109238475385,"Danielle San Jose",2026-09-19,3,"Okay / Neutral",2,"Academics",7,"Bagsak ako sa quarterly quiz, kinakabahan ako sabihin kay nanay."
109238475386,"Aaron Mendoza",2026-09-15,5,"Energized",4,"Exams / Deadlines",14,"Maganda ang score ko sa science experiment. Ready for tomorrow!"
109238475386,"Aaron Mendoza",2026-09-16,5,"Energized",4,"Exams / Deadlines",14,"Natapos ko lahat ng assignments on time. Peaceful weekend ahead."
109238475386,"Aaron Mendoza",2026-09-17,5,"Energized",4,"None / Peaceful",14,"Maganda ang score ko sa science experiment. Ready for tomorrow!"
109238475386,"Aaron Mendoza",2026-09-18,4,"Good",4,"None / Peaceful",14,"Feeling energized after PE class. Focused on my study goals."
109238475386,"Aaron Mendoza",2026-09-19,5,"Energized",5,"None / Peaceful",14,"Natapos ko lahat ng assignments on time. Peaceful weekend ahead."
109238475387,"Samantha Nicole Tan",2026-09-15,1,"Overwhelmed",2,"Family",9,"Daming sabay-sabay na project submission, pagod na po ang katawan at isip ko."
109238475387,"Samantha Nicole Tan",2026-09-16,2,"Stressed",1,"Exams / Deadlines",9,"Daming sabay-sabay na project submission, pagod na po ang katawan at isip ko."
109238475387,"Samantha Nicole Tan",2026-09-17,2,"Stressed",2,"Finances",9,"Nag-aalala ako sa matrikula at baka hindi ako maka-exam sa finals."
109238475387,"Samantha Nicole Tan",2026-09-18,2,"Stressed",1,"Exams / Deadlines",9,"Bagsak ako sa quarterly quiz, kinakabahan ako sabihin kay nanay."
109238475387,"Samantha Nicole Tan",2026-09-19,3,"Okay / Neutral",2,"Exams / Deadlines",9,"Daming sabay-sabay na project submission, pagod na po ang katawan at isip ko."
109238475388,"Paolo Tan",2026-09-15,4,"Good",3,"None / Peaceful",14,"May kaunting financial delay pero nakiusap naman kami sa accounting."
109238475388,"Paolo Tan",2026-09-16,3,"Okay / Neutral",3,"Physical Health",14,"Medyo puyat kaka-review, pero nakabawi naman ng tulog."
109238475388,"Paolo Tan",2026-09-17,3,"Okay / Neutral",3,"Sleep",14,"Nangangailangan ng review session sa Math bago mag-midterm."
109238475388,"Paolo Tan",2026-09-18,3,"Okay / Neutral",3,"Exams / Deadlines",14,"Medyo busy dahil sa papalapit na group presentation pero kakayanin."
109238475388,"Paolo Tan",2026-09-19,4,"Good",3,"Family",14,"Medyo busy dahil sa papalapit na group presentation pero kakayanin."
109238475389,"Francis Reyes",2026-09-15,3,"Okay / Neutral",4,"None / Peaceful",7,"Maganda ang score ko sa science experiment. Ready for tomorrow!"
109238475389,"Francis Reyes",2026-09-16,4,"Good",4,"None / Peaceful",7,"Masaya ang homeroom activity kanina kasama ang advisory class!"
109238475389,"Francis Reyes",2026-09-17,4,"Good",4,"Exams / Deadlines",7,"Maganda ang score ko sa science experiment. Ready for tomorrow!"
109238475389,"Francis Reyes",2026-09-18,4,"Good",4,"None / Peaceful",7,"Masaya ang homeroom activity kanina kasama ang advisory class!"
109238475389,"Francis Reyes",2026-09-19,4,"Good",4,"Exams / Deadlines",7,"Natapos ko lahat ng assignments on time. Peaceful weekend ahead."
109238475390,"Ethan Lim",2026-09-15,2,"Stressed",2,"None / Peaceful",8,"Nangangailangan ng review session sa Math bago mag-midterm."
109238475390,"Ethan Lim",2026-09-16,2,"Stressed",3,"Physical Health",8,"Medyo busy dahil sa papalapit na group presentation pero kakayanin."
109238475390,"Ethan Lim",2026-09-17,3,"Okay / Neutral",3,"Finances",8,"Medyo puyat kaka-review, pero nakabawi naman ng tulog."
109238475390,"Ethan Lim",2026-09-18,2,"Stressed",2,"Family",8,"Medyo puyat kaka-review, pero nakabawi naman ng tulog."
109238475390,"Ethan Lim",2026-09-19,4,"Good",2,"Physical Health",8,"Nangangailangan ng review session sa Math bago mag-midterm."
109238475391,"Sean Alcantara",2026-09-15,4,"Good",3,"Academics",8,"Medyo puyat kaka-review, pero nakabawi naman ng tulog."
109238475391,"Sean Alcantara",2026-09-16,4,"Good",2,"Finances",8,"Medyo busy dahil sa papalapit na group presentation pero kakayanin."
109238475391,"Sean Alcantara",2026-09-17,4,"Good",2,"Finances",8,"Medyo puyat kaka-review, pero nakabawi naman ng tulog."
109238475391,"Sean Alcantara",2026-09-18,2,"Stressed",3,"Sleep",8,"Medyo busy dahil sa papalapit na group presentation pero kakayanin."
109238475391,"Sean Alcantara",2026-09-19,3,"Okay / Neutral",2,"Exams / Deadlines",8,"Medyo busy dahil sa papalapit na group presentation pero kakayanin."
109238475392,"Nicole Tan",2026-09-15,1,"Overwhelmed",2,"Exams / Deadlines",9,"Bagsak ako sa quarterly quiz, kinakabahan ako sabihin kay nanay."
109238475392,"Nicole Tan",2026-09-16,3,"Okay / Neutral",1,"Family",9,"Walang katuwang sa bahay, ako nag-aalaga sa mga kapatid ko habang nag-aaral."
109238475392,"Nicole Tan",2026-09-17,1,"Overwhelmed",1,"Family",9,"Sobrang nahihirapan na po ako sa Chemistry at Pre-Cal. Hindi na po ako makatulog sa gabi."
109238475392,"Nicole Tan",2026-09-18,2,"Stressed",1,"Exams / Deadlines",9,"Walang katuwang sa bahay, ako nag-aalaga sa mga kapatid ko habang nag-aaral."
109238475392,"Nicole Tan",2026-09-19,1,"Overwhelmed",1,"Exams / Deadlines",9,"Walang katuwang sa bahay, ako nag-aalaga sa mga kapatid ko habang nag-aaral."
109238475393,"Vincent Alcantara",2026-09-15,5,"Energized",5,"Exams / Deadlines",8,"Maganda ang score ko sa science experiment. Ready for tomorrow!"
109238475393,"Vincent Alcantara",2026-09-16,3,"Okay / Neutral",4,"None / Peaceful",8,"Feeling energized after PE class. Focused on my study goals."
109238475393,"Vincent Alcantara",2026-09-17,4,"Good",4,"Exams / Deadlines",8,"Feeling energized after PE class. Focused on my study goals."
109238475393,"Vincent Alcantara",2026-09-18,5,"Energized",4,"None / Peaceful",8,"Maganda ang score ko sa science experiment. Ready for tomorrow!"
109238475393,"Vincent Alcantara",2026-09-19,3,"Okay / Neutral",5,"None / Peaceful",8,"Feeling energized after PE class. Focused on my study goals."
109238475394,"Kathleen Rivera",2026-09-15,3,"Okay / Neutral",5,"None / Peaceful",4,"Maganda ang score ko sa science experiment. Ready for tomorrow!"
109238475394,"Kathleen Rivera",2026-09-16,3,"Okay / Neutral",5,"None / Peaceful",4,"Feeling energized after PE class. Focused on my study goals."
109238475394,"Kathleen Rivera",2026-09-17,4,"Good",4,"None / Peaceful",4,"Feeling energized after PE class. Focused on my study goals."
109238475394,"Kathleen Rivera",2026-09-18,3,"Okay / Neutral",4,"None / Peaceful",4,"Natapos ko lahat ng assignments on time. Peaceful weekend ahead."
109238475394,"Kathleen Rivera",2026-09-19,5,"Energized",4,"None / Peaceful",4,"Maganda ang score ko sa science experiment. Ready for tomorrow!"
109238475395,"John Carlo Bautista",2026-09-15,4,"Good",5,"Exams / Deadlines",11,"Masaya ang homeroom activity kanina kasama ang advisory class!"
109238475395,"John Carlo Bautista",2026-09-16,4,"Good",4,"Exams / Deadlines",11,"Masaya ang homeroom activity kanina kasama ang advisory class!"
109238475395,"John Carlo Bautista",2026-09-17,5,"Energized",4,"None / Peaceful",11,"Masaya ang homeroom activity kanina kasama ang advisory class!"
109238475395,"John Carlo Bautista",2026-09-18,5,"Energized",4,"Exams / Deadlines",11,"Natapos ko lahat ng assignments on time. Peaceful weekend ahead."
109238475395,"John Carlo Bautista",2026-09-19,5,"Energized",5,"None / Peaceful",11,"Feeling energized after PE class. Focused on my study goals."
109238475396,"Matthew Padilla",2026-09-15,2,"Stressed",1,"Exams / Deadlines",7,"Bagsak ako sa quarterly quiz, kinakabahan ako sabihin kay nanay."
109238475396,"Matthew Padilla",2026-09-16,3,"Okay / Neutral",2,"Exams / Deadlines",7,"Nag-aalala ako sa matrikula at baka hindi ako maka-exam sa finals."
109238475396,"Matthew Padilla",2026-09-17,3,"Okay / Neutral",1,"Academics",7,"Bagsak ako sa quarterly quiz, kinakabahan ako sabihin kay nanay."
109238475396,"Matthew Padilla",2026-09-18,2,"Stressed",2,"Family",7,"Bagsak ako sa quarterly quiz, kinakabahan ako sabihin kay nanay."
109238475396,"Matthew Padilla",2026-09-19,2,"Stressed",1,"Family",7,"Bagsak ako sa quarterly quiz, kinakabahan ako sabihin kay nanay."
109238475397,"Angelica Torres",2026-09-15,5,"Energized",4,"Exams / Deadlines",6,"Masaya ang homeroom activity kanina kasama ang advisory class!"
109238475397,"Angelica Torres",2026-09-16,5,"Energized",5,"None / Peaceful",6,"Natapos ko lahat ng assignments on time. Peaceful weekend ahead."
109238475397,"Angelica Torres",2026-09-17,4,"Good",5,"None / Peaceful",6,"Masaya ang homeroom activity kanina kasama ang advisory class!"
109238475397,"Angelica Torres",2026-09-18,5,"Energized",4,"None / Peaceful",6,"Natapos ko lahat ng assignments on time. Peaceful weekend ahead."
109238475397,"Angelica Torres",2026-09-19,4,"Good",4,"None / Peaceful",6,"Masaya ang homeroom activity kanina kasama ang advisory class!"
109238475398,"Karl Lim",2026-09-15,2,"Stressed",2,"Academics",3,"Nangangailangan ng review session sa Math bago mag-midterm."
109238475398,"Karl Lim",2026-09-16,3,"Okay / Neutral",3,"Finances",3,"Medyo puyat kaka-review, pero nakabawi naman ng tulog."
109238475398,"Karl Lim",2026-09-17,4,"Good",3,"Finances",3,"Nangangailangan ng review session sa Math bago mag-midterm."
109238475398,"Karl Lim",2026-09-18,2,"Stressed",2,"None / Peaceful",3,"Medyo puyat kaka-review, pero nakabawi naman ng tulog."
109238475398,"Karl Lim",2026-09-19,3,"Okay / Neutral",2,"Academics",3,"Medyo puyat kaka-review, pero nakabawi naman ng tulog."
109238475399,"Shaina Valdez",2026-09-15,3,"Okay / Neutral",4,"None / Peaceful",12,"Masaya ang homeroom activity kanina kasama ang advisory class!"
109238475399,"Shaina Valdez",2026-09-16,5,"Energized",5,"None / Peaceful",12,"Feeling energized after PE class. Focused on my study goals."
109238475399,"Shaina Valdez",2026-09-17,5,"Energized",5,"None / Peaceful",12,"Maganda ang score ko sa science experiment. Ready for tomorrow!"
109238475399,"Shaina Valdez",2026-09-18,3,"Okay / Neutral",4,"None / Peaceful",12,"Feeling energized after PE class. Focused on my study goals."
109238475399,"Shaina Valdez",2026-09-19,5,"Energized",4,"None / Peaceful",12,"Maganda ang score ko sa science experiment. Ready for tomorrow!"
109238475400,"Trisha Alcantara",2026-09-15,2,"Stressed",2,"Exams / Deadlines",14,"Sobrang nahihirapan na po ako sa Chemistry at Pre-Cal. Hindi na po ako makatulog sa gabi."
109238475400,"Trisha Alcantara",2026-09-16,1,"Overwhelmed",1,"Finances",14,"Walang katuwang sa bahay, ako nag-aalaga sa mga kapatid ko habang nag-aaral."
109238475400,"Trisha Alcantara",2026-09-17,2,"Stressed",1,"Family",14,"Nag-aalala ako sa matrikula at baka hindi ako maka-exam sa finals."
109238475400,"Trisha Alcantara",2026-09-18,3,"Okay / Neutral",1,"Finances",14,"Nag-aalala ako sa matrikula at baka hindi ako maka-exam sa finals."
109238475400,"Trisha Alcantara",2026-09-19,3,"Okay / Neutral",1,"Finances",14,"Daming sabay-sabay na project submission, pagod na po ang katawan at isip ko."
109238475401,"Alexander Manalo",2026-09-15,3,"Okay / Neutral",5,"None / Peaceful",12,"Maganda ang score ko sa science experiment. Ready for tomorrow!"
109238475401,"Alexander Manalo",2026-09-16,4,"Good",5,"None / Peaceful",12,"Natapos ko lahat ng assignments on time. Peaceful weekend ahead."
109238475401,"Alexander Manalo",2026-09-17,4,"Good",5,"Exams / Deadlines",12,"Natapos ko lahat ng assignments on time. Peaceful weekend ahead."
109238475401,"Alexander Manalo",2026-09-18,5,"Energized",4,"None / Peaceful",12,"Masaya ang homeroom activity kanina kasama ang advisory class!"
109238475401,"Alexander Manalo",2026-09-19,4,"Good",4,"Exams / Deadlines",12,"Natapos ko lahat ng assignments on time. Peaceful weekend ahead."
109238475402,"Mariel Santiago",2026-09-15,5,"Energized",5,"None / Peaceful",8,"Maganda ang score ko sa science experiment. Ready for tomorrow!"
109238475402,"Mariel Santiago",2026-09-16,3,"Okay / Neutral",5,"None / Peaceful",8,"Natapos ko lahat ng assignments on time. Peaceful weekend ahead."
109238475402,"Mariel Santiago",2026-09-17,5,"Energized",4,"None / Peaceful",8,"Maganda ang score ko sa science experiment. Ready for tomorrow!"
109238475402,"Mariel Santiago",2026-09-18,4,"Good",4,"None / Peaceful",8,"Maganda ang score ko sa science experiment. Ready for tomorrow!"
109238475402,"Mariel Santiago",2026-09-19,5,"Energized",4,"None / Peaceful",8,"Feeling energized after PE class. Focused on my study goals."
109238475403,"John Carlo Dizon",2026-09-15,4,"Good",5,"Exams / Deadlines",4,"Feeling energized after PE class. Focused on my study goals."
109238475403,"John Carlo Dizon",2026-09-16,4,"Good",4,"None / Peaceful",4,"Masaya ang homeroom activity kanina kasama ang advisory class!"
109238475403,"John Carlo Dizon",2026-09-17,5,"Energized",4,"Exams / Deadlines",4,"Feeling energized after PE class. Focused on my study goals."
109238475403,"John Carlo Dizon",2026-09-18,5,"Energized",4,"None / Peaceful",4,"Maganda ang score ko sa science experiment. Ready for tomorrow!"
109238475403,"John Carlo Dizon",2026-09-19,4,"Good",4,"None / Peaceful",4,"Feeling energized after PE class. Focused on my study goals."
109238475404,"Andrea Salazar",2026-09-15,2,"Stressed",2,"Sleep",14,"Nangangailangan ng review session sa Math bago mag-midterm."
109238475404,"Andrea Salazar",2026-09-16,3,"Okay / Neutral",3,"Family",14,"Medyo puyat kaka-review, pero nakabawi naman ng tulog."
109238475404,"Andrea Salazar",2026-09-17,3,"Okay / Neutral",2,"Family",14,"Nangangailangan ng review session sa Math bago mag-midterm."
109238475404,"Andrea Salazar",2026-09-18,2,"Stressed",2,"Family",14,"Medyo puyat kaka-review, pero nakabawi naman ng tulog."
109238475404,"Andrea Salazar",2026-09-19,2,"Stressed",2,"None / Peaceful",14,"Nangangailangan ng review session sa Math bago mag-midterm."
109238475405,"Bianca Manalo",2026-09-15,5,"Energized",5,"Exams / Deadlines",14,"Natapos ko lahat ng assignments on time. Peaceful weekend ahead."
109238475405,"Bianca Manalo",2026-09-16,3,"Okay / Neutral",5,"None / Peaceful",14,"Natapos ko lahat ng assignments on time. Peaceful weekend ahead."
109238475405,"Bianca Manalo",2026-09-17,5,"Energized",4,"None / Peaceful",14,"Masaya ang homeroom activity kanina kasama ang advisory class!"
109238475405,"Bianca Manalo",2026-09-18,5,"Energized",4,"None / Peaceful",14,"Masaya ang homeroom activity kanina kasama ang advisory class!"
109238475405,"Bianca Manalo",2026-09-19,5,"Energized",4,"Exams / Deadlines",14,"Masaya ang homeroom activity kanina kasama ang advisory class!"
109238475406,"Samantha Nicole Soriano",2026-09-15,3,"Okay / Neutral",3,"Physical Health",10,"Nangangailangan ng review session sa Math bago mag-midterm."
109238475406,"Samantha Nicole Soriano",2026-09-16,2,"Stressed",2,"Sleep",10,"Medyo busy dahil sa papalapit na group presentation pero kakayanin."
109238475406,"Samantha Nicole Soriano",2026-09-17,3,"Okay / Neutral",3,"Family",10,"Medyo busy dahil sa papalapit na group presentation pero kakayanin."
109238475406,"Samantha Nicole Soriano",2026-09-18,4,"Good",3,"Sleep",10,"Nangangailangan ng review session sa Math bago mag-midterm."
109238475406,"Samantha Nicole Soriano",2026-09-19,3,"Okay / Neutral",2,"Finances",10,"Medyo busy dahil sa papalapit na group presentation pero kakayanin."
109238475407,"Rochelle Bautista",2026-09-15,4,"Good",4,"None / Peaceful",9,"Natapos ko lahat ng assignments on time. Peaceful weekend ahead."
109238475407,"Rochelle Bautista",2026-09-16,4,"Good",5,"None / Peaceful",9,"Masaya ang homeroom activity kanina kasama ang advisory class!"
109238475407,"Rochelle Bautista",2026-09-17,4,"Good",4,"Exams / Deadlines",9,"Masaya ang homeroom activity kanina kasama ang advisory class!"
109238475407,"Rochelle Bautista",2026-09-18,4,"Good",5,"None / Peaceful",9,"Natapos ko lahat ng assignments on time. Peaceful weekend ahead."
109238475407,"Rochelle Bautista",2026-09-19,4,"Good",4,"None / Peaceful",9,"Masaya ang homeroom activity kanina kasama ang advisory class!"
109238475408,"Joshua Rivera",2026-09-15,4,"Good",4,"None / Peaceful",5,"Feeling energized after PE class. Focused on my study goals."
109238475408,"Joshua Rivera",2026-09-16,5,"Energized",4,"None / Peaceful",5,"Masaya ang homeroom activity kanina kasama ang advisory class!"
109238475408,"Joshua Rivera",2026-09-17,4,"Good",5,"None / Peaceful",5,"Maganda ang score ko sa science experiment. Ready for tomorrow!"
109238475408,"Joshua Rivera",2026-09-18,4,"Good",5,"None / Peaceful",5,"Natapos ko lahat ng assignments on time. Peaceful weekend ahead."
109238475408,"Joshua Rivera",2026-09-19,5,"Energized",4,"None / Peaceful",5,"Natapos ko lahat ng assignments on time. Peaceful weekend ahead."
109238475409,"Angelo Navarro",2026-09-15,4,"Good",4,"None / Peaceful",9,"Feeling energized after PE class. Focused on my study goals."
109238475409,"Angelo Navarro",2026-09-16,4,"Good",4,"None / Peaceful",9,"Masaya ang homeroom activity kanina kasama ang advisory class!"
109238475409,"Angelo Navarro",2026-09-17,4,"Good",5,"Exams / Deadlines",9,"Natapos ko lahat ng assignments on time. Peaceful weekend ahead."
109238475409,"Angelo Navarro",2026-09-18,5,"Energized",4,"Exams / Deadlines",9,"Natapos ko lahat ng assignments on time. Peaceful weekend ahead."
109238475409,"Angelo Navarro",2026-09-19,3,"Okay / Neutral",4,"Exams / Deadlines",9,"Maganda ang score ko sa science experiment. Ready for tomorrow!"
109238475410,"Lance Corpuz",2026-09-15,5,"Energized",4,"None / Peaceful",8,"Feeling energized after PE class. Focused on my study goals."
109238475410,"Lance Corpuz",2026-09-16,4,"Good",5,"None / Peaceful",8,"Masaya ang homeroom activity kanina kasama ang advisory class!"
109238475410,"Lance Corpuz",2026-09-17,3,"Okay / Neutral",4,"Exams / Deadlines",8,"Natapos ko lahat ng assignments on time. Peaceful weekend ahead."
109238475410,"Lance Corpuz",2026-09-18,4,"Good",4,"None / Peaceful",8,"Maganda ang score ko sa science experiment. Ready for tomorrow!"
109238475410,"Lance Corpuz",2026-09-19,4,"Good",5,"None / Peaceful",8,"Feeling energized after PE class. Focused on my study goals."
109238475411,"Sofia Salazar",2026-09-15,5,"Energized",5,"None / Peaceful",8,"Natapos ko lahat ng assignments on time. Peaceful weekend ahead."
109238475411,"Sofia Salazar",2026-09-16,5,"Energized",5,"None / Peaceful",8,"Natapos ko lahat ng assignments on time. Peaceful weekend ahead."
109238475411,"Sofia Salazar",2026-09-17,4,"Good",5,"Exams / Deadlines",8,"Natapos ko lahat ng assignments on time. Peaceful weekend ahead."
109238475411,"Sofia Salazar",2026-09-18,4,"Good",4,"None / Peaceful",8,"Feeling energized after PE class. Focused on my study goals."
109238475411,"Sofia Salazar",2026-09-19,4,"Good",5,"None / Peaceful",8,"Feeling energized after PE class. Focused on my study goals."
109238475412,"Paolo Villanueva",2026-09-15,5,"Energized",4,"None / Peaceful",8,"Maganda ang score ko sa science experiment. Ready for tomorrow!"
109238475412,"Paolo Villanueva",2026-09-16,5,"Energized",5,"None / Peaceful",8,"Natapos ko lahat ng assignments on time. Peaceful weekend ahead."
109238475412,"Paolo Villanueva",2026-09-17,5,"Energized",5,"Exams / Deadlines",8,"Maganda ang score ko sa science experiment. Ready for tomorrow!"
109238475412,"Paolo Villanueva",2026-09-18,5,"Energized",4,"None / Peaceful",8,"Feeling energized after PE class. Focused on my study goals."
109238475412,"Paolo Villanueva",2026-09-19,5,"Energized",4,"None / Peaceful",8,"Feeling energized after PE class. Focused on my study goals."
109238475413,"Shaina Tan",2026-09-15,4,"Good",4,"Exams / Deadlines",11,"Feeling energized after PE class. Focused on my study goals."
109238475413,"Shaina Tan",2026-09-16,5,"Energized",5,"None / Peaceful",11,"Masaya ang homeroom activity kanina kasama ang advisory class!"
109238475413,"Shaina Tan",2026-09-17,5,"Energized",5,"Exams / Deadlines",11,"Maganda ang score ko sa science experiment. Ready for tomorrow!"
109238475413,"Shaina Tan",2026-09-18,3,"Okay / Neutral",5,"None / Peaceful",11,"Feeling energized after PE class. Focused on my study goals."
109238475413,"Shaina Tan",2026-09-19,4,"Good",4,"None / Peaceful",11,"Maganda ang score ko sa science experiment. Ready for tomorrow!"
109238475414,"Dominic Corpuz",2026-09-15,3,"Okay / Neutral",3,"Sleep",3,"Nangangailangan ng review session sa Math bago mag-midterm."
109238475414,"Dominic Corpuz",2026-09-16,2,"Stressed",3,"Academics",3,"May kaunting financial delay pero nakiusap naman kami sa accounting."
109238475414,"Dominic Corpuz",2026-09-17,3,"Okay / Neutral",2,"Physical Health",3,"Medyo puyat kaka-review, pero nakabawi naman ng tulog."
109238475414,"Dominic Corpuz",2026-09-18,3,"Okay / Neutral",3,"None / Peaceful",3,"Nangangailangan ng review session sa Math bago mag-midterm."
109238475414,"Dominic Corpuz",2026-09-19,2,"Stressed",2,"Sleep",3,"May kaunting financial delay pero nakiusap naman kami sa accounting."
109238475415,"Patricia Torres",2026-09-15,4,"Good",4,"None / Peaceful",9,"Natapos ko lahat ng assignments on time. Peaceful weekend ahead."
109238475415,"Patricia Torres",2026-09-16,4,"Good",5,"Exams / Deadlines",9,"Natapos ko lahat ng assignments on time. Peaceful weekend ahead."
109238475415,"Patricia Torres",2026-09-17,4,"Good",4,"None / Peaceful",9,"Masaya ang homeroom activity kanina kasama ang advisory class!"
109238475415,"Patricia Torres",2026-09-18,5,"Energized",4,"Exams / Deadlines",9,"Natapos ko lahat ng assignments on time. Peaceful weekend ahead."
109238475415,"Patricia Torres",2026-09-19,5,"Energized",4,"None / Peaceful",9,"Masaya ang homeroom activity kanina kasama ang advisory class!"
109238475416,"Joshua Santos",2026-09-15,1,"Overwhelmed",1,"Family",8,"Bagsak ako sa quarterly quiz, kinakabahan ako sabihin kay nanay."
109238475416,"Joshua Santos",2026-09-16,2,"Stressed",2,"Family",8,"Nag-aalala ako sa matrikula at baka hindi ako maka-exam sa finals."
109238475416,"Joshua Santos",2026-09-17,2,"Stressed",1,"Finances",8,"Walang katuwang sa bahay, ako nag-aalaga sa mga kapatid ko habang nag-aaral."
109238475416,"Joshua Santos",2026-09-18,3,"Okay / Neutral",2,"Academics",8,"Bagsak ako sa quarterly quiz, kinakabahan ako sabihin kay nanay."
109238475416,"Joshua Santos",2026-09-19,2,"Stressed",2,"Finances",8,"Walang katuwang sa bahay, ako nag-aalaga sa mga kapatid ko habang nag-aaral."
109238475417,"Ralph Castro",2026-09-15,4,"Good",4,"None / Peaceful",8,"Masaya ang homeroom activity kanina kasama ang advisory class!"
109238475417,"Ralph Castro",2026-09-16,5,"Energized",4,"Exams / Deadlines",8,"Natapos ko lahat ng assignments on time. Peaceful weekend ahead."
109238475417,"Ralph Castro",2026-09-17,4,"Good",5,"Exams / Deadlines",8,"Feeling energized after PE class. Focused on my study goals."
109238475417,"Ralph Castro",2026-09-18,5,"Energized",4,"None / Peaceful",8,"Natapos ko lahat ng assignments on time. Peaceful weekend ahead."
109238475417,"Ralph Castro",2026-09-19,3,"Okay / Neutral",4,"None / Peaceful",8,"Natapos ko lahat ng assignments on time. Peaceful weekend ahead."
109238475418,"Jasmine Torres",2026-09-15,4,"Good",4,"None / Peaceful",11,"Natapos ko lahat ng assignments on time. Peaceful weekend ahead."
109238475418,"Jasmine Torres",2026-09-16,5,"Energized",5,"Exams / Deadlines",11,"Natapos ko lahat ng assignments on time. Peaceful weekend ahead."
109238475418,"Jasmine Torres",2026-09-17,4,"Good",4,"Exams / Deadlines",11,"Masaya ang homeroom activity kanina kasama ang advisory class!"
109238475418,"Jasmine Torres",2026-09-18,5,"Energized",4,"Exams / Deadlines",11,"Feeling energized after PE class. Focused on my study goals."
109238475418,"Jasmine Torres",2026-09-19,5,"Energized",4,"None / Peaceful",11,"Natapos ko lahat ng assignments on time. Peaceful weekend ahead."
109238475419,"Denise Tolentino",2026-09-15,2,"Stressed",3,"Exams / Deadlines",10,"Nangangailangan ng review session sa Math bago mag-midterm."
109238475419,"Denise Tolentino",2026-09-16,4,"Good",3,"None / Peaceful",10,"Nangangailangan ng review session sa Math bago mag-midterm."
109238475419,"Denise Tolentino",2026-09-17,2,"Stressed",3,"Sleep",10,"Medyo puyat kaka-review, pero nakabawi naman ng tulog."
109238475419,"Denise Tolentino",2026-09-18,4,"Good",2,"Sleep",10,"Medyo busy dahil sa papalapit na group presentation pero kakayanin."
109238475419,"Denise Tolentino",2026-09-19,3,"Okay / Neutral",2,"Physical Health",10,"Nangangailangan ng review session sa Math bago mag-midterm."
109238475420,"Patricia Gonzales",2026-09-15,4,"Good",4,"None / Peaceful",13,"Masaya ang homeroom activity kanina kasama ang advisory class!"
109238475420,"Patricia Gonzales",2026-09-16,4,"Good",4,"None / Peaceful",13,"Maganda ang score ko sa science experiment. Ready for tomorrow!"
109238475420,"Patricia Gonzales",2026-09-17,4,"Good",4,"None / Peaceful",13,"Maganda ang score ko sa science experiment. Ready for tomorrow!"
109238475420,"Patricia Gonzales",2026-09-18,5,"Energized",4,"None / Peaceful",13,"Feeling energized after PE class. Focused on my study goals."
109238475420,"Patricia Gonzales",2026-09-19,3,"Okay / Neutral",4,"None / Peaceful",13,"Maganda ang score ko sa science experiment. Ready for tomorrow!"
109238475421,"Ralph Reyes",2026-09-15,5,"Energized",4,"None / Peaceful",4,"Masaya ang homeroom activity kanina kasama ang advisory class!"
109238475421,"Ralph Reyes",2026-09-16,5,"Energized",4,"None / Peaceful",4,"Natapos ko lahat ng assignments on time. Peaceful weekend ahead."
109238475421,"Ralph Reyes",2026-09-17,3,"Okay / Neutral",4,"None / Peaceful",4,"Feeling energized after PE class. Focused on my study goals."
109238475421,"Ralph Reyes",2026-09-18,5,"Energized",5,"Exams / Deadlines",4,"Maganda ang score ko sa science experiment. Ready for tomorrow!"
109238475421,"Ralph Reyes",2026-09-19,5,"Energized",4,"Exams / Deadlines",4,"Masaya ang homeroom activity kanina kasama ang advisory class!"
109238475422,"Nathan Santiago",2026-09-15,4,"Good",5,"None / Peaceful",7,"Feeling energized after PE class. Focused on my study goals."
109238475422,"Nathan Santiago",2026-09-16,4,"Good",5,"Exams / Deadlines",7,"Masaya ang homeroom activity kanina kasama ang advisory class!"
109238475422,"Nathan Santiago",2026-09-17,4,"Good",4,"None / Peaceful",7,"Masaya ang homeroom activity kanina kasama ang advisory class!"
109238475422,"Nathan Santiago",2026-09-18,5,"Energized",4,"None / Peaceful",7,"Maganda ang score ko sa science experiment. Ready for tomorrow!"
109238475422,"Nathan Santiago",2026-09-19,5,"Energized",5,"None / Peaceful",7,"Natapos ko lahat ng assignments on time. Peaceful weekend ahead."
109238475423,"Karl Dela Cruz",2026-09-15,5,"Energized",4,"Exams / Deadlines",6,"Feeling energized after PE class. Focused on my study goals."
109238475423,"Karl Dela Cruz",2026-09-16,4,"Good",4,"None / Peaceful",6,"Natapos ko lahat ng assignments on time. Peaceful weekend ahead."
109238475423,"Karl Dela Cruz",2026-09-17,4,"Good",5,"None / Peaceful",6,"Masaya ang homeroom activity kanina kasama ang advisory class!"
109238475423,"Karl Dela Cruz",2026-09-18,3,"Okay / Neutral",4,"Exams / Deadlines",6,"Masaya ang homeroom activity kanina kasama ang advisory class!"
109238475423,"Karl Dela Cruz",2026-09-19,5,"Energized",5,"None / Peaceful",6,"Feeling energized after PE class. Focused on my study goals."
109238475424,"Rochelle Villanueva",2026-09-15,5,"Energized",4,"Exams / Deadlines",6,"Masaya ang homeroom activity kanina kasama ang advisory class!"
109238475424,"Rochelle Villanueva",2026-09-16,3,"Okay / Neutral",4,"None / Peaceful",6,"Masaya ang homeroom activity kanina kasama ang advisory class!"
109238475424,"Rochelle Villanueva",2026-09-17,5,"Energized",4,"None / Peaceful",6,"Feeling energized after PE class. Focused on my study goals."
109238475424,"Rochelle Villanueva",2026-09-18,3,"Okay / Neutral",5,"None / Peaceful",6,"Maganda ang score ko sa science experiment. Ready for tomorrow!"
109238475424,"Rochelle Villanueva",2026-09-19,4,"Good",4,"None / Peaceful",6,"Feeling energized after PE class. Focused on my study goals."
109238475425,"Nicole Padilla",2026-09-15,3,"Okay / Neutral",5,"None / Peaceful",11,"Maganda ang score ko sa science experiment. Ready for tomorrow!"
109238475425,"Nicole Padilla",2026-09-16,4,"Good",4,"None / Peaceful",11,"Maganda ang score ko sa science experiment. Ready for tomorrow!"
109238475425,"Nicole Padilla",2026-09-17,5,"Energized",5,"None / Peaceful",11,"Feeling energized after PE class. Focused on my study goals."
109238475425,"Nicole Padilla",2026-09-18,4,"Good",5,"Exams / Deadlines",11,"Feeling energized after PE class. Focused on my study goals."
109238475425,"Nicole Padilla",2026-09-19,5,"Energized",4,"None / Peaceful",11,"Feeling energized after PE class. Focused on my study goals."
109238475426,"Jerome Valdez",2026-09-15,2,"Stressed",2,"Exams / Deadlines",3,"Medyo busy dahil sa papalapit na group presentation pero kakayanin."
109238475426,"Jerome Valdez",2026-09-16,4,"Good",3,"Physical Health",3,"May kaunting financial delay pero nakiusap naman kami sa accounting."
109238475426,"Jerome Valdez",2026-09-17,4,"Good",3,"Physical Health",3,"Medyo puyat kaka-review, pero nakabawi naman ng tulog."
109238475426,"Jerome Valdez",2026-09-18,4,"Good",2,"Finances",3,"Medyo busy dahil sa papalapit na group presentation pero kakayanin."
109238475426,"Jerome Valdez",2026-09-19,3,"Okay / Neutral",2,"Academics",3,"Medyo puyat kaka-review, pero nakabawi naman ng tulog."
109238475427,"Nicole Santos",2026-09-15,3,"Okay / Neutral",1,"Academics",6,"Bagsak ako sa quarterly quiz, kinakabahan ako sabihin kay nanay."
109238475427,"Nicole Santos",2026-09-16,1,"Overwhelmed",1,"Exams / Deadlines",6,"Sobrang nahihirapan na po ako sa Chemistry at Pre-Cal. Hindi na po ako makatulog sa gabi."
109238475427,"Nicole Santos",2026-09-17,1,"Overwhelmed",1,"Finances",6,"Bagsak ako sa quarterly quiz, kinakabahan ako sabihin kay nanay."
109238475427,"Nicole Santos",2026-09-18,1,"Overwhelmed",1,"Finances",6,"Sobrang nahihirapan na po ako sa Chemistry at Pre-Cal. Hindi na po ako makatulog sa gabi."
109238475427,"Nicole Santos",2026-09-19,1,"Overwhelmed",1,"Family",6,"Bagsak ako sa quarterly quiz, kinakabahan ako sabihin kay nanay."
109238475428,"Ralph Garcia",2026-09-15,4,"Good",5,"Exams / Deadlines",5,"Feeling energized after PE class. Focused on my study goals."
109238475428,"Ralph Garcia",2026-09-16,4,"Good",4,"None / Peaceful",5,"Maganda ang score ko sa science experiment. Ready for tomorrow!"
109238475428,"Ralph Garcia",2026-09-17,4,"Good",5,"None / Peaceful",5,"Maganda ang score ko sa science experiment. Ready for tomorrow!"
109238475428,"Ralph Garcia",2026-09-18,5,"Energized",4,"None / Peaceful",5,"Natapos ko lahat ng assignments on time. Peaceful weekend ahead."
109238475428,"Ralph Garcia",2026-09-19,5,"Energized",4,"None / Peaceful",5,"Feeling energized after PE class. Focused on my study goals."
109238475429,"Jerome Santiago",2026-09-15,4,"Good",4,"Exams / Deadlines",11,"Feeling energized after PE class. Focused on my study goals."
109238475429,"Jerome Santiago",2026-09-16,3,"Okay / Neutral",4,"None / Peaceful",11,"Feeling energized after PE class. Focused on my study goals."
109238475429,"Jerome Santiago",2026-09-17,5,"Energized",4,"None / Peaceful",11,"Feeling energized after PE class. Focused on my study goals."
109238475429,"Jerome Santiago",2026-09-18,5,"Energized",5,"Exams / Deadlines",11,"Maganda ang score ko sa science experiment. Ready for tomorrow!"
109238475429,"Jerome Santiago",2026-09-19,5,"Energized",4,"None / Peaceful",11,"Masaya ang homeroom activity kanina kasama ang advisory class!"
109238475430,"Mariel Tan",2026-09-15,2,"Stressed",3,"Exams / Deadlines",12,"May kaunting financial delay pero nakiusap naman kami sa accounting."
109238475430,"Mariel Tan",2026-09-16,4,"Good",2,"Academics",12,"Nangangailangan ng review session sa Math bago mag-midterm."
109238475430,"Mariel Tan",2026-09-17,4,"Good",2,"Academics",12,"Nangangailangan ng review session sa Math bago mag-midterm."
109238475430,"Mariel Tan",2026-09-18,4,"Good",2,"Exams / Deadlines",12,"Medyo puyat kaka-review, pero nakabawi naman ng tulog."
109238475430,"Mariel Tan",2026-09-19,3,"Okay / Neutral",2,"Academics",12,"Medyo busy dahil sa papalapit na group presentation pero kakayanin."
109238475431,"Ralph Castro",2026-09-15,5,"Energized",4,"None / Peaceful",11,"Feeling energized after PE class. Focused on my study goals."
109238475431,"Ralph Castro",2026-09-16,4,"Good",4,"Exams / Deadlines",11,"Masaya ang homeroom activity kanina kasama ang advisory class!"
109238475431,"Ralph Castro",2026-09-17,5,"Energized",5,"Exams / Deadlines",11,"Maganda ang score ko sa science experiment. Ready for tomorrow!"
109238475431,"Ralph Castro",2026-09-18,5,"Energized",5,"None / Peaceful",11,"Natapos ko lahat ng assignments on time. Peaceful weekend ahead."
109238475431,"Ralph Castro",2026-09-19,4,"Good",4,"Exams / Deadlines",11,"Natapos ko lahat ng assignments on time. Peaceful weekend ahead."
109238475432,"Aaron Rivera",2026-09-15,3,"Okay / Neutral",2,"Academics",10,"Daming sabay-sabay na project submission, pagod na po ang katawan at isip ko."
109238475432,"Aaron Rivera",2026-09-16,2,"Stressed",2,"Academics",10,"Bagsak ako sa quarterly quiz, kinakabahan ako sabihin kay nanay."
109238475432,"Aaron Rivera",2026-09-17,2,"Stressed",1,"Finances",10,"Daming sabay-sabay na project submission, pagod na po ang katawan at isip ko."
109238475432,"Aaron Rivera",2026-09-18,1,"Overwhelmed",2,"Finances",10,"Sobrang nahihirapan na po ako sa Chemistry at Pre-Cal. Hindi na po ako makatulog sa gabi."
109238475432,"Aaron Rivera",2026-09-19,2,"Stressed",2,"Finances",10,"Daming sabay-sabay na project submission, pagod na po ang katawan at isip ko."
109238475433,"Rafael Flores",2026-09-15,5,"Energized",4,"Exams / Deadlines",5,"Feeling energized after PE class. Focused on my study goals."
109238475433,"Rafael Flores",2026-09-16,4,"Good",4,"None / Peaceful",5,"Feeling energized after PE class. Focused on my study goals."
109238475433,"Rafael Flores",2026-09-17,4,"Good",4,"Exams / Deadlines",5,"Natapos ko lahat ng assignments on time. Peaceful weekend ahead."
109238475433,"Rafael Flores",2026-09-18,4,"Good",4,"None / Peaceful",5,"Feeling energized after PE class. Focused on my study goals."
109238475433,"Rafael Flores",2026-09-19,5,"Energized",5,"None / Peaceful",5,"Feeling energized after PE class. Focused on my study goals."
109238475434,"Angelica Soriano",2026-09-15,3,"Okay / Neutral",2,"Physical Health",6,"Medyo busy dahil sa papalapit na group presentation pero kakayanin."
109238475434,"Angelica Soriano",2026-09-16,4,"Good",2,"Exams / Deadlines",6,"Nangangailangan ng review session sa Math bago mag-midterm."
109238475434,"Angelica Soriano",2026-09-17,3,"Okay / Neutral",3,"Family",6,"May kaunting financial delay pero nakiusap naman kami sa accounting."
109238475434,"Angelica Soriano",2026-09-18,3,"Okay / Neutral",3,"Exams / Deadlines",6,"Medyo busy dahil sa papalapit na group presentation pero kakayanin."
109238475434,"Angelica Soriano",2026-09-19,3,"Okay / Neutral",3,"Exams / Deadlines",6,"Nangangailangan ng review session sa Math bago mag-midterm."
109238475435,"John Carlo Villanueva",2026-09-15,4,"Good",3,"Academics",5,"Medyo puyat kaka-review, pero nakabawi naman ng tulog."
109238475435,"John Carlo Villanueva",2026-09-16,4,"Good",3,"Family",5,"Medyo busy dahil sa papalapit na group presentation pero kakayanin."
109238475435,"John Carlo Villanueva",2026-09-17,4,"Good",2,"Family",5,"Medyo puyat kaka-review, pero nakabawi naman ng tulog."
109238475435,"John Carlo Villanueva",2026-09-18,2,"Stressed",3,"Academics",5,"Medyo puyat kaka-review, pero nakabawi naman ng tulog."
109238475435,"John Carlo Villanueva",2026-09-19,4,"Good",3,"Physical Health",5,"Nangangailangan ng review session sa Math bago mag-midterm."
109238475436,"Mark Kenneth Tolentino",2026-09-15,4,"Good",5,"Exams / Deadlines",9,"Natapos ko lahat ng assignments on time. Peaceful weekend ahead."
109238475436,"Mark Kenneth Tolentino",2026-09-16,4,"Good",4,"None / Peaceful",9,"Natapos ko lahat ng assignments on time. Peaceful weekend ahead."
109238475436,"Mark Kenneth Tolentino",2026-09-17,5,"Energized",4,"Exams / Deadlines",9,"Masaya ang homeroom activity kanina kasama ang advisory class!"
109238475436,"Mark Kenneth Tolentino",2026-09-18,4,"Good",5,"Exams / Deadlines",9,"Maganda ang score ko sa science experiment. Ready for tomorrow!"
109238475436,"Mark Kenneth Tolentino",2026-09-19,5,"Energized",4,"None / Peaceful",9,"Natapos ko lahat ng assignments on time. Peaceful weekend ahead."
109238475437,"Jerome Valdez",2026-09-15,3,"Okay / Neutral",4,"None / Peaceful",14,"Feeling energized after PE class. Focused on my study goals."
109238475437,"Jerome Valdez",2026-09-16,4,"Good",4,"None / Peaceful",14,"Feeling energized after PE class. Focused on my study goals."
109238475437,"Jerome Valdez",2026-09-17,4,"Good",4,"None / Peaceful",14,"Feeling energized after PE class. Focused on my study goals."
109238475437,"Jerome Valdez",2026-09-18,5,"Energized",4,"None / Peaceful",14,"Feeling energized after PE class. Focused on my study goals."
109238475437,"Jerome Valdez",2026-09-19,5,"Energized",4,"None / Peaceful",14,"Feeling energized after PE class. Focused on my study goals."
109238475438,"Patricia Mendoza",2026-09-15,4,"Good",4,"None / Peaceful",14,"Feeling energized after PE class. Focused on my study goals."
109238475438,"Patricia Mendoza",2026-09-16,5,"Energized",5,"None / Peaceful",14,"Natapos ko lahat ng assignments on time. Peaceful weekend ahead."
109238475438,"Patricia Mendoza",2026-09-17,5,"Energized",4,"Exams / Deadlines",14,"Natapos ko lahat ng assignments on time. Peaceful weekend ahead."
109238475438,"Patricia Mendoza",2026-09-18,4,"Good",5,"None / Peaceful",14,"Masaya ang homeroom activity kanina kasama ang advisory class!"
109238475438,"Patricia Mendoza",2026-09-19,5,"Energized",4,"None / Peaceful",14,"Masaya ang homeroom activity kanina kasama ang advisory class!"
109238475439,"Lucas Valdez",2026-09-15,4,"Good",4,"None / Peaceful",12,"Natapos ko lahat ng assignments on time. Peaceful weekend ahead."
109238475439,"Lucas Valdez",2026-09-16,3,"Okay / Neutral",4,"Exams / Deadlines",12,"Feeling energized after PE class. Focused on my study goals."
109238475439,"Lucas Valdez",2026-09-17,3,"Okay / Neutral",4,"None / Peaceful",12,"Maganda ang score ko sa science experiment. Ready for tomorrow!"
109238475439,"Lucas Valdez",2026-09-18,5,"Energized",5,"Exams / Deadlines",12,"Masaya ang homeroom activity kanina kasama ang advisory class!"
109238475439,"Lucas Valdez",2026-09-19,5,"Energized",4,"Exams / Deadlines",12,"Feeling energized after PE class. Focused on my study goals."
109238475440,"Christian Dave San Jose",2026-09-15,3,"Okay / Neutral",4,"None / Peaceful",4,"Feeling energized after PE class. Focused on my study goals."
109238475440,"Christian Dave San Jose",2026-09-16,5,"Energized",5,"None / Peaceful",4,"Masaya ang homeroom activity kanina kasama ang advisory class!"
109238475440,"Christian Dave San Jose",2026-09-17,4,"Good",4,"Exams / Deadlines",4,"Natapos ko lahat ng assignments on time. Peaceful weekend ahead."
109238475440,"Christian Dave San Jose",2026-09-18,4,"Good",4,"None / Peaceful",4,"Feeling energized after PE class. Focused on my study goals."
109238475440,"Christian Dave San Jose",2026-09-19,3,"Okay / Neutral",4,"None / Peaceful",4,"Masaya ang homeroom activity kanina kasama ang advisory class!"
109238475441,"Kathleen Bautista",2026-09-15,2,"Stressed",3,"Exams / Deadlines",7,"May kaunting financial delay pero nakiusap naman kami sa accounting."
109238475441,"Kathleen Bautista",2026-09-16,3,"Okay / Neutral",2,"Family",7,"May kaunting financial delay pero nakiusap naman kami sa accounting."
109238475441,"Kathleen Bautista",2026-09-17,3,"Okay / Neutral",2,"Family",7,"Medyo busy dahil sa papalapit na group presentation pero kakayanin."
109238475441,"Kathleen Bautista",2026-09-18,2,"Stressed",3,"Academics",7,"Medyo busy dahil sa papalapit na group presentation pero kakayanin."
109238475441,"Kathleen Bautista",2026-09-19,3,"Okay / Neutral",3,"None / Peaceful",7,"Nangangailangan ng review session sa Math bago mag-midterm."
109238475442,"Aaron Dela Cruz",2026-09-15,2,"Stressed",3,"Physical Health",9,"Nangangailangan ng review session sa Math bago mag-midterm."
109238475442,"Aaron Dela Cruz",2026-09-16,2,"Stressed",3,"Sleep",9,"Medyo busy dahil sa papalapit na group presentation pero kakayanin."
109238475442,"Aaron Dela Cruz",2026-09-17,2,"Stressed",3,"Physical Health",9,"Medyo puyat kaka-review, pero nakabawi naman ng tulog."
109238475442,"Aaron Dela Cruz",2026-09-18,3,"Okay / Neutral",2,"Finances",9,"Nangangailangan ng review session sa Math bago mag-midterm."
109238475442,"Aaron Dela Cruz",2026-09-19,2,"Stressed",2,"Physical Health",9,"May kaunting financial delay pero nakiusap naman kami sa accounting."
109238475443,"Kathleen San Jose",2026-09-15,4,"Good",5,"Exams / Deadlines",9,"Natapos ko lahat ng assignments on time. Peaceful weekend ahead."
109238475443,"Kathleen San Jose",2026-09-16,3,"Okay / Neutral",4,"None / Peaceful",9,"Natapos ko lahat ng assignments on time. Peaceful weekend ahead."
109238475443,"Kathleen San Jose",2026-09-17,4,"Good",4,"None / Peaceful",9,"Maganda ang score ko sa science experiment. Ready for tomorrow!"
109238475443,"Kathleen San Jose",2026-09-18,4,"Good",5,"None / Peaceful",9,"Masaya ang homeroom activity kanina kasama ang advisory class!"
109238475443,"Kathleen San Jose",2026-09-19,5,"Energized",4,"None / Peaceful",9,"Masaya ang homeroom activity kanina kasama ang advisory class!"
109238475444,"Angelo Garcia",2026-09-15,4,"Good",5,"None / Peaceful",9,"Feeling energized after PE class. Focused on my study goals."
109238475444,"Angelo Garcia",2026-09-16,5,"Energized",4,"Exams / Deadlines",9,"Masaya ang homeroom activity kanina kasama ang advisory class!"
109238475444,"Angelo Garcia",2026-09-17,4,"Good",4,"None / Peaceful",9,"Natapos ko lahat ng assignments on time. Peaceful weekend ahead."
109238475444,"Angelo Garcia",2026-09-18,5,"Energized",4,"None / Peaceful",9,"Natapos ko lahat ng assignments on time. Peaceful weekend ahead."
109238475444,"Angelo Garcia",2026-09-19,4,"Good",4,"Exams / Deadlines",9,"Natapos ko lahat ng assignments on time. Peaceful weekend ahead."
109238475445,"Bea Patricia Domingo",2026-09-15,4,"Good",2,"Physical Health",10,"Nangangailangan ng review session sa Math bago mag-midterm."
109238475445,"Bea Patricia Domingo",2026-09-16,4,"Good",3,"Physical Health",10,"May kaunting financial delay pero nakiusap naman kami sa accounting."
109238475445,"Bea Patricia Domingo",2026-09-17,3,"Okay / Neutral",3,"Physical Health",10,"May kaunting financial delay pero nakiusap naman kami sa accounting."
109238475445,"Bea Patricia Domingo",2026-09-18,4,"Good",2,"Finances",10,"May kaunting financial delay pero nakiusap naman kami sa accounting."
109238475445,"Bea Patricia Domingo",2026-09-19,4,"Good",3,"Finances",10,"Medyo puyat kaka-review, pero nakabawi naman ng tulog."
109238475446,"Sean Castro",2026-09-15,2,"Stressed",2,"Exams / Deadlines",7,"Daming sabay-sabay na project submission, pagod na po ang katawan at isip ko."
109238475446,"Sean Castro",2026-09-16,1,"Overwhelmed",2,"Family",7,"Daming sabay-sabay na project submission, pagod na po ang katawan at isip ko."
109238475446,"Sean Castro",2026-09-17,1,"Overwhelmed",2,"Academics",7,"Sobrang nahihirapan na po ako sa Chemistry at Pre-Cal. Hindi na po ako makatulog sa gabi."
109238475446,"Sean Castro",2026-09-18,1,"Overwhelmed",1,"Exams / Deadlines",7,"Daming sabay-sabay na project submission, pagod na po ang katawan at isip ko."
109238475446,"Sean Castro",2026-09-19,1,"Overwhelmed",1,"Family",7,"Nag-aalala ako sa matrikula at baka hindi ako maka-exam sa finals."
109238475447,"Ralph Santos",2026-09-15,4,"Good",2,"Sleep",6,"Medyo busy dahil sa papalapit na group presentation pero kakayanin."
109238475447,"Ralph Santos",2026-09-16,4,"Good",2,"Academics",6,"Medyo puyat kaka-review, pero nakabawi naman ng tulog."
109238475447,"Ralph Santos",2026-09-17,2,"Stressed",2,"Sleep",6,"Medyo puyat kaka-review, pero nakabawi naman ng tulog."
109238475447,"Ralph Santos",2026-09-18,3,"Okay / Neutral",2,"Physical Health",6,"Medyo puyat kaka-review, pero nakabawi naman ng tulog."
109238475447,"Ralph Santos",2026-09-19,2,"Stressed",3,"Family",6,"Medyo puyat kaka-review, pero nakabawi naman ng tulog."
109238475448,"Danielle Rivera",2026-09-15,3,"Okay / Neutral",2,"Family",7,"Sobrang nahihirapan na po ako sa Chemistry at Pre-Cal. Hindi na po ako makatulog sa gabi."
109238475448,"Danielle Rivera",2026-09-16,3,"Okay / Neutral",1,"Academics",7,"Walang katuwang sa bahay, ako nag-aalaga sa mga kapatid ko habang nag-aaral."
109238475448,"Danielle Rivera",2026-09-17,3,"Okay / Neutral",1,"Exams / Deadlines",7,"Bagsak ako sa quarterly quiz, kinakabahan ako sabihin kay nanay."
109238475448,"Danielle Rivera",2026-09-18,3,"Okay / Neutral",1,"Exams / Deadlines",7,"Sobrang nahihirapan na po ako sa Chemistry at Pre-Cal. Hindi na po ako makatulog sa gabi."
109238475448,"Danielle Rivera",2026-09-19,1,"Overwhelmed",2,"Finances",7,"Bagsak ako sa quarterly quiz, kinakabahan ako sabihin kay nanay."
109238475449,"Gabriel Alcantara",2026-09-15,2,"Stressed",2,"Family",5,"Daming sabay-sabay na project submission, pagod na po ang katawan at isip ko."
109238475449,"Gabriel Alcantara",2026-09-16,2,"Stressed",2,"Exams / Deadlines",5,"Bagsak ako sa quarterly quiz, kinakabahan ako sabihin kay nanay."
109238475449,"Gabriel Alcantara",2026-09-17,3,"Okay / Neutral",2,"Finances",5,"Walang katuwang sa bahay, ako nag-aalaga sa mga kapatid ko habang nag-aaral."
109238475449,"Gabriel Alcantara",2026-09-18,2,"Stressed",2,"Finances",5,"Nag-aalala ako sa matrikula at baka hindi ako maka-exam sa finals."
109238475449,"Gabriel Alcantara",2026-09-19,3,"Okay / Neutral",2,"Finances",5,"Nag-aalala ako sa matrikula at baka hindi ako maka-exam sa finals."
109238475450,"Dominic Padilla",2026-09-15,5,"Energized",5,"None / Peaceful",10,"Natapos ko lahat ng assignments on time. Peaceful weekend ahead."
109238475450,"Dominic Padilla",2026-09-16,5,"Energized",4,"None / Peaceful",10,"Maganda ang score ko sa science experiment. Ready for tomorrow!"
109238475450,"Dominic Padilla",2026-09-17,4,"Good",4,"None / Peaceful",10,"Natapos ko lahat ng assignments on time. Peaceful weekend ahead."
109238475450,"Dominic Padilla",2026-09-18,5,"Energized",4,"None / Peaceful",10,"Natapos ko lahat ng assignments on time. Peaceful weekend ahead."
109238475450,"Dominic Padilla",2026-09-19,5,"Energized",4,"None / Peaceful",10,"Masaya ang homeroom activity kanina kasama ang advisory class!"
109238475451,"Alyssa Corpuz",2026-09-15,4,"Good",3,"Finances",9,"Medyo puyat kaka-review, pero nakabawi naman ng tulog."
109238475451,"Alyssa Corpuz",2026-09-16,4,"Good",2,"Academics",9,"Medyo busy dahil sa papalapit na group presentation pero kakayanin."
109238475451,"Alyssa Corpuz",2026-09-17,4,"Good",3,"Finances",9,"Medyo puyat kaka-review, pero nakabawi naman ng tulog."
109238475451,"Alyssa Corpuz",2026-09-18,2,"Stressed",3,"None / Peaceful",9,"Nangangailangan ng review session sa Math bago mag-midterm."
109238475451,"Alyssa Corpuz",2026-09-19,4,"Good",3,"Academics",9,"Medyo puyat kaka-review, pero nakabawi naman ng tulog."
109238475452,"Joshua Tolentino",2026-09-15,2,"Stressed",2,"Sleep",6,"Nangangailangan ng review session sa Math bago mag-midterm."
109238475452,"Joshua Tolentino",2026-09-16,2,"Stressed",2,"None / Peaceful",6,"Medyo puyat kaka-review, pero nakabawi naman ng tulog."
109238475452,"Joshua Tolentino",2026-09-17,2,"Stressed",3,"None / Peaceful",6,"Medyo busy dahil sa papalapit na group presentation pero kakayanin."
109238475452,"Joshua Tolentino",2026-09-18,4,"Good",2,"Physical Health",6,"Medyo puyat kaka-review, pero nakabawi naman ng tulog."
109238475452,"Joshua Tolentino",2026-09-19,3,"Okay / Neutral",2,"Exams / Deadlines",6,"Nangangailangan ng review session sa Math bago mag-midterm."
109238475453,"Vanessa Lim",2026-09-15,3,"Okay / Neutral",4,"Exams / Deadlines",9,"Masaya ang homeroom activity kanina kasama ang advisory class!"
109238475453,"Vanessa Lim",2026-09-16,4,"Good",4,"Exams / Deadlines",9,"Masaya ang homeroom activity kanina kasama ang advisory class!"
109238475453,"Vanessa Lim",2026-09-17,4,"Good",4,"None / Peaceful",9,"Maganda ang score ko sa science experiment. Ready for tomorrow!"
109238475453,"Vanessa Lim",2026-09-18,5,"Energized",4,"Exams / Deadlines",9,"Feeling energized after PE class. Focused on my study goals."
109238475453,"Vanessa Lim",2026-09-19,5,"Energized",5,"None / Peaceful",9,"Feeling energized after PE class. Focused on my study goals."
109238475454,"Alyssa Aquino",2026-09-15,3,"Okay / Neutral",4,"Exams / Deadlines",5,"Maganda ang score ko sa science experiment. Ready for tomorrow!"
109238475454,"Alyssa Aquino",2026-09-16,4,"Good",4,"Exams / Deadlines",5,"Natapos ko lahat ng assignments on time. Peaceful weekend ahead."
109238475454,"Alyssa Aquino",2026-09-17,4,"Good",4,"Exams / Deadlines",5,"Natapos ko lahat ng assignments on time. Peaceful weekend ahead."
109238475454,"Alyssa Aquino",2026-09-18,5,"Energized",4,"None / Peaceful",5,"Natapos ko lahat ng assignments on time. Peaceful weekend ahead."
109238475454,"Alyssa Aquino",2026-09-19,4,"Good",4,"None / Peaceful",5,"Masaya ang homeroom activity kanina kasama ang advisory class!"
109238475455,"Ralph Padilla",2026-09-15,4,"Good",4,"None / Peaceful",6,"Natapos ko lahat ng assignments on time. Peaceful weekend ahead."
109238475455,"Ralph Padilla",2026-09-16,5,"Energized",5,"None / Peaceful",6,"Natapos ko lahat ng assignments on time. Peaceful weekend ahead."
109238475455,"Ralph Padilla",2026-09-17,5,"Energized",5,"Exams / Deadlines",6,"Natapos ko lahat ng assignments on time. Peaceful weekend ahead."
109238475455,"Ralph Padilla",2026-09-18,3,"Okay / Neutral",4,"None / Peaceful",6,"Masaya ang homeroom activity kanina kasama ang advisory class!"
109238475455,"Ralph Padilla",2026-09-19,5,"Energized",4,"None / Peaceful",6,"Masaya ang homeroom activity kanina kasama ang advisory class!"
109238475456,"Sean Flores",2026-09-15,5,"Energized",4,"None / Peaceful",4,"Natapos ko lahat ng assignments on time. Peaceful weekend ahead."
109238475456,"Sean Flores",2026-09-16,3,"Okay / Neutral",4,"Exams / Deadlines",4,"Maganda ang score ko sa science experiment. Ready for tomorrow!"
109238475456,"Sean Flores",2026-09-17,5,"Energized",4,"None / Peaceful",4,"Masaya ang homeroom activity kanina kasama ang advisory class!"
109238475456,"Sean Flores",2026-09-18,4,"Good",4,"None / Peaceful",4,"Masaya ang homeroom activity kanina kasama ang advisory class!"
109238475456,"Sean Flores",2026-09-19,4,"Good",4,"None / Peaceful",4,"Feeling energized after PE class. Focused on my study goals."
109238475457,"Aaron Santos",2026-09-15,2,"Stressed",2,"Family",7,"Sobrang nahihirapan na po ako sa Chemistry at Pre-Cal. Hindi na po ako makatulog sa gabi."
109238475457,"Aaron Santos",2026-09-16,1,"Overwhelmed",1,"Family",7,"Walang katuwang sa bahay, ako nag-aalaga sa mga kapatid ko habang nag-aaral."
109238475457,"Aaron Santos",2026-09-17,1,"Overwhelmed",1,"Academics",7,"Daming sabay-sabay na project submission, pagod na po ang katawan at isip ko."
109238475457,"Aaron Santos",2026-09-18,1,"Overwhelmed",1,"Family",7,"Daming sabay-sabay na project submission, pagod na po ang katawan at isip ko."
109238475457,"Aaron Santos",2026-09-19,1,"Overwhelmed",1,"Finances",7,"Sobrang nahihirapan na po ako sa Chemistry at Pre-Cal. Hindi na po ako makatulog sa gabi."
109238475458,"Francis Mendoza",2026-09-15,2,"Stressed",2,"Academics",3,"Medyo busy dahil sa papalapit na group presentation pero kakayanin."
109238475458,"Francis Mendoza",2026-09-16,4,"Good",2,"Family",3,"Medyo busy dahil sa papalapit na group presentation pero kakayanin."
109238475458,"Francis Mendoza",2026-09-17,3,"Okay / Neutral",2,"None / Peaceful",3,"May kaunting financial delay pero nakiusap naman kami sa accounting."
109238475458,"Francis Mendoza",2026-09-18,2,"Stressed",3,"Family",3,"Medyo busy dahil sa papalapit na group presentation pero kakayanin."
109238475458,"Francis Mendoza",2026-09-19,2,"Stressed",2,"None / Peaceful",3,"May kaunting financial delay pero nakiusap naman kami sa accounting."
109238475459,"Alexander Alcantara",2026-09-15,4,"Good",3,"Sleep",5,"Medyo busy dahil sa papalapit na group presentation pero kakayanin."
109238475459,"Alexander Alcantara",2026-09-16,3,"Okay / Neutral",3,"Exams / Deadlines",5,"Medyo busy dahil sa papalapit na group presentation pero kakayanin."
109238475459,"Alexander Alcantara",2026-09-17,4,"Good",2,"Exams / Deadlines",5,"Medyo busy dahil sa papalapit na group presentation pero kakayanin."
109238475459,"Alexander Alcantara",2026-09-18,2,"Stressed",3,"Finances",5,"Medyo puyat kaka-review, pero nakabawi naman ng tulog."
109238475459,"Alexander Alcantara",2026-09-19,3,"Okay / Neutral",3,"Exams / Deadlines",5,"May kaunting financial delay pero nakiusap naman kami sa accounting."
109238475460,"Camille Ocampo",2026-09-15,4,"Good",5,"Exams / Deadlines",10,"Maganda ang score ko sa science experiment. Ready for tomorrow!"
109238475460,"Camille Ocampo",2026-09-16,4,"Good",4,"None / Peaceful",10,"Maganda ang score ko sa science experiment. Ready for tomorrow!"
109238475460,"Camille Ocampo",2026-09-17,5,"Energized",4,"None / Peaceful",10,"Natapos ko lahat ng assignments on time. Peaceful weekend ahead."
109238475460,"Camille Ocampo",2026-09-18,4,"Good",4,"None / Peaceful",10,"Feeling energized after PE class. Focused on my study goals."
109238475460,"Camille Ocampo",2026-09-19,3,"Okay / Neutral",4,"None / Peaceful",10,"Natapos ko lahat ng assignments on time. Peaceful weekend ahead."
109238475461,"Matthew San Jose",2026-09-15,3,"Okay / Neutral",3,"Family",14,"May kaunting financial delay pero nakiusap naman kami sa accounting."
109238475461,"Matthew San Jose",2026-09-16,3,"Okay / Neutral",3,"Physical Health",14,"Nangangailangan ng review session sa Math bago mag-midterm."
109238475461,"Matthew San Jose",2026-09-17,3,"Okay / Neutral",2,"Finances",14,"Nangangailangan ng review session sa Math bago mag-midterm."
109238475461,"Matthew San Jose",2026-09-18,4,"Good",2,"Exams / Deadlines",14,"Medyo puyat kaka-review, pero nakabawi naman ng tulog."
109238475461,"Matthew San Jose",2026-09-19,4,"Good",3,"Exams / Deadlines",14,"May kaunting financial delay pero nakiusap naman kami sa accounting."
109238475462,"Alyssa Dizon",2026-09-15,5,"Energized",5,"Exams / Deadlines",14,"Natapos ko lahat ng assignments on time. Peaceful weekend ahead."
109238475462,"Alyssa Dizon",2026-09-16,3,"Okay / Neutral",4,"None / Peaceful",14,"Maganda ang score ko sa science experiment. Ready for tomorrow!"
109238475462,"Alyssa Dizon",2026-09-17,5,"Energized",4,"Exams / Deadlines",14,"Masaya ang homeroom activity kanina kasama ang advisory class!"
109238475462,"Alyssa Dizon",2026-09-18,4,"Good",4,"None / Peaceful",14,"Feeling energized after PE class. Focused on my study goals."
109238475462,"Alyssa Dizon",2026-09-19,4,"Good",4,"None / Peaceful",14,"Natapos ko lahat ng assignments on time. Peaceful weekend ahead."
109238475463,"Mark Kenneth Salazar",2026-09-15,5,"Energized",4,"Exams / Deadlines",11,"Masaya ang homeroom activity kanina kasama ang advisory class!"
109238475463,"Mark Kenneth Salazar",2026-09-16,4,"Good",4,"None / Peaceful",11,"Masaya ang homeroom activity kanina kasama ang advisory class!"
109238475463,"Mark Kenneth Salazar",2026-09-17,4,"Good",4,"None / Peaceful",11,"Maganda ang score ko sa science experiment. Ready for tomorrow!"
109238475463,"Mark Kenneth Salazar",2026-09-18,3,"Okay / Neutral",5,"None / Peaceful",11,"Feeling energized after PE class. Focused on my study goals."
109238475463,"Mark Kenneth Salazar",2026-09-19,3,"Okay / Neutral",5,"None / Peaceful",11,"Masaya ang homeroom activity kanina kasama ang advisory class!"
109238475464,"Lucas Tolentino",2026-09-15,5,"Energized",4,"None / Peaceful",10,"Natapos ko lahat ng assignments on time. Peaceful weekend ahead."
109238475464,"Lucas Tolentino",2026-09-16,5,"Energized",4,"Exams / Deadlines",10,"Maganda ang score ko sa science experiment. Ready for tomorrow!"
109238475464,"Lucas Tolentino",2026-09-17,5,"Energized",4,"None / Peaceful",10,"Masaya ang homeroom activity kanina kasama ang advisory class!"
109238475464,"Lucas Tolentino",2026-09-18,5,"Energized",4,"None / Peaceful",10,"Masaya ang homeroom activity kanina kasama ang advisory class!"
109238475464,"Lucas Tolentino",2026-09-19,5,"Energized",4,"None / Peaceful",10,"Masaya ang homeroom activity kanina kasama ang advisory class!"
109238475465,"Princess Mae Santos",2026-09-15,5,"Energized",4,"Exams / Deadlines",9,"Masaya ang homeroom activity kanina kasama ang advisory class!"
109238475465,"Princess Mae Santos",2026-09-16,5,"Energized",4,"None / Peaceful",9,"Feeling energized after PE class. Focused on my study goals."
109238475465,"Princess Mae Santos",2026-09-17,4,"Good",5,"None / Peaceful",9,"Natapos ko lahat ng assignments on time. Peaceful weekend ahead."
109238475465,"Princess Mae Santos",2026-09-18,4,"Good",5,"None / Peaceful",9,"Masaya ang homeroom activity kanina kasama ang advisory class!"
109238475465,"Princess Mae Santos",2026-09-19,5,"Energized",4,"None / Peaceful",9,"Feeling energized after PE class. Focused on my study goals."
109238475466,"Paolo Santiago",2026-09-15,5,"Energized",4,"None / Peaceful",10,"Feeling energized after PE class. Focused on my study goals."
109238475466,"Paolo Santiago",2026-09-16,4,"Good",4,"None / Peaceful",10,"Natapos ko lahat ng assignments on time. Peaceful weekend ahead."
109238475466,"Paolo Santiago",2026-09-17,5,"Energized",4,"None / Peaceful",10,"Maganda ang score ko sa science experiment. Ready for tomorrow!"
109238475466,"Paolo Santiago",2026-09-18,4,"Good",4,"None / Peaceful",10,"Feeling energized after PE class. Focused on my study goals."
109238475466,"Paolo Santiago",2026-09-19,4,"Good",4,"Exams / Deadlines",10,"Maganda ang score ko sa science experiment. Ready for tomorrow!"
109238475467,"Andrea Dela Cruz",2026-09-15,4,"Good",4,"None / Peaceful",4,"Maganda ang score ko sa science experiment. Ready for tomorrow!"
109238475467,"Andrea Dela Cruz",2026-09-16,4,"Good",4,"None / Peaceful",4,"Maganda ang score ko sa science experiment. Ready for tomorrow!"
109238475467,"Andrea Dela Cruz",2026-09-17,5,"Energized",4,"None / Peaceful",4,"Feeling energized after PE class. Focused on my study goals."
109238475467,"Andrea Dela Cruz",2026-09-18,5,"Energized",4,"Exams / Deadlines",4,"Natapos ko lahat ng assignments on time. Peaceful weekend ahead."
109238475467,"Andrea Dela Cruz",2026-09-19,4,"Good",4,"None / Peaceful",4,"Masaya ang homeroom activity kanina kasama ang advisory class!"
109238475468,"Denise Valdez",2026-09-15,3,"Okay / Neutral",1,"Family",3,"Daming sabay-sabay na project submission, pagod na po ang katawan at isip ko."
109238475468,"Denise Valdez",2026-09-16,1,"Overwhelmed",1,"Exams / Deadlines",3,"Nag-aalala ako sa matrikula at baka hindi ako maka-exam sa finals."
109238475468,"Denise Valdez",2026-09-17,3,"Okay / Neutral",1,"Academics",3,"Nag-aalala ako sa matrikula at baka hindi ako maka-exam sa finals."
109238475468,"Denise Valdez",2026-09-18,1,"Overwhelmed",1,"Finances",3,"Walang katuwang sa bahay, ako nag-aalaga sa mga kapatid ko habang nag-aaral."
109238475468,"Denise Valdez",2026-09-19,2,"Stressed",2,"Academics",3,"Daming sabay-sabay na project submission, pagod na po ang katawan at isip ko."
109238475469,"Adrian Reyes",2026-09-15,4,"Good",4,"None / Peaceful",5,"Natapos ko lahat ng assignments on time. Peaceful weekend ahead."
109238475469,"Adrian Reyes",2026-09-16,5,"Energized",4,"None / Peaceful",5,"Natapos ko lahat ng assignments on time. Peaceful weekend ahead."
109238475469,"Adrian Reyes",2026-09-17,4,"Good",4,"None / Peaceful",5,"Maganda ang score ko sa science experiment. Ready for tomorrow!"
109238475469,"Adrian Reyes",2026-09-18,4,"Good",5,"None / Peaceful",5,"Natapos ko lahat ng assignments on time. Peaceful weekend ahead."
109238475469,"Adrian Reyes",2026-09-19,5,"Energized",4,"Exams / Deadlines",5,"Natapos ko lahat ng assignments on time. Peaceful weekend ahead."
109238475470,"Jasmine Ramos",2026-09-15,5,"Energized",4,"Exams / Deadlines",4,"Natapos ko lahat ng assignments on time. Peaceful weekend ahead."
109238475470,"Jasmine Ramos",2026-09-16,3,"Okay / Neutral",4,"None / Peaceful",4,"Natapos ko lahat ng assignments on time. Peaceful weekend ahead."
109238475470,"Jasmine Ramos",2026-09-17,4,"Good",4,"None / Peaceful",4,"Feeling energized after PE class. Focused on my study goals."
109238475470,"Jasmine Ramos",2026-09-18,4,"Good",4,"None / Peaceful",4,"Maganda ang score ko sa science experiment. Ready for tomorrow!"
109238475470,"Jasmine Ramos",2026-09-19,4,"Good",4,"None / Peaceful",4,"Masaya ang homeroom activity kanina kasama ang advisory class!"
109238475471,"Lucas Santos",2026-09-15,4,"Good",4,"Exams / Deadlines",13,"Maganda ang score ko sa science experiment. Ready for tomorrow!"
109238475471,"Lucas Santos",2026-09-16,5,"Energized",5,"None / Peaceful",13,"Masaya ang homeroom activity kanina kasama ang advisory class!"
109238475471,"Lucas Santos",2026-09-17,4,"Good",5,"None / Peaceful",13,"Masaya ang homeroom activity kanina kasama ang advisory class!"
109238475471,"Lucas Santos",2026-09-18,5,"Energized",4,"None / Peaceful",13,"Masaya ang homeroom activity kanina kasama ang advisory class!"
109238475471,"Lucas Santos",2026-09-19,4,"Good",4,"None / Peaceful",13,"Masaya ang homeroom activity kanina kasama ang advisory class!"
109238475472,"Justin Corpuz",2026-09-15,4,"Good",2,"None / Peaceful",10,"May kaunting financial delay pero nakiusap naman kami sa accounting."
109238475472,"Justin Corpuz",2026-09-16,2,"Stressed",2,"Exams / Deadlines",10,"Medyo puyat kaka-review, pero nakabawi naman ng tulog."
109238475472,"Justin Corpuz",2026-09-17,4,"Good",3,"Physical Health",10,"Medyo puyat kaka-review, pero nakabawi naman ng tulog."
109238475472,"Justin Corpuz",2026-09-18,3,"Okay / Neutral",2,"Academics",10,"Nangangailangan ng review session sa Math bago mag-midterm."
109238475472,"Justin Corpuz",2026-09-19,4,"Good",2,"None / Peaceful",10,"May kaunting financial delay pero nakiusap naman kami sa accounting."
109238475473,"Erika Garcia",2026-09-15,5,"Energized",5,"None / Peaceful",8,"Natapos ko lahat ng assignments on time. Peaceful weekend ahead."
109238475473,"Erika Garcia",2026-09-16,3,"Okay / Neutral",5,"None / Peaceful",8,"Feeling energized after PE class. Focused on my study goals."
109238475473,"Erika Garcia",2026-09-17,3,"Okay / Neutral",5,"None / Peaceful",8,"Maganda ang score ko sa science experiment. Ready for tomorrow!"
109238475473,"Erika Garcia",2026-09-18,5,"Energized",4,"None / Peaceful",8,"Masaya ang homeroom activity kanina kasama ang advisory class!"
109238475473,"Erika Garcia",2026-09-19,4,"Good",5,"None / Peaceful",8,"Masaya ang homeroom activity kanina kasama ang advisory class!"
109238475474,"Alexander Gonzales",2026-09-15,4,"Good",4,"Exams / Deadlines",7,"Masaya ang homeroom activity kanina kasama ang advisory class!"
109238475474,"Alexander Gonzales",2026-09-16,4,"Good",4,"None / Peaceful",7,"Natapos ko lahat ng assignments on time. Peaceful weekend ahead."
109238475474,"Alexander Gonzales",2026-09-17,4,"Good",5,"Exams / Deadlines",7,"Maganda ang score ko sa science experiment. Ready for tomorrow!"
109238475474,"Alexander Gonzales",2026-09-18,3,"Okay / Neutral",5,"None / Peaceful",7,"Masaya ang homeroom activity kanina kasama ang advisory class!"
109238475474,"Alexander Gonzales",2026-09-19,5,"Energized",4,"None / Peaceful",7,"Feeling energized after PE class. Focused on my study goals."
109238475475,"Princess Mae Ocampo",2026-09-15,4,"Good",4,"None / Peaceful",6,"Natapos ko lahat ng assignments on time. Peaceful weekend ahead."
109238475475,"Princess Mae Ocampo",2026-09-16,4,"Good",4,"None / Peaceful",6,"Feeling energized after PE class. Focused on my study goals."
109238475475,"Princess Mae Ocampo",2026-09-17,5,"Energized",5,"Exams / Deadlines",6,"Maganda ang score ko sa science experiment. Ready for tomorrow!"
109238475475,"Princess Mae Ocampo",2026-09-18,4,"Good",4,"None / Peaceful",6,"Natapos ko lahat ng assignments on time. Peaceful weekend ahead."
109238475475,"Princess Mae Ocampo",2026-09-19,4,"Good",5,"None / Peaceful",6,"Feeling energized after PE class. Focused on my study goals."
109238475476,"Mariel Torres",2026-09-15,4,"Good",4,"None / Peaceful",5,"Masaya ang homeroom activity kanina kasama ang advisory class!"
109238475476,"Mariel Torres",2026-09-16,5,"Energized",4,"Exams / Deadlines",5,"Masaya ang homeroom activity kanina kasama ang advisory class!"
109238475476,"Mariel Torres",2026-09-17,5,"Energized",5,"Exams / Deadlines",5,"Maganda ang score ko sa science experiment. Ready for tomorrow!"
109238475476,"Mariel Torres",2026-09-18,5,"Energized",4,"Exams / Deadlines",5,"Feeling energized after PE class. Focused on my study goals."
109238475476,"Mariel Torres",2026-09-19,5,"Energized",4,"None / Peaceful",5,"Masaya ang homeroom activity kanina kasama ang advisory class!"
109238475477,"John Carlo Castro",2026-09-15,2,"Stressed",2,"Finances",9,"Walang katuwang sa bahay, ako nag-aalaga sa mga kapatid ko habang nag-aaral."
109238475477,"John Carlo Castro",2026-09-16,3,"Okay / Neutral",2,"Exams / Deadlines",9,"Walang katuwang sa bahay, ako nag-aalaga sa mga kapatid ko habang nag-aaral."
109238475477,"John Carlo Castro",2026-09-17,2,"Stressed",1,"Academics",9,"Daming sabay-sabay na project submission, pagod na po ang katawan at isip ko."
109238475477,"John Carlo Castro",2026-09-18,1,"Overwhelmed",2,"Finances",9,"Daming sabay-sabay na project submission, pagod na po ang katawan at isip ko."
109238475477,"John Carlo Castro",2026-09-19,2,"Stressed",2,"Academics",9,"Sobrang nahihirapan na po ako sa Chemistry at Pre-Cal. Hindi na po ako makatulog sa gabi."
109238475478,"Francis Tan",2026-09-15,5,"Energized",5,"None / Peaceful",3,"Maganda ang score ko sa science experiment. Ready for tomorrow!"
109238475478,"Francis Tan",2026-09-16,5,"Energized",4,"None / Peaceful",3,"Maganda ang score ko sa science experiment. Ready for tomorrow!"
109238475478,"Francis Tan",2026-09-17,4,"Good",4,"Exams / Deadlines",3,"Natapos ko lahat ng assignments on time. Peaceful weekend ahead."
109238475478,"Francis Tan",2026-09-18,3,"Okay / Neutral",4,"None / Peaceful",3,"Masaya ang homeroom activity kanina kasama ang advisory class!"
109238475478,"Francis Tan",2026-09-19,5,"Energized",4,"None / Peaceful",3,"Feeling energized after PE class. Focused on my study goals."
109238475479,"Lance Castillo",2026-09-15,2,"Stressed",3,"Physical Health",8,"May kaunting financial delay pero nakiusap naman kami sa accounting."
109238475479,"Lance Castillo",2026-09-16,3,"Okay / Neutral",3,"Family",8,"Medyo puyat kaka-review, pero nakabawi naman ng tulog."
109238475479,"Lance Castillo",2026-09-17,4,"Good",3,"Exams / Deadlines",8,"May kaunting financial delay pero nakiusap naman kami sa accounting."
109238475479,"Lance Castillo",2026-09-18,2,"Stressed",2,"None / Peaceful",8,"Nangangailangan ng review session sa Math bago mag-midterm."
109238475479,"Lance Castillo",2026-09-19,4,"Good",3,"Sleep",8,"Nangangailangan ng review session sa Math bago mag-midterm."
109238475480,"Miguel Valdez",2026-09-15,2,"Stressed",3,"Sleep",8,"Medyo puyat kaka-review, pero nakabawi naman ng tulog."
109238475480,"Miguel Valdez",2026-09-16,4,"Good",3,"Family",8,"Medyo puyat kaka-review, pero nakabawi naman ng tulog."
109238475480,"Miguel Valdez",2026-09-17,2,"Stressed",3,"None / Peaceful",8,"Medyo puyat kaka-review, pero nakabawi naman ng tulog."
109238475480,"Miguel Valdez",2026-09-18,3,"Okay / Neutral",3,"Academics",8,"Medyo busy dahil sa papalapit na group presentation pero kakayanin."
109238475480,"Miguel Valdez",2026-09-19,4,"Good",3,"Family",8,"May kaunting financial delay pero nakiusap naman kami sa accounting."
109238475481,"Daniel Domingo",2026-09-15,4,"Good",4,"Exams / Deadlines",7,"Maganda ang score ko sa science experiment. Ready for tomorrow!"
109238475481,"Daniel Domingo",2026-09-16,3,"Okay / Neutral",4,"None / Peaceful",7,"Maganda ang score ko sa science experiment. Ready for tomorrow!"
109238475481,"Daniel Domingo",2026-09-17,4,"Good",5,"Exams / Deadlines",7,"Masaya ang homeroom activity kanina kasama ang advisory class!"
109238475481,"Daniel Domingo",2026-09-18,5,"Energized",5,"None / Peaceful",7,"Maganda ang score ko sa science experiment. Ready for tomorrow!"
109238475481,"Daniel Domingo",2026-09-19,5,"Energized",4,"None / Peaceful",7,"Masaya ang homeroom activity kanina kasama ang advisory class!"
109238475482,"Vanessa Castro",2026-09-15,4,"Good",4,"Exams / Deadlines",8,"Maganda ang score ko sa science experiment. Ready for tomorrow!"
109238475482,"Vanessa Castro",2026-09-16,4,"Good",5,"None / Peaceful",8,"Feeling energized after PE class. Focused on my study goals."
109238475482,"Vanessa Castro",2026-09-17,4,"Good",5,"None / Peaceful",8,"Masaya ang homeroom activity kanina kasama ang advisory class!"
109238475482,"Vanessa Castro",2026-09-18,5,"Energized",4,"None / Peaceful",8,"Masaya ang homeroom activity kanina kasama ang advisory class!"
109238475482,"Vanessa Castro",2026-09-19,5,"Energized",4,"None / Peaceful",8,"Masaya ang homeroom activity kanina kasama ang advisory class!"
109238475483,"Adrian De Leon",2026-09-15,5,"Energized",5,"Exams / Deadlines",12,"Maganda ang score ko sa science experiment. Ready for tomorrow!"
109238475483,"Adrian De Leon",2026-09-16,5,"Energized",4,"None / Peaceful",12,"Masaya ang homeroom activity kanina kasama ang advisory class!"
109238475483,"Adrian De Leon",2026-09-17,4,"Good",4,"None / Peaceful",12,"Maganda ang score ko sa science experiment. Ready for tomorrow!"
109238475483,"Adrian De Leon",2026-09-18,3,"Okay / Neutral",5,"None / Peaceful",12,"Masaya ang homeroom activity kanina kasama ang advisory class!"
109238475483,"Adrian De Leon",2026-09-19,3,"Okay / Neutral",4,"None / Peaceful",12,"Maganda ang score ko sa science experiment. Ready for tomorrow!"
109238475484,"Andrea Dela Cruz",2026-09-15,5,"Energized",4,"Exams / Deadlines",10,"Masaya ang homeroom activity kanina kasama ang advisory class!"
109238475484,"Andrea Dela Cruz",2026-09-16,5,"Energized",4,"None / Peaceful",10,"Natapos ko lahat ng assignments on time. Peaceful weekend ahead."
109238475484,"Andrea Dela Cruz",2026-09-17,4,"Good",4,"None / Peaceful",10,"Masaya ang homeroom activity kanina kasama ang advisory class!"
109238475484,"Andrea Dela Cruz",2026-09-18,4,"Good",5,"None / Peaceful",10,"Feeling energized after PE class. Focused on my study goals."
109238475484,"Andrea Dela Cruz",2026-09-19,4,"Good",5,"None / Peaceful",10,"Feeling energized after PE class. Focused on my study goals."
109238475485,"Angelica San Jose",2026-09-15,2,"Stressed",1,"Exams / Deadlines",6,"Daming sabay-sabay na project submission, pagod na po ang katawan at isip ko."
109238475485,"Angelica San Jose",2026-09-16,3,"Okay / Neutral",2,"Exams / Deadlines",6,"Bagsak ako sa quarterly quiz, kinakabahan ako sabihin kay nanay."
109238475485,"Angelica San Jose",2026-09-17,2,"Stressed",1,"Finances",6,"Walang katuwang sa bahay, ako nag-aalaga sa mga kapatid ko habang nag-aaral."
109238475485,"Angelica San Jose",2026-09-18,2,"Stressed",2,"Exams / Deadlines",6,"Bagsak ako sa quarterly quiz, kinakabahan ako sabihin kay nanay."
109238475485,"Angelica San Jose",2026-09-19,2,"Stressed",2,"Exams / Deadlines",6,"Nag-aalala ako sa matrikula at baka hindi ako maka-exam sa finals."
109238475486,"Nathan Ramos",2026-09-15,4,"Good",5,"None / Peaceful",4,"Maganda ang score ko sa science experiment. Ready for tomorrow!"
109238475486,"Nathan Ramos",2026-09-16,5,"Energized",4,"None / Peaceful",4,"Natapos ko lahat ng assignments on time. Peaceful weekend ahead."
109238475486,"Nathan Ramos",2026-09-17,4,"Good",4,"None / Peaceful",4,"Feeling energized after PE class. Focused on my study goals."
109238475486,"Nathan Ramos",2026-09-18,4,"Good",4,"None / Peaceful",4,"Natapos ko lahat ng assignments on time. Peaceful weekend ahead."
109238475486,"Nathan Ramos",2026-09-19,4,"Good",4,"None / Peaceful",4,"Feeling energized after PE class. Focused on my study goals."
109238475487,"Alyssa Alcantara",2026-09-15,1,"Overwhelmed",1,"Family",13,"Sobrang nahihirapan na po ako sa Chemistry at Pre-Cal. Hindi na po ako makatulog sa gabi."
109238475487,"Alyssa Alcantara",2026-09-16,3,"Okay / Neutral",1,"Family",13,"Walang katuwang sa bahay, ako nag-aalaga sa mga kapatid ko habang nag-aaral."
109238475487,"Alyssa Alcantara",2026-09-17,1,"Overwhelmed",1,"Finances",13,"Nag-aalala ako sa matrikula at baka hindi ako maka-exam sa finals."
109238475487,"Alyssa Alcantara",2026-09-18,2,"Stressed",1,"Academics",13,"Daming sabay-sabay na project submission, pagod na po ang katawan at isip ko."
109238475487,"Alyssa Alcantara",2026-09-19,3,"Okay / Neutral",1,"Finances",13,"Nag-aalala ako sa matrikula at baka hindi ako maka-exam sa finals."
109238475488,"Camille De Leon",2026-09-15,2,"Stressed",2,"None / Peaceful",9,"May kaunting financial delay pero nakiusap naman kami sa accounting."
109238475488,"Camille De Leon",2026-09-16,4,"Good",3,"None / Peaceful",9,"Medyo puyat kaka-review, pero nakabawi naman ng tulog."
109238475488,"Camille De Leon",2026-09-17,4,"Good",2,"Sleep",9,"Nangangailangan ng review session sa Math bago mag-midterm."
109238475488,"Camille De Leon",2026-09-18,4,"Good",3,"Family",9,"May kaunting financial delay pero nakiusap naman kami sa accounting."
109238475488,"Camille De Leon",2026-09-19,2,"Stressed",3,"Finances",9,"Medyo puyat kaka-review, pero nakabawi naman ng tulog."
109238475489,"Ralph Lim",2026-09-15,4,"Good",3,"Family",6,"May kaunting financial delay pero nakiusap naman kami sa accounting."
109238475489,"Ralph Lim",2026-09-16,4,"Good",3,"Academics",6,"Medyo puyat kaka-review, pero nakabawi naman ng tulog."
109238475489,"Ralph Lim",2026-09-17,4,"Good",2,"Family",6,"Nangangailangan ng review session sa Math bago mag-midterm."
109238475489,"Ralph Lim",2026-09-18,4,"Good",2,"Exams / Deadlines",6,"Nangangailangan ng review session sa Math bago mag-midterm."
109238475489,"Ralph Lim",2026-09-19,4,"Good",2,"Family",6,"Medyo busy dahil sa papalapit na group presentation pero kakayanin."
109238475490,"Miguel Mendoza",2026-09-15,5,"Energized",5,"None / Peaceful",4,"Feeling energized after PE class. Focused on my study goals."
109238475490,"Miguel Mendoza",2026-09-16,5,"Energized",4,"Exams / Deadlines",4,"Natapos ko lahat ng assignments on time. Peaceful weekend ahead."
109238475490,"Miguel Mendoza",2026-09-17,3,"Okay / Neutral",4,"None / Peaceful",4,"Masaya ang homeroom activity kanina kasama ang advisory class!"
109238475490,"Miguel Mendoza",2026-09-18,3,"Okay / Neutral",4,"None / Peaceful",4,"Maganda ang score ko sa science experiment. Ready for tomorrow!"
109238475490,"Miguel Mendoza",2026-09-19,3,"Okay / Neutral",4,"None / Peaceful",4,"Maganda ang score ko sa science experiment. Ready for tomorrow!"
109238475491,"Vincent Tolentino",2026-09-15,5,"Energized",4,"Exams / Deadlines",6,"Masaya ang homeroom activity kanina kasama ang advisory class!"
109238475491,"Vincent Tolentino",2026-09-16,5,"Energized",4,"None / Peaceful",6,"Masaya ang homeroom activity kanina kasama ang advisory class!"
109238475491,"Vincent Tolentino",2026-09-17,4,"Good",5,"None / Peaceful",6,"Maganda ang score ko sa science experiment. Ready for tomorrow!"
109238475491,"Vincent Tolentino",2026-09-18,4,"Good",4,"Exams / Deadlines",6,"Feeling energized after PE class. Focused on my study goals."
109238475491,"Vincent Tolentino",2026-09-19,5,"Energized",4,"Exams / Deadlines",6,"Masaya ang homeroom activity kanina kasama ang advisory class!"
109238475492,"Karl Torres",2026-09-15,4,"Good",4,"Exams / Deadlines",9,"Masaya ang homeroom activity kanina kasama ang advisory class!"
109238475492,"Karl Torres",2026-09-16,4,"Good",4,"None / Peaceful",9,"Natapos ko lahat ng assignments on time. Peaceful weekend ahead."
109238475492,"Karl Torres",2026-09-17,5,"Energized",5,"Exams / Deadlines",9,"Feeling energized after PE class. Focused on my study goals."
109238475492,"Karl Torres",2026-09-18,4,"Good",4,"None / Peaceful",9,"Masaya ang homeroom activity kanina kasama ang advisory class!"
109238475492,"Karl Torres",2026-09-19,5,"Energized",5,"Exams / Deadlines",9,"Natapos ko lahat ng assignments on time. Peaceful weekend ahead."
109238475493,"Adrian Aquino",2026-09-15,4,"Good",2,"Physical Health",8,"Medyo busy dahil sa papalapit na group presentation pero kakayanin."
109238475493,"Adrian Aquino",2026-09-16,4,"Good",3,"Physical Health",8,"Medyo busy dahil sa papalapit na group presentation pero kakayanin."
109238475493,"Adrian Aquino",2026-09-17,3,"Okay / Neutral",2,"Family",8,"May kaunting financial delay pero nakiusap naman kami sa accounting."
109238475493,"Adrian Aquino",2026-09-18,3,"Okay / Neutral",2,"Finances",8,"Medyo busy dahil sa papalapit na group presentation pero kakayanin."
109238475493,"Adrian Aquino",2026-09-19,3,"Okay / Neutral",3,"Sleep",8,"Medyo puyat kaka-review, pero nakabawi naman ng tulog."
109238475494,"Althea Alcantara",2026-09-15,2,"Stressed",3,"Physical Health",4,"Medyo puyat kaka-review, pero nakabawi naman ng tulog."
109238475494,"Althea Alcantara",2026-09-16,4,"Good",2,"Family",4,"Medyo puyat kaka-review, pero nakabawi naman ng tulog."
109238475494,"Althea Alcantara",2026-09-17,4,"Good",3,"Physical Health",4,"Nangangailangan ng review session sa Math bago mag-midterm."
109238475494,"Althea Alcantara",2026-09-18,4,"Good",2,"Sleep",4,"Medyo puyat kaka-review, pero nakabawi naman ng tulog."
109238475494,"Althea Alcantara",2026-09-19,4,"Good",3,"None / Peaceful",4,"Nangangailangan ng review session sa Math bago mag-midterm."
109238475495,"Francis Santos",2026-09-15,4,"Good",2,"Sleep",6,"Medyo busy dahil sa papalapit na group presentation pero kakayanin."
109238475495,"Francis Santos",2026-09-16,3,"Okay / Neutral",2,"Finances",6,"Medyo puyat kaka-review, pero nakabawi naman ng tulog."
109238475495,"Francis Santos",2026-09-17,2,"Stressed",2,"Sleep",6,"Nangangailangan ng review session sa Math bago mag-midterm."
109238475495,"Francis Santos",2026-09-18,4,"Good",2,"None / Peaceful",6,"May kaunting financial delay pero nakiusap naman kami sa accounting."
109238475495,"Francis Santos",2026-09-19,4,"Good",3,"Physical Health",6,"Medyo puyat kaka-review, pero nakabawi naman ng tulog."
109238475496,"Patricia Garcia",2026-09-15,4,"Good",4,"None / Peaceful",9,"Masaya ang homeroom activity kanina kasama ang advisory class!"
109238475496,"Patricia Garcia",2026-09-16,5,"Energized",4,"None / Peaceful",9,"Natapos ko lahat ng assignments on time. Peaceful weekend ahead."
109238475496,"Patricia Garcia",2026-09-17,3,"Okay / Neutral",4,"None / Peaceful",9,"Maganda ang score ko sa science experiment. Ready for tomorrow!"
109238475496,"Patricia Garcia",2026-09-18,4,"Good",4,"Exams / Deadlines",9,"Masaya ang homeroom activity kanina kasama ang advisory class!"
109238475496,"Patricia Garcia",2026-09-19,4,"Good",5,"None / Peaceful",9,"Maganda ang score ko sa science experiment. Ready for tomorrow!"
109238475497,"Andrea Soriano",2026-09-15,4,"Good",5,"None / Peaceful",10,"Masaya ang homeroom activity kanina kasama ang advisory class!"
109238475497,"Andrea Soriano",2026-09-16,5,"Energized",4,"None / Peaceful",10,"Natapos ko lahat ng assignments on time. Peaceful weekend ahead."
109238475497,"Andrea Soriano",2026-09-17,4,"Good",4,"Exams / Deadlines",10,"Natapos ko lahat ng assignments on time. Peaceful weekend ahead."
109238475497,"Andrea Soriano",2026-09-18,5,"Energized",5,"None / Peaceful",10,"Feeling energized after PE class. Focused on my study goals."
109238475497,"Andrea Soriano",2026-09-19,4,"Good",4,"None / Peaceful",10,"Maganda ang score ko sa science experiment. Ready for tomorrow!"
109238475498,"Kathleen Villanueva",2026-09-15,4,"Good",4,"Exams / Deadlines",7,"Maganda ang score ko sa science experiment. Ready for tomorrow!"
109238475498,"Kathleen Villanueva",2026-09-16,3,"Okay / Neutral",4,"Exams / Deadlines",7,"Feeling energized after PE class. Focused on my study goals."
109238475498,"Kathleen Villanueva",2026-09-17,3,"Okay / Neutral",4,"Exams / Deadlines",7,"Masaya ang homeroom activity kanina kasama ang advisory class!"
109238475498,"Kathleen Villanueva",2026-09-18,3,"Okay / Neutral",4,"None / Peaceful",7,"Masaya ang homeroom activity kanina kasama ang advisory class!"
109238475498,"Kathleen Villanueva",2026-09-19,5,"Energized",4,"None / Peaceful",7,"Maganda ang score ko sa science experiment. Ready for tomorrow!"
109238475499,"Francis Flores",2026-09-15,2,"Stressed",2,"Finances",4,"Medyo puyat kaka-review, pero nakabawi naman ng tulog."
109238475499,"Francis Flores",2026-09-16,2,"Stressed",3,"None / Peaceful",4,"Nangangailangan ng review session sa Math bago mag-midterm."
109238475499,"Francis Flores",2026-09-17,2,"Stressed",3,"Family",4,"Nangangailangan ng review session sa Math bago mag-midterm."
109238475499,"Francis Flores",2026-09-18,3,"Okay / Neutral",2,"Finances",4,"May kaunting financial delay pero nakiusap naman kami sa accounting."
109238475499,"Francis Flores",2026-09-19,3,"Okay / Neutral",3,"Exams / Deadlines",4,"Medyo busy dahil sa papalapit na group presentation pero kakayanin."
109238475500,"Bea Patricia Navarro",2026-09-15,2,"Stressed",2,"None / Peaceful",3,"Nangangailangan ng review session sa Math bago mag-midterm."
109238475500,"Bea Patricia Navarro",2026-09-16,3,"Okay / Neutral",3,"Academics",3,"Medyo puyat kaka-review, pero nakabawi naman ng tulog."
109238475500,"Bea Patricia Navarro",2026-09-17,4,"Good",2,"Academics",3,"Medyo puyat kaka-review, pero nakabawi naman ng tulog."
109238475500,"Bea Patricia Navarro",2026-09-18,4,"Good",2,"Academics",3,"Nangangailangan ng review session sa Math bago mag-midterm."
109238475500,"Bea Patricia Navarro",2026-09-19,3,"Okay / Neutral",2,"Sleep",3,"May kaunting financial delay pero nakiusap naman kami sa accounting."
