lrn,student_name,birth_order,is_eldest_child,siblings_count,ofw_parent_status,parent_marital_status,single_parent_status,living_arrangement,is_4ps_beneficiary,primary_caregiver_relationship,household_monthly_income_bracket,parent_educational_attainment,guardian_contact_rating,parent_conference_attended,domestic_distress_flag,adviser_notes
109238475001,"Jerome Santos","Eldest",true,5,"None","Married / Intact",false,"With Both Parents",true,"Both Parents","Below ₱10,000 (Low Income)","High School","Unresponsive",false,false,"Both parents overseas; student experiences high isolation and emotional disconnect despite remittances"
109238475002,"Angelo Corpuz","Eldest",true,3,"Father OFW","Married / Intact",false,"With Mother Only",false,"Mother","₱50,000+ (Upper Middle/High)","College Degree","High",true,false,"Both parents present and maintain regular communication with class adviser"
109238475003,"Samantha Nicole Villanueva","Eldest",true,1,"Father OFW","Married / Intact",false,"With Mother Only",false,"Mother","₱25,000 - ₱49,999 (Middle)","College Degree","High",true,false,"Both parents present and maintain regular communication with class adviser"
109238475004,"Althea Gonzales","Only Child",false,0,"Father OFW","Married / Intact",false,"With Mother Only",false,"Mother","₱25,000 - ₱49,999 (Middle)","Postgraduate","High",true,false,"Both parents present and maintain regular communication with class adviser"
109238475005,"Erika Gonzales","Eldest",true,3,"None","Separated / Annulled",true,"With Mother Only",true,"Mother","Below ₱10,000 (Low Income)","Elementary","Moderate",false,true,"Recent parental separation resulting in emotional distress and sudden drop in homework submission"
109238475006,"Lance Dizon","Youngest",false,1,"Mother OFW","Married / Intact",false,"With Father Only",false,"Father","₱10,000 - ₱24,999 (Lower Middle)","Vocational/Tech","Low",true,true,"Single mother working multiple shifts; student shows good effort but needs follow-up on project deadlines"
109238475007,"Mariel Domingo","Only Child",false,0,"Father OFW","Married / Intact",false,"With Mother Only",false,"Mother","₱25,000 - ₱49,999 (Middle)","College Degree","High",false,false,"Very supportive and responsive home environment; parents actively monitor academic progress"
109238475008,"Sofia Manalo","Middle",false,2,"None","Married / Intact",false,"With Both Parents",false,"Both Parents","₱50,000+ (Upper Middle/High)","College Degree","High",false,false,"Very supportive and responsive home environment; parents actively monitor academic progress"
109238475009,"Lance Mercado","Eldest",true,2,"Father OFW","Married / Intact",false,"With Mother Only",false,"Mother","₱10,000 - ₱24,999 (Lower Middle)","Vocational/Tech","Low",true,false,"Guardian attended quarterly academic remediation conference and agreed on a home study schedule"
109238475010,"Miguel Mendoza","Only Child",false,0,"Father OFW","Married / Intact",false,"With Mother Only",false,"Mother","₱50,000+ (Upper Middle/High)","College Degree","High",true,false,"Exemplary parental involvement in all PTA and school wellness activities"
109238475011,"Justin Pascual","Middle",false,1,"None","Married / Intact",false,"With Grandparents",false,"Grandparents","₱50,000+ (Upper Middle/High)","Postgraduate","High",true,false,"Stable living arrangement with dedicated home study space and strong family emotional support"
109238475012,"Vincent Alcantara","Middle",false,3,"None","Married / Intact",false,"With Both Parents",false,"Both Parents","₱25,000 - ₱49,999 (Middle)","College Degree","High",false,false,"Stable living arrangement with dedicated home study space and strong family emotional support"
109238475013,"Rafael De Leon","Youngest",false,2,"None","Married / Intact",false,"With Both Parents",false,"Both Parents","₱50,000+ (Upper Middle/High)","College Degree","High",true,false,"Stable living arrangement with dedicated home study space and strong family emotional support"
109238475014,"Althea Bautista","Only Child",false,0,"None","Married / Intact",false,"With Both Parents",false,"Both Parents","₱50,000+ (Upper Middle/High)","College Degree","High",true,false,"Stable living arrangement with dedicated home study space and strong family emotional support"
109238475015,"Nicole Padilla","Youngest",false,3,"None","Married / Intact",false,"With Both Parents",false,"Both Parents","₱50,000+ (Upper Middle/High)","Postgraduate","High",true,false,"Both parents present and maintain regular communication with class adviser"
109238475016,"Justin Torres","Middle",false,3,"None","Married / Intact",false,"With Both Parents",false,"Both Parents","₱25,000 - ₱49,999 (Middle)","College Degree","High",false,false,"Active guardian support during homeroom consultations; student well-adjusted"
109238475017,"John Carlo Corpuz","Only Child",false,4,"None","Married / Intact",false,"With Grandparents",false,"Grandparents","₱10,000 - ₱24,999 (Lower Middle)","Vocational/Tech","Moderate",false,false,"Lives with aunt and cousins; generally stable environment with occasional internet connectivity issues"
109238475018,"Rochelle Castillo","Only Child",false,4,"None","Single Parent / Unmarried",true,"With Father Only",false,"Father","₱10,000 - ₱24,999 (Lower Middle)","Vocational/Tech","Low",true,true,"One parent works in Middle East; student displays mood fluctuations during exam periods"
109238475019,"Angelica Reyes","Eldest",true,5,"Father OFW","Married / Intact",false,"With Mother Only",false,"Mother","Below ₱10,000 (Low Income)","Elementary","Low",false,true,"Guardian unresponsive during 3 consecutive homeroom PTA calls; homeroom visit recommended"
109238475020,"Nicole Ramos","Middle",false,3,"None","Married / Intact",false,"With Both Parents",false,"Both Parents","₱25,000 - ₱49,999 (Middle)","Postgraduate","High",true,false,"Exemplary parental involvement in all PTA and school wellness activities"
109238475021,"Kathleen Ocampo","Youngest",false,1,"None","Married / Intact",false,"With Both Parents",false,"Both Parents","₱50,000+ (Upper Middle/High)","College Degree","High",true,false,"Both parents present and maintain regular communication with class adviser"
109238475022,"Daniel Santos","Only Child",false,0,"None","Married / Intact",false,"With Both Parents",false,"Both Parents","₱50,000+ (Upper Middle/High)","Postgraduate","High",true,false,"Exemplary parental involvement in all PTA and school wellness activities"
109238475023,"Princess Mae Soriano","Youngest",false,2,"None","Married / Intact",false,"With Both Parents",false,"Both Parents","₱25,000 - ₱49,999 (Middle)","High School","Low",false,false,"Guardian attended quarterly academic remediation conference and agreed on a home study schedule"
109238475024,"Lance Soriano","Eldest",true,5,"None","Single Parent / Unmarried",true,"With Mother Only",true,"Mother","Below ₱10,000 (Low Income)","Vocational/Tech","Low",true,false,"Living with elderly grandparents with limited capacity for high school academic supervision"
109238475025,"Bianca Santos","Only Child",false,0,"None","Married / Intact",false,"With Grandparents",false,"Grandparents","₱50,000+ (Upper Middle/High)","Postgraduate","High",true,false,"Active guardian support during homeroom consultations; student well-adjusted"
109238475026,"Gabriel Pascual","Only Child",false,0,"Father OFW","Married / Intact",false,"With Mother Only",false,"Mother","₱25,000 - ₱49,999 (Middle)","Postgraduate","High",false,false,"Stable living arrangement with dedicated home study space and strong family emotional support"
109238475027,"Rafael De Leon","Only Child",false,3,"Father OFW","Married / Intact",false,"With Mother Only",false,"Mother","₱10,000 - ₱24,999 (Lower Middle)","College Degree","High",true,false,"Lives with aunt and cousins; generally stable environment with occasional internet connectivity issues"
109238475028,"Nathan Dela Cruz","Youngest",false,2,"None","Single Parent / Unmarried",true,"With Grandparents",false,"Grandmother","₱50,000+ (Upper Middle/High)","Postgraduate","High",true,false,"Active guardian support during homeroom consultations; student well-adjusted"
109238475029,"Daniel Pascual","Eldest",true,2,"None","Married / Intact",false,"With Both Parents",false,"Both Parents","₱25,000 - ₱49,999 (Middle)","Vocational/Tech","High",true,false,"Lives with aunt and cousins; generally stable environment with occasional internet connectivity issues"
109238475030,"Dominic Alcantara","Eldest",true,3,"None","Single Parent / Unmarried",true,"With Grandparents",false,"Grandmother","₱10,000 - ₱24,999 (Lower Middle)","College Degree","High",false,false,"Single mother working multiple shifts; student shows good effort but needs follow-up on project deadlines"
109238475031,"Samantha Nicole Gonzales","Youngest",false,2,"None","Married / Intact",false,"With Both Parents",false,"Both Parents","₱50,000+ (Upper Middle/High)","College Degree","High",true,false,"Both parents present and maintain regular communication with class adviser"
109238475032,"Rafael Santos","Youngest",false,3,"Father OFW","Married / Intact",false,"With Mother Only",true,"Mother","Below ₱10,000 (Low Income)","Vocational/Tech","Moderate",true,false,"Single mother working multiple shifts; student shows good effort but needs follow-up on project deadlines"
109238475033,"Jasmine San Jose","Eldest",true,3,"Father OFW","Married / Intact",false,"With Mother Only",false,"Mother","₱50,000+ (Upper Middle/High)","Postgraduate","High",true,false,"Very supportive and responsive home environment; parents actively monitor academic progress"
109238475034,"Angelo Torres","Middle",false,3,"Father OFW","Single Parent / Unmarried",true,"With Grandparents",false,"Grandmother","₱25,000 - ₱49,999 (Middle)","College Degree","High",true,false,"Stable living arrangement with dedicated home study space and strong family emotional support"
109238475035,"Rafael Domingo","Only Child",false,0,"None","Married / Intact",false,"With Both Parents",false,"Both Parents","₱50,000+ (Upper Middle/High)","College Degree","High",true,false,"Both parents present and maintain regular communication with class adviser"
109238475036,"Gabriel Ramos","Eldest",true,1,"Father OFW","Married / Intact",false,"With Mother Only",false,"Mother","₱25,000 - ₱49,999 (Middle)","College Degree","High",true,false,"Stable living arrangement with dedicated home study space and strong family emotional support"
109238475037,"Chloe Soriano","Middle",false,2,"Father OFW","Married / Intact",false,"With Mother Only",false,"Mother","₱50,000+ (Upper Middle/High)","College Degree","High",true,false,"Active guardian support during homeroom consultations; student well-adjusted"
109238475038,"Kathleen Ramos","Only Child",false,3,"Father OFW","Married / Intact",false,"With Mother Only",false,"Mother","₱10,000 - ₱24,999 (Lower Middle)","High School","Low",true,true,"Lives with aunt and cousins; generally stable environment with occasional internet connectivity issues"
109238475039,"Adrian Lim","Middle",false,2,"None","Married / Intact",false,"With Both Parents",false,"Both Parents","₱50,000+ (Upper Middle/High)","College Degree","High",true,false,"Exemplary parental involvement in all PTA and school wellness activities"
109238475040,"Lucas Lim","Only Child",false,0,"Father OFW","Married / Intact",false,"With Mother Only",false,"Mother","₱50,000+ (Upper Middle/High)","College Degree","High",true,false,"Stable living arrangement with dedicated home study space and strong family emotional support"
109238475041,"Denise Torres","Youngest",false,3,"None","Married / Intact",false,"With Both Parents",false,"Both Parents","₱50,000+ (Upper Middle/High)","College Degree","High",true,false,"Both parents present and maintain regular communication with class adviser"
109238475042,"Andrea Castillo","Middle",false,2,"None","Married / Intact",false,"With Both Parents",false,"Both Parents","₱25,000 - ₱49,999 (Middle)","Postgraduate","High",true,false,"Very supportive and responsive home environment; parents actively monitor academic progress"
109238475043,"Denise Reyes","Only Child",false,0,"None","Single Parent / Unmarried",true,"With Mother Only",false,"Mother","₱50,000+ (Upper Middle/High)","College Degree","High",true,false,"Active guardian support during homeroom consultations; student well-adjusted"
109238475044,"Samantha Nicole Valdez","Only Child",false,0,"Father OFW","Married / Intact",false,"With Mother Only",false,"Mother","₱50,000+ (Upper Middle/High)","College Degree","High",true,false,"Stable living arrangement with dedicated home study space and strong family emotional support"
109238475045,"Vanessa Corpuz","Middle",false,3,"None","Married / Intact",false,"With Both Parents",false,"Both Parents","₱50,000+ (Upper Middle/High)","Postgraduate","High",true,false,"Exemplary parental involvement in all PTA and school wellness activities"
109238475046,"Aaron Ocampo","Eldest",true,1,"Father OFW","Married / Intact",false,"With Mother Only",false,"Mother","₱50,000+ (Upper Middle/High)","Postgraduate","High",true,false,"Stable living arrangement with dedicated home study space and strong family emotional support"
109238475047,"Karl De Leon","Eldest",true,3,"None","Married / Intact",false,"With Both Parents",false,"Both Parents","₱50,000+ (Upper Middle/High)","College Degree","High",true,false,"Stable living arrangement with dedicated home study space and strong family emotional support"
109238475048,"Angelica Salazar","Eldest",true,1,"None","Single Parent / Unmarried",true,"With Mother Only",false,"Mother","₱25,000 - ₱49,999 (Middle)","College Degree","High",true,false,"Both parents present and maintain regular communication with class adviser"
109238475049,"Vanessa San Jose","Eldest",true,1,"Mother OFW","Single Parent / Unmarried",true,"With Father Only",true,"Father","Below ₱10,000 (Low Income)","College Degree","Moderate",true,true,"Lives with aunt and cousins; generally stable environment with occasional internet connectivity issues"
109238475050,"Alyssa Reyes","Only Child",false,0,"Father OFW","Married / Intact",false,"With Mother Only",false,"Mother","₱50,000+ (Upper Middle/High)","College Degree","High",true,false,"Very supportive and responsive home environment; parents actively monitor academic progress"
109238475051,"Trisha Alcantara","Middle",false,2,"Father OFW","Married / Intact",false,"With Mother Only",false,"Mother","₱50,000+ (Upper Middle/High)","College Degree","High",true,false,"Very supportive and responsive home environment; parents actively monitor academic progress"
109238475052,"Bianca Tolentino","Middle",false,1,"Father OFW","Married / Intact",false,"With Mother Only",false,"Mother","₱50,000+ (Upper Middle/High)","College Degree","High",true,false,"Active guardian support during homeroom consultations; student well-adjusted"
109238475053,"Rafael Castro","Middle",false,3,"None","Widowed",true,"With Mother Only",false,"Mother","₱25,000 - ₱49,999 (Middle)","High School","Low",false,false,"Single mother working multiple shifts; student shows good effort but needs follow-up on project deadlines"
109238475054,"Vincent Ramos","Only Child",false,0,"Father OFW","Married / Intact",false,"With Mother Only",false,"Mother","₱25,000 - ₱49,999 (Middle)","College Degree","High",true,false,"Active guardian support during homeroom consultations; student well-adjusted"
109238475055,"Denise Manalo","Youngest",false,4,"Father OFW","Separated / Annulled",true,"With Grandparents",false,"Grandmother","₱10,000 - ₱24,999 (Lower Middle)","High School","Moderate",true,false,"Lives with aunt and cousins; generally stable environment with occasional internet connectivity issues"
109238475056,"Karl San Jose","Eldest",true,2,"None","Married / Intact",false,"With Both Parents",false,"Both Parents","₱50,000+ (Upper Middle/High)","Postgraduate","High",true,false,"Stable living arrangement with dedicated home study space and strong family emotional support"
109238475057,"Angelo Alcantara","Eldest",true,5,"None","Single Parent / Unmarried",true,"With Mother Only",false,"Mother","₱10,000 - ₱24,999 (Lower Middle)","Elementary","Moderate",false,true,"Both parents overseas; student experiences high isolation and emotional disconnect despite remittances"
109238475058,"Patricia San Jose","Youngest",false,1,"None","Married / Intact",false,"With Both Parents",false,"Both Parents","₱25,000 - ₱49,999 (Middle)","College Degree","Moderate",true,false,"Family experiencing livelihood changes; adviser providing guidance check-ins"
109238475059,"Kathleen Padilla","Only Child",false,0,"None","Married / Intact",false,"With Both Parents",false,"Both Parents","₱50,000+ (Upper Middle/High)","College Degree","High",true,false,"Exemplary parental involvement in all PTA and school wellness activities"
109238475060,"Alyssa Castro","Eldest",true,3,"None","Married / Intact",false,"With Both Parents",false,"Both Parents","₱25,000 - ₱49,999 (Middle)","College Degree","High",true,false,"Very supportive and responsive home environment; parents actively monitor academic progress"
109238475061,"Lucas Lim","Youngest",false,4,"None","Married / Intact",false,"With Both Parents",false,"Both Parents","₱10,000 - ₱24,999 (Lower Middle)","High School","Moderate",true,false,"One parent works in Middle East; student displays mood fluctuations during exam periods"
109238475062,"Bianca Villanueva","Middle",false,1,"Father OFW","Married / Intact",false,"With Mother Only",false,"Mother","₱50,000+ (Upper Middle/High)","College Degree","High",true,false,"Active guardian support during homeroom consultations; student well-adjusted"
109238475063,"Rafael San Jose","Only Child",false,0,"Father OFW","Married / Intact",false,"With Mother Only",false,"Mother","₱25,000 - ₱49,999 (Middle)","College Degree","High",true,false,"Very supportive and responsive home environment; parents actively monitor academic progress"
109238475064,"Lucas Pascual","Only Child",false,0,"Father OFW","Single Parent / Unmarried",true,"With Grandparents",false,"Grandmother","₱25,000 - ₱49,999 (Middle)","College Degree","High",true,false,"Exemplary parental involvement in all PTA and school wellness activities"
109238475065,"Kyle Bautista","Eldest",true,3,"None","Married / Intact",false,"With Both Parents",false,"Both Parents","₱25,000 - ₱49,999 (Middle)","College Degree","High",true,false,"Stable living arrangement with dedicated home study space and strong family emotional support"
109238475066,"Trisha Castillo","Youngest",false,3,"Mother OFW","Married / Intact",false,"With Father Only",false,"Father","₱10,000 - ₱24,999 (Lower Middle)","High School","High",true,true,"Lives with aunt and cousins; generally stable environment with occasional internet connectivity issues"
109238475067,"Daniel Padilla","Eldest",true,2,"None","Married / Intact",false,"With Both Parents",false,"Both Parents","₱50,000+ (Upper Middle/High)","College Degree","High",true,false,"Very supportive and responsive home environment; parents actively monitor academic progress"
109238475068,"Mariel Tolentino","Eldest",true,1,"None","Married / Intact",false,"With Both Parents",false,"Both Parents","₱25,000 - ₱49,999 (Middle)","College Degree","High",true,false,"Stable living arrangement with dedicated home study space and strong family emotional support"
109238475069,"Jasmine San Jose","Only Child",false,0,"None","Married / Intact",false,"With Both Parents",false,"Both Parents","₱25,000 - ₱49,999 (Middle)","College Degree","High",true,false,"Both parents present and maintain regular communication with class adviser"
109238475070,"Danielle Garcia","Youngest",false,2,"None","Married / Intact",false,"With Both Parents",false,"Both Parents","₱50,000+ (Upper Middle/High)","Postgraduate","High",true,false,"Active guardian support during homeroom consultations; student well-adjusted"
109238475071,"Andrea Mercado","Only Child",false,0,"None","Married / Intact",false,"With Both Parents",false,"Both Parents","₱50,000+ (Upper Middle/High)","Postgraduate","High",true,false,"Both parents present and maintain regular communication with class adviser"
109238475072,"Kathleen Castro","Youngest",false,3,"None","Single Parent / Unmarried",true,"With Father Only",false,"Father","₱25,000 - ₱49,999 (Middle)","Vocational/Tech","Moderate",true,false,"One parent works in Middle East; student displays mood fluctuations during exam periods"
109238475073,"Vincent Valdez","Middle",false,3,"None","Married / Intact",false,"With Relatives",false,"Grandparents","₱50,000+ (Upper Middle/High)","College Degree","High",true,false,"Stable living arrangement with dedicated home study space and strong family emotional support"
109238475074,"Camille Alcantara","Youngest",false,3,"None","Single Parent / Unmarried",true,"With Mother Only",false,"Mother","₱50,000+ (Upper Middle/High)","College Degree","High",true,false,"Both parents present and maintain regular communication with class adviser"
109238475075,"Kathleen Lim","Eldest",true,3,"None","Married / Intact",false,"With Both Parents",false,"Both Parents","₱50,000+ (Upper Middle/High)","College Degree","High",false,false,"Stable living arrangement with dedicated home study space and strong family emotional support"
109238475076,"Matthew Santiago","Middle",false,3,"None","Widowed",true,"With Mother Only",true,"Mother","Below ₱10,000 (Low Income)","College Degree","Moderate",false,true,"One parent works in Middle East; student displays mood fluctuations during exam periods"
109238475077,"Joshua Pascual","Only Child",false,0,"Father OFW","Married / Intact",false,"With Mother Only",false,"Mother","₱25,000 - ₱49,999 (Middle)","College Degree","High",true,false,"Exemplary parental involvement in all PTA and school wellness activities"
109238475078,"Lance Garcia","Eldest",true,3,"None","Married / Intact",false,"With Both Parents",false,"Both Parents","₱25,000 - ₱49,999 (Middle)","College Degree","High",true,false,"Active guardian support during homeroom consultations; student well-adjusted"
109238475079,"Mark Kenneth Villanueva","Eldest",true,2,"None","Married / Intact",false,"With Both Parents",false,"Both Parents","₱50,000+ (Upper Middle/High)","College Degree","High",false,false,"Exemplary parental involvement in all PTA and school wellness activities"
109238475080,"Rafael De Leon","Middle",false,3,"None","Married / Intact",false,"With Both Parents",false,"Both Parents","₱25,000 - ₱49,999 (Middle)","Postgraduate","High",true,false,"Very supportive and responsive home environment; parents actively monitor academic progress"
109238475081,"Vincent Villanueva","Eldest",true,1,"None","Single Parent / Unmarried",true,"With Mother Only",false,"Mother","₱50,000+ (Upper Middle/High)","Postgraduate","High",true,false,"Both parents present and maintain regular communication with class adviser"
109238475082,"Denise Corpuz","Youngest",false,1,"None","Married / Intact",false,"With Grandparents",false,"Grandparents","₱50,000+ (Upper Middle/High)","College Degree","High",true,false,"Active guardian support during homeroom consultations; student well-adjusted"
109238475083,"Camille Corpuz","Middle",false,2,"None","Married / Intact",false,"With Both Parents",false,"Both Parents","₱50,000+ (Upper Middle/High)","Postgraduate","High",true,false,"Very supportive and responsive home environment; parents actively monitor academic progress"
109238475084,"Althea Reyes","Only Child",false,2,"Both Parents OFW","Married / Intact",false,"With Grandparents",true,"Grandparents","Below ₱10,000 (Low Income)","Vocational/Tech","Low",false,false,"Both parents overseas; student experiences high isolation and emotional disconnect despite remittances"
109238475085,"Karl Corpuz","Youngest",false,2,"None","Married / Intact",false,"With Grandparents",false,"Grandparents","₱50,000+ (Upper Middle/High)","College Degree","High",true,false,"Both parents present and maintain regular communication with class adviser"
109238475086,"Samantha Nicole Soriano","Middle",false,2,"None","Married / Intact",false,"With Both Parents",false,"Both Parents","₱25,000 - ₱49,999 (Middle)","Postgraduate","High",true,false,"Both parents present and maintain regular communication with class adviser"
109238475087,"Princess Mae Reyes","Only Child",false,0,"None","Single Parent / Unmarried",true,"With Mother Only",false,"Mother","₱50,000+ (Upper Middle/High)","College Degree","High",true,false,"Very supportive and responsive home environment; parents actively monitor academic progress"
109238475088,"Alyssa Ramos","Eldest",true,4,"Father OFW","Married / Intact",false,"With Mother Only",false,"Mother","₱10,000 - ₱24,999 (Lower Middle)","College Degree","High",false,false,"Lives with aunt and cousins; generally stable environment with occasional internet connectivity issues"
109238475089,"Vanessa Pascual","Youngest",false,1,"None","Married / Intact",false,"With Both Parents",false,"Both Parents","₱25,000 - ₱49,999 (Middle)","High School","Moderate",true,false,"Guardian attended quarterly academic remediation conference and agreed on a home study schedule"
109238475090,"Patricia San Jose","Middle",false,3,"None","Married / Intact",false,"With Both Parents",false,"Both Parents","₱50,000+ (Upper Middle/High)","College Degree","High",true,false,"Both parents present and maintain regular communication with class adviser"
109238475091,"John Carlo Reyes","Middle",false,2,"Both Parents OFW","Single Parent / Unmarried",true,"With Father Only",false,"Father","Below ₱10,000 (Low Income)","Elementary","Moderate",false,true,"Recent parental separation resulting in emotional distress and sudden drop in homework submission"
109238475092,"Ethan Manalo","Youngest",false,4,"Mother OFW","Single Parent / Unmarried",true,"With Grandparents",false,"Grandmother","₱10,000 - ₱24,999 (Lower Middle)","Vocational/Tech","High",false,true,"Single mother working multiple shifts; student shows good effort but needs follow-up on project deadlines"
109238475093,"Alyssa Tolentino","Eldest",true,1,"None","Single Parent / Unmarried",true,"With Mother Only",true,"Mother","Below ₱10,000 (Low Income)","College Degree","High",true,false,"Family experiencing livelihood changes; adviser providing guidance check-ins"
109238475094,"Aaron Navarro","Middle",false,1,"None","Single Parent / Unmarried",true,"With Mother Only",false,"Mother","₱25,000 - ₱49,999 (Middle)","Vocational/Tech","Low",true,false,"Family experiencing livelihood changes; adviser providing guidance check-ins"
109238475095,"Lance Tan","Only Child",false,0,"None","Single Parent / Unmarried",true,"With Mother Only",false,"Mother","₱25,000 - ₱49,999 (Middle)","College Degree","High",true,false,"Exemplary parental involvement in all PTA and school wellness activities"
109238475096,"Angelica Flores","Eldest",true,2,"None","Married / Intact",false,"With Both Parents",false,"Both Parents","₱50,000+ (Upper Middle/High)","College Degree","High",true,false,"Exemplary parental involvement in all PTA and school wellness activities"
109238475097,"Bianca Castro","Only Child",false,4,"Father OFW","Widowed",true,"With Mother Only",true,"Mother","Below ₱10,000 (Low Income)","High School","Moderate",true,true,"Recent parental separation resulting in emotional distress and sudden drop in homework submission"
109238475098,"Sofia Dizon","Youngest",false,2,"Father OFW","Married / Intact",false,"With Mother Only",false,"Mother","₱25,000 - ₱49,999 (Middle)","Postgraduate","High",true,false,"Active guardian support during homeroom consultations; student well-adjusted"
109238475099,"Gabriel Soriano","Eldest",true,4,"Father OFW","Separated / Annulled",true,"With Father Only",false,"Father","₱10,000 - ₱24,999 (Lower Middle)","High School","Low",true,false,"Student is the eldest of 5 siblings; works part-time on weekends to support household 4Ps allowance"
109238475100,"Patricia Tolentino","Youngest",false,3,"Father OFW","Married / Intact",false,"With Mother Only",false,"Mother","₱50,000+ (Upper Middle/High)","College Degree","High",true,false,"Very supportive and responsive home environment; parents actively monitor academic progress"
109238475101,"Jerome Castillo","Middle",false,1,"None","Married / Intact",false,"With Both Parents",false,"Both Parents","₱50,000+ (Upper Middle/High)","College Degree","High",true,false,"Stable living arrangement with dedicated home study space and strong family emotional support"
109238475102,"Ralph Villanueva","Middle",false,1,"None","Married / Intact",false,"With Grandparents",false,"Grandparents","₱25,000 - ₱49,999 (Middle)","Postgraduate","High",true,false,"Very supportive and responsive home environment; parents actively monitor academic progress"
109238475103,"Princess Mae Soriano","Eldest",true,2,"None","Married / Intact",false,"With Both Parents",false,"Both Parents","₱50,000+ (Upper Middle/High)","College Degree","High",true,false,"Very supportive and responsive home environment; parents actively monitor academic progress"
109238475104,"Vincent Torres","Middle",false,3,"None","Married / Intact",false,"With Both Parents",false,"Both Parents","₱50,000+ (Upper Middle/High)","College Degree","High",true,false,"Very supportive and responsive home environment; parents actively monitor academic progress"
109238475105,"Francis Castillo","Eldest",true,3,"None","Separated / Annulled",true,"With Father Only",false,"Father","₱25,000 - ₱49,999 (Middle)","Vocational/Tech","High",true,false,"Guardian attended quarterly academic remediation conference and agreed on a home study schedule"
109238475106,"Chloe Corpuz","Middle",false,3,"None","Married / Intact",false,"With Both Parents",false,"Both Parents","₱50,000+ (Upper Middle/High)","College Degree","High",true,false,"Stable living arrangement with dedicated home study space and strong family emotional support"
109238475107,"Bianca Castillo","Only Child",false,0,"None","Married / Intact",false,"With Both Parents",false,"Both Parents","₱50,000+ (Upper Middle/High)","College Degree","High",true,false,"Exemplary parental involvement in all PTA and school wellness activities"
109238475108,"Ethan Ramos","Only Child",false,0,"None","Married / Intact",false,"With Both Parents",false,"Both Parents","₱25,000 - ₱49,999 (Middle)","College Degree","High",true,false,"Exemplary parental involvement in all PTA and school wellness activities"
109238475109,"Paolo Domingo","Only Child",false,0,"Father OFW","Married / Intact",false,"With Mother Only",false,"Mother","₱25,000 - ₱49,999 (Middle)","College Degree","High",true,false,"Both parents present and maintain regular communication with class adviser"
109238475110,"Nathan Gonzales","Middle",false,4,"None","Separated / Annulled",true,"With Father Only",true,"Father","Below ₱10,000 (Low Income)","Vocational/Tech","Moderate",true,false,"Family experiencing livelihood changes; adviser providing guidance check-ins"
109238475111,"Samantha Nicole Lim","Only Child",false,0,"None","Single Parent / Unmarried",true,"With Mother Only",false,"Mother","₱50,000+ (Upper Middle/High)","College Degree","High",true,false,"Active guardian support during homeroom consultations; student well-adjusted"
109238475112,"Jerome Lim","Only Child",false,0,"None","Married / Intact",false,"With Both Parents",false,"Both Parents","₱25,000 - ₱49,999 (Middle)","College Degree","High",true,false,"Very supportive and responsive home environment; parents actively monitor academic progress"
109238475113,"Nicole Valdez","Middle",false,2,"None","Married / Intact",false,"With Relatives",false,"Grandparents","₱50,000+ (Upper Middle/High)","Postgraduate","High",true,false,"Very supportive and responsive home environment; parents actively monitor academic progress"
109238475114,"Bea Patricia Corpuz","Youngest",false,3,"None","Married / Intact",false,"With Both Parents",false,"Both Parents","₱25,000 - ₱49,999 (Middle)","College Degree","High",false,false,"Very supportive and responsive home environment; parents actively monitor academic progress"
109238475115,"Christian Dave Santiago","Youngest",false,1,"Father OFW","Married / Intact",false,"With Mother Only",false,"Mother","₱50,000+ (Upper Middle/High)","Postgraduate","High",true,false,"Stable living arrangement with dedicated home study space and strong family emotional support"
109238475116,"Erika Ramos","Eldest",true,3,"None","Married / Intact",false,"With Grandparents",false,"Grandparents","₱50,000+ (Upper Middle/High)","College Degree","High",true,false,"Stable living arrangement with dedicated home study space and strong family emotional support"
109238475117,"Lance Mendoza","Youngest",false,3,"None","Single Parent / Unmarried",true,"With Father Only",false,"Father","₱50,000+ (Upper Middle/High)","College Degree","High",true,false,"Very supportive and responsive home environment; parents actively monitor academic progress"
109238475118,"Kathleen Mendoza","Youngest",false,1,"Father OFW","Married / Intact",false,"With Mother Only",false,"Mother","₱25,000 - ₱49,999 (Middle)","Postgraduate","High",true,false,"Very supportive and responsive home environment; parents actively monitor academic progress"
109238475119,"John Carlo Castillo","Middle",false,3,"None","Single Parent / Unmarried",true,"With Grandparents",false,"Grandmother","₱50,000+ (Upper Middle/High)","College Degree","High",true,false,"Very supportive and responsive home environment; parents actively monitor academic progress"
109238475120,"Hannah Tolentino","Eldest",true,2,"None","Married / Intact",false,"With Both Parents",false,"Both Parents","₱50,000+ (Upper Middle/High)","Postgraduate","High",false,false,"Active guardian support during homeroom consultations; student well-adjusted"
109238475121,"Sofia Ocampo","Eldest",true,1,"None","Married / Intact",false,"With Both Parents",false,"Both Parents","₱50,000+ (Upper Middle/High)","College Degree","High",false,false,"Stable living arrangement with dedicated home study space and strong family emotional support"
109238475122,"Bianca Pascual","Middle",false,2,"Father OFW","Married / Intact",false,"With Mother Only",false,"Mother","₱50,000+ (Upper Middle/High)","Postgraduate","High",false,false,"Both parents present and maintain regular communication with class adviser"
109238475123,"Nicole Santos","Youngest",false,1,"None","Married / Intact",false,"With Both Parents",false,"Both Parents","₱50,000+ (Upper Middle/High)","College Degree","High",true,false,"Both parents present and maintain regular communication with class adviser"
109238475124,"Jasmine Manalo","Eldest",true,2,"None","Married / Intact",false,"With Both Parents",false,"Both Parents","₱25,000 - ₱49,999 (Middle)","Postgraduate","High",true,false,"Very supportive and responsive home environment; parents actively monitor academic progress"
109238475125,"Cedric Villanueva","Eldest",true,3,"None","Married / Intact",false,"With Both Parents",false,"Both Parents","₱25,000 - ₱49,999 (Middle)","Postgraduate","High",true,false,"Stable living arrangement with dedicated home study space and strong family emotional support"
109238475126,"Jerome Corpuz","Youngest",false,1,"None","Married / Intact",false,"With Both Parents",false,"Both Parents","₱50,000+ (Upper Middle/High)","College Degree","High",true,false,"Very supportive and responsive home environment; parents actively monitor academic progress"
109238475127,"Jerome Salazar","Eldest",true,1,"None","Married / Intact",false,"With Both Parents",false,"Both Parents","₱50,000+ (Upper Middle/High)","College Degree","High",false,false,"Very supportive and responsive home environment; parents actively monitor academic progress"
109238475128,"Erika Villanueva","Only Child",false,0,"None","Married / Intact",false,"With Both Parents",false,"Both Parents","₱50,000+ (Upper Middle/High)","College Degree","High",true,false,"Very supportive and responsive home environment; parents actively monitor academic progress"
109238475129,"Cedric Santos","Eldest",true,1,"None","Married / Intact",false,"With Both Parents",false,"Both Parents","₱25,000 - ₱49,999 (Middle)","Postgraduate","High",true,false,"Both parents present and maintain regular communication with class adviser"
109238475130,"Vincent Torres","Eldest",true,1,"None","Married / Intact",false,"With Both Parents",false,"Both Parents","₱50,000+ (Upper Middle/High)","College Degree","High",true,false,"Very supportive and responsive home environment; parents actively monitor academic progress"
109238475131,"Mark Kenneth Santiago","Youngest",false,3,"None","Married / Intact",false,"With Grandparents",false,"Grandparents","₱50,000+ (Upper Middle/High)","College Degree","High",false,false,"Both parents present and maintain regular communication with class adviser"
109238475132,"Lucas Domingo","Only Child",false,0,"Father OFW","Married / Intact",false,"With Mother Only",false,"Mother","₱25,000 - ₱49,999 (Middle)","College Degree","High",true,false,"Exemplary parental involvement in all PTA and school wellness activities"
109238475133,"Samantha Nicole Alcantara","Youngest",false,1,"Father OFW","Married / Intact",false,"With Mother Only",false,"Mother","₱50,000+ (Upper Middle/High)","Postgraduate","High",true,false,"Both parents present and maintain regular communication with class adviser"
109238475134,"Mark Kenneth Salazar","Middle",false,4,"Father OFW","Married / Intact",false,"With Mother Only",false,"Mother","₱10,000 - ₱24,999 (Lower Middle)","College Degree","Moderate",true,true,"Family experiencing livelihood changes; adviser providing guidance check-ins"
109238475135,"Miguel Garcia","Only Child",false,4,"Father OFW","Widowed",true,"With Mother Only",true,"Mother","Below ₱10,000 (Low Income)","Elementary","Moderate",false,true,"Recent parental separation resulting in emotional distress and sudden drop in homework submission"
109238475136,"Cedric Santos","Eldest",true,3,"None","Widowed",true,"With Mother Only",true,"Mother","Below ₱10,000 (Low Income)","Vocational/Tech","Moderate",false,false,"Guardian attended quarterly academic remediation conference and agreed on a home study schedule"
109238475137,"Chloe Villanueva","Only Child",false,3,"None","Separated / Annulled",true,"With Grandparents",true,"Grandmother","Below ₱10,000 (Low Income)","Vocational/Tech","High",false,false,"Lives with aunt and cousins; generally stable environment with occasional internet connectivity issues"
109238475138,"John Carlo Flores","Only Child",false,0,"None","Married / Intact",false,"With Both Parents",false,"Both Parents","₱50,000+ (Upper Middle/High)","College Degree","High",true,false,"Stable living arrangement with dedicated home study space and strong family emotional support"
109238475139,"Shaina Corpuz","Youngest",false,4,"Mother OFW","Married / Intact",false,"With Father Only",false,"Father","₱10,000 - ₱24,999 (Lower Middle)","College Degree","Moderate",true,true,"One parent works in Middle East; student displays mood fluctuations during exam periods"
109238475140,"Andrea Ramos","Youngest",false,1,"None","Married / Intact",false,"With Both Parents",false,"Both Parents","₱50,000+ (Upper Middle/High)","Postgraduate","High",true,false,"Very supportive and responsive home environment; parents actively monitor academic progress"
109238475141,"Jerome Castillo","Middle",false,1,"None","Married / Intact",false,"With Both Parents",false,"Both Parents","₱25,000 - ₱49,999 (Middle)","College Degree","High",false,false,"Active guardian support during homeroom consultations; student well-adjusted"
109238475142,"Denise Soriano","Eldest",true,3,"Father OFW","Widowed",true,"With Mother Only",false,"Mother","Below ₱10,000 (Low Income)","High School","Low",false,true,"Recent parental separation resulting in emotional distress and sudden drop in homework submission"
109238475143,"Aaron Tolentino","Only Child",false,0,"None","Single Parent / Unmarried",true,"With Mother Only",false,"Mother","₱50,000+ (Upper Middle/High)","College Degree","High",true,false,"Very supportive and responsive home environment; parents actively monitor academic progress"
109238475144,"Althea Padilla","Youngest",false,3,"None","Widowed",true,"With Mother Only",false,"Mother","₱10,000 - ₱24,999 (Lower Middle)","High School","Low",false,false,"Family experiencing livelihood changes; adviser providing guidance check-ins"
109238475145,"Chloe Mercado","Youngest",false,2,"Father OFW","Married / Intact",false,"With Mother Only",false,"Mother","₱50,000+ (Upper Middle/High)","College Degree","High",false,false,"Both parents present and maintain regular communication with class adviser"
109238475146,"Lucas Soriano","Only Child",false,0,"Father OFW","Married / Intact",false,"With Mother Only",false,"Mother","₱25,000 - ₱49,999 (Middle)","College Degree","High",true,false,"Very supportive and responsive home environment; parents actively monitor academic progress"
109238475147,"Patricia Alcantara","Middle",false,4,"Mother OFW","Married / Intact",false,"With Father Only",false,"Father","₱25,000 - ₱49,999 (Middle)","College Degree","High",true,false,"Lives with aunt and cousins; generally stable environment with occasional internet connectivity issues"
109238475148,"Mariel Reyes","Youngest",false,1,"Father OFW","Married / Intact",false,"With Mother Only",false,"Mother","₱25,000 - ₱49,999 (Middle)","Postgraduate","High",true,false,"Stable living arrangement with dedicated home study space and strong family emotional support"
109238475149,"Mariel Castro","Youngest",false,3,"Father OFW","Single Parent / Unmarried",true,"With Grandparents",false,"Grandmother","₱25,000 - ₱49,999 (Middle)","College Degree","High",true,false,"Very supportive and responsive home environment; parents actively monitor academic progress"
109238475150,"Shaina Navarro","Eldest",true,2,"Mother OFW","Married / Intact",false,"With Father Only",true,"Father","Below ₱10,000 (Low Income)","Elementary","Moderate",false,true,"Recent parental separation resulting in emotional distress and sudden drop in homework submission"
109238475151,"Sofia Dizon","Youngest",false,1,"None","Single Parent / Unmarried",true,"With Mother Only",false,"Mother","₱25,000 - ₱49,999 (Middle)","College Degree","Low",false,false,"One parent works in Middle East; student displays mood fluctuations during exam periods"
109238475152,"Adrian Flores","Youngest",false,3,"None","Married / Intact",false,"With Both Parents",false,"Both Parents","₱10,000 - ₱24,999 (Lower Middle)","High School","High",false,false,"Family experiencing livelihood changes; adviser providing guidance check-ins"
109238475153,"Kristine Lim","Only Child",false,3,"None","Married / Intact",false,"With Both Parents",false,"Both Parents","₱25,000 - ₱49,999 (Middle)","High School","Moderate",true,false,"Guardian attended quarterly academic remediation conference and agreed on a home study schedule"
109238475154,"Lance Alcantara","Eldest",true,2,"None","Married / Intact",false,"With Both Parents",false,"Both Parents","₱25,000 - ₱49,999 (Middle)","College Degree","High",false,false,"Both parents present and maintain regular communication with class adviser"
109238475155,"Rochelle Santiago","Eldest",true,3,"Both Parents OFW","Widowed",true,"With Mother Only",false,"Mother","₱10,000 - ₱24,999 (Lower Middle)","Vocational/Tech","Unresponsive",true,true,"Family facing severe domestic pressure; student assumes full household caretaking duties for younger siblings"
109238475156,"Vanessa Rivera","Only Child",false,0,"None","Married / Intact",false,"With Both Parents",false,"Both Parents","₱25,000 - ₱49,999 (Middle)","Postgraduate","High",false,false,"Stable living arrangement with dedicated home study space and strong family emotional support"
109238475157,"Chloe Rivera","Youngest",false,3,"None","Married / Intact",false,"With Grandparents",false,"Grandparents","₱10,000 - ₱24,999 (Lower Middle)","High School","Low",true,true,"Family experiencing livelihood changes; adviser providing guidance check-ins"
109238475158,"Hannah Ramos","Eldest",true,2,"Father OFW","Married / Intact",false,"With Mother Only",false,"Mother","₱50,000+ (Upper Middle/High)","College Degree","High",true,false,"Exemplary parental involvement in all PTA and school wellness activities"
109238475159,"Rafael Corpuz","Middle",false,3,"None","Married / Intact",false,"With Both Parents",false,"Both Parents","₱25,000 - ₱49,999 (Middle)","College Degree","High",true,false,"Both parents present and maintain regular communication with class adviser"
109238475160,"Angelo Santiago","Middle",false,3,"Father OFW","Married / Intact",false,"With Mother Only",false,"Mother","₱50,000+ (Upper Middle/High)","College Degree","High",true,false,"Stable living arrangement with dedicated home study space and strong family emotional support"
109238475161,"Miguel San Jose","Only Child",false,4,"Mother OFW","Married / Intact",false,"With Father Only",false,"Father","₱10,000 - ₱24,999 (Lower Middle)","Vocational/Tech","High",false,false,"Family experiencing livelihood changes; adviser providing guidance check-ins"
109238475162,"Rafael Soriano","Youngest",false,3,"None","Married / Intact",false,"With Both Parents",false,"Both Parents","₱50,000+ (Upper Middle/High)","College Degree","High",true,false,"Both parents present and maintain regular communication with class adviser"
109238475163,"Kyle Dela Cruz","Only Child",false,0,"Father OFW","Married / Intact",false,"With Mother Only",false,"Mother","₱25,000 - ₱49,999 (Middle)","College Degree","High",true,false,"Both parents present and maintain regular communication with class adviser"
109238475164,"Francis Ramos","Youngest",false,1,"None","Single Parent / Unmarried",true,"With Grandparents",false,"Grandmother","₱25,000 - ₱49,999 (Middle)","Postgraduate","High",true,false,"Active guardian support during homeroom consultations; student well-adjusted"
109238475165,"Vanessa Santos","Middle",false,1,"None","Married / Intact",false,"With Both Parents",false,"Both Parents","₱50,000+ (Upper Middle/High)","Postgraduate","High",false,false,"Very supportive and responsive home environment; parents actively monitor academic progress"
109238475166,"John Carlo Tan","Eldest",true,2,"None","Single Parent / Unmarried",true,"With Grandparents",false,"Grandmother","₱50,000+ (Upper Middle/High)","College Degree","High",true,false,"Stable living arrangement with dedicated home study space and strong family emotional support"
109238475167,"Sofia Santos","Middle",false,3,"None","Married / Intact",false,"With Both Parents",false,"Both Parents","₱25,000 - ₱49,999 (Middle)","College Degree","High",false,false,"Exemplary parental involvement in all PTA and school wellness activities"
109238475168,"Francis Salazar","Middle",false,3,"Father OFW","Married / Intact",false,"With Mother Only",false,"Mother","₱50,000+ (Upper Middle/High)","Postgraduate","High",true,false,"Active guardian support during homeroom consultations; student well-adjusted"
109238475169,"Ralph Garcia","Only Child",false,0,"None","Single Parent / Unmarried",true,"With Mother Only",false,"Mother","₱50,000+ (Upper Middle/High)","College Degree","High",true,false,"Active guardian support during homeroom consultations; student well-adjusted"
109238475170,"Trisha Ocampo","Only Child",false,0,"Father OFW","Single Parent / Unmarried",true,"With Father Only",false,"Father","₱50,000+ (Upper Middle/High)","College Degree","High",true,false,"Active guardian support during homeroom consultations; student well-adjusted"
109238475171,"Camille Ramos","Middle",false,3,"None","Married / Intact",false,"With Both Parents",false,"Both Parents","₱50,000+ (Upper Middle/High)","College Degree","High",true,false,"Both parents present and maintain regular communication with class adviser"
109238475172,"Cedric Corpuz","Middle",false,1,"None","Single Parent / Unmarried",true,"With Grandparents",false,"Grandmother","₱50,000+ (Upper Middle/High)","College Degree","High",true,false,"Exemplary parental involvement in all PTA and school wellness activities"
109238475173,"Shaina Dela Cruz","Eldest",true,4,"None","Married / Intact",false,"With Both Parents",false,"Both Parents","₱10,000 - ₱24,999 (Lower Middle)","Vocational/Tech","High",true,false,"One parent works in Middle East; student displays mood fluctuations during exam periods"
109238475174,"Dominic Soriano","Eldest",true,1,"None","Married / Intact",false,"With Grandparents",false,"Grandparents","₱25,000 - ₱49,999 (Middle)","College Degree","High",true,false,"Both parents present and maintain regular communication with class adviser"
109238475175,"Rochelle Gonzales","Eldest",true,2,"None","Single Parent / Unmarried",true,"With Father Only",false,"Father","₱25,000 - ₱49,999 (Middle)","Vocational/Tech","Moderate",false,true,"One parent works in Middle East; student displays mood fluctuations during exam periods"
109238475176,"Danielle Santiago","Youngest",false,3,"None","Married / Intact",false,"With Both Parents",false,"Both Parents","₱50,000+ (Upper Middle/High)","College Degree","High",true,false,"Exemplary parental involvement in all PTA and school wellness activities"
109238475177,"Justin Bautista","Middle",false,2,"Father OFW","Widowed",true,"With Mother Only",true,"Mother","Below ₱10,000 (Low Income)","High School","Unresponsive",false,true,"Living with elderly grandparents with limited capacity for high school academic supervision"
109238475178,"Hannah Villanueva","Eldest",true,2,"None","Married / Intact",false,"With Both Parents",false,"Both Parents","₱50,000+ (Upper Middle/High)","College Degree","High",true,false,"Active guardian support during homeroom consultations; student well-adjusted"
109238475179,"Mark Kenneth Salazar","Only Child",false,3,"None","Married / Intact",false,"With Both Parents",false,"Both Parents","₱25,000 - ₱49,999 (Middle)","Vocational/Tech","Low",false,false,"Lives with aunt and cousins; generally stable environment with occasional internet connectivity issues"
109238475180,"Angelo Bautista","Middle",false,3,"Father OFW","Single Parent / Unmarried",true,"With Grandparents",false,"Grandmother","₱50,000+ (Upper Middle/High)","Postgraduate","High",true,false,"Both parents present and maintain regular communication with class adviser"
109238475181,"Gabriel San Jose","Middle",false,2,"Father OFW","Married / Intact",false,"With Mother Only",false,"Mother","₱25,000 - ₱49,999 (Middle)","College Degree","High",true,false,"Active guardian support during homeroom consultations; student well-adjusted"
109238475182,"Danielle Torres","Eldest",true,3,"None","Single Parent / Unmarried",true,"With Mother Only",false,"Mother","₱25,000 - ₱49,999 (Middle)","College Degree","High",true,false,"Very supportive and responsive home environment; parents actively monitor academic progress"
109238475183,"Vanessa De Leon","Youngest",false,1,"None","Married / Intact",false,"With Both Parents",false,"Both Parents","₱25,000 - ₱49,999 (Middle)","College Degree","High",true,false,"Very supportive and responsive home environment; parents actively monitor academic progress"
109238475184,"Patricia Gonzales","Only Child",false,3,"None","Widowed",true,"With Mother Only",false,"Mother","₱10,000 - ₱24,999 (Lower Middle)","College Degree","High",false,true,"Lives with aunt and cousins; generally stable environment with occasional internet connectivity issues"
109238475185,"Bianca Dizon","Youngest",false,2,"None","Married / Intact",false,"With Both Parents",false,"Both Parents","₱50,000+ (Upper Middle/High)","College Degree","High",true,false,"Stable living arrangement with dedicated home study space and strong family emotional support"
109238475186,"Justin Dizon","Eldest",true,3,"Father OFW","Widowed",true,"With Mother Only",false,"Mother","₱25,000 - ₱49,999 (Middle)","Vocational/Tech","Moderate",false,true,"One parent works in Middle East; student displays mood fluctuations during exam periods"
109238475187,"Adrian Bautista","Youngest",false,4,"None","Married / Intact",false,"With Both Parents",true,"Both Parents","Below ₱10,000 (Low Income)","Vocational/Tech","High",true,false,"Lives with aunt and cousins; generally stable environment with occasional internet connectivity issues"
109238475188,"Mariel Gonzales","Youngest",false,2,"None","Married / Intact",false,"With Relatives",false,"Grandparents","₱25,000 - ₱49,999 (Middle)","College Degree","High",true,false,"Exemplary parental involvement in all PTA and school wellness activities"
109238475189,"Ralph Mercado","Only Child",false,0,"None","Married / Intact",false,"With Both Parents",false,"Both Parents","₱25,000 - ₱49,999 (Middle)","Postgraduate","High",true,false,"Exemplary parental involvement in all PTA and school wellness activities"
109238475190,"Paolo Padilla","Eldest",true,2,"None","Married / Intact",false,"With Both Parents",false,"Both Parents","₱50,000+ (Upper Middle/High)","College Degree","High",true,false,"Active guardian support during homeroom consultations; student well-adjusted"
109238475191,"Samantha Nicole Valdez","Middle",false,1,"None","Married / Intact",false,"With Both Parents",false,"Both Parents","₱25,000 - ₱49,999 (Middle)","College Degree","High",true,false,"Very supportive and responsive home environment; parents actively monitor academic progress"
109238475192,"John Carlo Ocampo","Only Child",false,4,"None","Married / Intact",false,"With Relatives",false,"Grandparents","₱25,000 - ₱49,999 (Middle)","Vocational/Tech","High",false,false,"Family experiencing livelihood changes; adviser providing guidance check-ins"
109238475193,"Rafael Padilla","Only Child",false,0,"Father OFW","Married / Intact",false,"With Mother Only",false,"Mother","₱50,000+ (Upper Middle/High)","College Degree","High",true,false,"Very supportive and responsive home environment; parents actively monitor academic progress"
109238475194,"Lance Dizon","Only Child",false,1,"None","Single Parent / Unmarried",true,"With Mother Only",false,"Mother","₱10,000 - ₱24,999 (Lower Middle)","College Degree","Moderate",true,false,"One parent works in Middle East; student displays mood fluctuations during exam periods"
109238475195,"Danielle Villanueva","Middle",false,3,"None","Married / Intact",false,"With Both Parents",false,"Both Parents","₱50,000+ (Upper Middle/High)","College Degree","High",true,false,"Very supportive and responsive home environment; parents actively monitor academic progress"
109238475196,"Patricia Castro","Only Child",false,0,"Father OFW","Single Parent / Unmarried",true,"With Father Only",false,"Father","₱50,000+ (Upper Middle/High)","Postgraduate","High",true,false,"Very supportive and responsive home environment; parents actively monitor academic progress"
109238475197,"Vanessa Garcia","Eldest",true,2,"None","Married / Intact",false,"With Both Parents",false,"Both Parents","₱50,000+ (Upper Middle/High)","College Degree","High",true,false,"Exemplary parental involvement in all PTA and school wellness activities"
109238475198,"Erika Pascual","Middle",false,1,"None","Married / Intact",false,"With Both Parents",false,"Both Parents","₱25,000 - ₱49,999 (Middle)","Postgraduate","High",true,false,"Very supportive and responsive home environment; parents actively monitor academic progress"
109238475199,"Chloe Mendoza","Only Child",false,1,"Father OFW","Married / Intact",false,"With Mother Only",true,"Mother","Below ₱10,000 (Low Income)","Vocational/Tech","High",true,true,"Family experiencing livelihood changes; adviser providing guidance check-ins"
109238475200,"Kyle De Leon","Youngest",false,1,"None","Married / Intact",false,"With Both Parents",false,"Both Parents","₱50,000+ (Upper Middle/High)","College Degree","High",true,false,"Very supportive and responsive home environment; parents actively monitor academic progress"
109238475201,"Vincent Corpuz","Only Child",false,0,"None","Married / Intact",false,"With Both Parents",false,"Both Parents","₱50,000+ (Upper Middle/High)","College Degree","High",true,false,"Active guardian support during homeroom consultations; student well-adjusted"
109238475202,"Karl Pascual","Only Child",false,2,"None","Separated / Annulled",true,"With Mother Only",false,"Mother","₱10,000 - ₱24,999 (Lower Middle)","Vocational/Tech","Low",true,false,"Single mother working multiple shifts; student shows good effort but needs follow-up on project deadlines"
109238475203,"Gabriel Castillo","Middle",false,1,"None","Married / Intact",false,"With Relatives",false,"Grandparents","₱25,000 - ₱49,999 (Middle)","Postgraduate","High",true,false,"Very supportive and responsive home environment; parents actively monitor academic progress"
109238475204,"Nicole De Leon","Middle",false,1,"None","Married / Intact",false,"With Both Parents",false,"Both Parents","₱50,000+ (Upper Middle/High)","Postgraduate","High",true,false,"Active guardian support during homeroom consultations; student well-adjusted"
109238475205,"Danielle Dizon","Only Child",false,1,"None","Married / Intact",false,"With Both Parents",false,"Both Parents","₱10,000 - ₱24,999 (Lower Middle)","High School","High",true,false,"Lives with aunt and cousins; generally stable environment with occasional internet connectivity issues"
109238475206,"Kristine Reyes","Middle",false,3,"Father OFW","Married / Intact",false,"With Mother Only",false,"Mother","₱50,000+ (Upper Middle/High)","Postgraduate","High",true,false,"Active guardian support during homeroom consultations; student well-adjusted"
109238475207,"Mark Kenneth Navarro","Only Child",false,1,"Mother OFW","Separated / Annulled",true,"With Grandparents",false,"Grandmother","₱10,000 - ₱24,999 (Lower Middle)","College Degree","Moderate",true,false,"Single mother working multiple shifts; student shows good effort but needs follow-up on project deadlines"
109238475208,"Joshua Corpuz","Only Child",false,0,"None","Married / Intact",false,"With Both Parents",false,"Both Parents","₱50,000+ (Upper Middle/High)","Postgraduate","High",true,false,"Both parents present and maintain regular communication with class adviser"
109238475209,"Nathan Santos","Middle",false,3,"None","Married / Intact",false,"With Both Parents",false,"Both Parents","₱25,000 - ₱49,999 (Middle)","College Degree","High",true,false,"Both parents present and maintain regular communication with class adviser"
109238475210,"Angelo Santiago","Only Child",false,4,"None","Separated / Annulled",true,"With Mother Only",false,"Mother","₱10,000 - ₱24,999 (Lower Middle)","College Degree","Low",true,false,"Family experiencing livelihood changes; adviser providing guidance check-ins"
109238475211,"Lucas Villanueva","Only Child",false,0,"None","Married / Intact",false,"With Both Parents",false,"Both Parents","₱25,000 - ₱49,999 (Middle)","College Degree","High",true,false,"Exemplary parental involvement in all PTA and school wellness activities"
109238475212,"Ethan Domingo","Eldest",true,2,"None","Married / Intact",false,"With Both Parents",false,"Both Parents","₱25,000 - ₱49,999 (Middle)","College Degree","High",true,false,"Active guardian support during homeroom consultations; student well-adjusted"
109238475213,"Bea Patricia Dela Cruz","Only Child",false,0,"None","Married / Intact",false,"With Both Parents",false,"Both Parents","₱25,000 - ₱49,999 (Middle)","College Degree","High",true,false,"Active guardian support during homeroom consultations; student well-adjusted"
109238475214,"Kristine Castillo","Youngest",false,3,"None","Married / Intact",false,"With Both Parents",false,"Both Parents","₱25,000 - ₱49,999 (Middle)","Postgraduate","High",true,false,"Active guardian support during homeroom consultations; student well-adjusted"
109238475215,"Andrea Ramos","Only Child",false,4,"None","Married / Intact",false,"With Grandparents",true,"Grandparents","Below ₱10,000 (Low Income)","College Degree","Moderate",true,false,"One parent works in Middle East; student displays mood fluctuations during exam periods"
109238475216,"Lance Dela Cruz","Youngest",false,2,"None","Single Parent / Unmarried",true,"With Grandparents",false,"Grandmother","₱25,000 - ₱49,999 (Middle)","College Degree","High",true,false,"Both parents present and maintain regular communication with class adviser"
109238475217,"Angelica Dela Cruz","Youngest",false,4,"None","Married / Intact",false,"With Both Parents",false,"Both Parents","₱10,000 - ₱24,999 (Lower Middle)","High School","Moderate",true,true,"Guardian attended quarterly academic remediation conference and agreed on a home study schedule"
109238475218,"Paolo Reyes","Eldest",true,1,"None","Married / Intact",false,"With Grandparents",false,"Grandparents","₱50,000+ (Upper Middle/High)","College Degree","High",false,false,"Very supportive and responsive home environment; parents actively monitor academic progress"
109238475219,"Miguel Mendoza","Youngest",false,1,"None","Married / Intact",false,"With Both Parents",false,"Both Parents","₱25,000 - ₱49,999 (Middle)","College Degree","High",true,false,"Active guardian support during homeroom consultations; student well-adjusted"
109238475220,"Bianca Salazar","Eldest",true,2,"None","Married / Intact",false,"With Both Parents",false,"Both Parents","₱25,000 - ₱49,999 (Middle)","Postgraduate","High",true,false,"Stable living arrangement with dedicated home study space and strong family emotional support"
109238475221,"Dominic Santos","Middle",false,3,"Father OFW","Married / Intact",false,"With Mother Only",false,"Mother","₱25,000 - ₱49,999 (Middle)","High School","Low",true,false,"Lives with aunt and cousins; generally stable environment with occasional internet connectivity issues"
109238475222,"Francis Castillo","Youngest",false,1,"Mother OFW","Married / Intact",false,"With Father Only",false,"Father","Below ₱10,000 (Low Income)","Elementary","Moderate",false,true,"Recent parental separation resulting in emotional distress and sudden drop in homework submission"
109238475223,"Althea Dizon","Only Child",false,0,"None","Married / Intact",false,"With Both Parents",false,"Both Parents","₱25,000 - ₱49,999 (Middle)","Postgraduate","High",false,false,"Very supportive and responsive home environment; parents actively monitor academic progress"
109238475224,"Mariel Aquino","Eldest",true,3,"None","Married / Intact",false,"With Both Parents",false,"Both Parents","₱25,000 - ₱49,999 (Middle)","College Degree","High",true,false,"Active guardian support during homeroom consultations; student well-adjusted"
109238475225,"Matthew Ocampo","Middle",false,3,"None","Single Parent / Unmarried",true,"With Mother Only",false,"Mother","₱25,000 - ₱49,999 (Middle)","College Degree","High",true,false,"Exemplary parental involvement in all PTA and school wellness activities"
109238475226,"Jerome Domingo","Only Child",false,2,"Father OFW","Separated / Annulled",true,"With Father Only",true,"Father","Below ₱10,000 (Low Income)","Vocational/Tech","Low",true,false,"Guardian attended quarterly academic remediation conference and agreed on a home study schedule"
109238475227,"Joshua Pascual","Youngest",false,3,"Father OFW","Married / Intact",false,"With Mother Only",true,"Mother","Below ₱10,000 (Low Income)","High School","Unresponsive",false,true,"Guardian unresponsive during 3 consecutive homeroom PTA calls; homeroom visit recommended"
109238475228,"Sean Padilla","Only Child",false,0,"None","Single Parent / Unmarried",true,"With Father Only",false,"Father","₱25,000 - ₱49,999 (Middle)","College Degree","High",true,false,"Stable living arrangement with dedicated home study space and strong family emotional support"
109238475229,"Danielle Ocampo","Eldest",true,3,"None","Married / Intact",false,"With Both Parents",false,"Both Parents","₱50,000+ (Upper Middle/High)","College Degree","High",true,false,"Very supportive and responsive home environment; parents actively monitor academic progress"
109238475230,"Kristine Mendoza","Middle",false,3,"None","Married / Intact",false,"With Grandparents",false,"Grandparents","₱25,000 - ₱49,999 (Middle)","College Degree","High",true,false,"Stable living arrangement with dedicated home study space and strong family emotional support"
109238475231,"Matthew Ramos","Only Child",false,0,"Father OFW","Married / Intact",false,"With Mother Only",false,"Mother","₱50,000+ (Upper Middle/High)","College Degree","High",true,false,"Stable living arrangement with dedicated home study space and strong family emotional support"
109238475232,"Chloe Salazar","Eldest",true,2,"None","Married / Intact",false,"With Both Parents",true,"Both Parents","Below ₱10,000 (Low Income)","High School","Low",true,false,"Family experiencing livelihood changes; adviser providing guidance check-ins"
109238475233,"Daniel Pascual","Only Child",false,0,"None","Married / Intact",false,"With Both Parents",false,"Both Parents","₱50,000+ (Upper Middle/High)","Postgraduate","High",true,false,"Very supportive and responsive home environment; parents actively monitor academic progress"
109238475234,"Christian Dave Castillo","Middle",false,3,"None","Single Parent / Unmarried",true,"With Grandparents",false,"Grandmother","₱50,000+ (Upper Middle/High)","Postgraduate","High",true,false,"Exemplary parental involvement in all PTA and school wellness activities"
109238475235,"Ethan Castillo","Middle",false,4,"Both Parents OFW","Separated / Annulled",true,"With Father Only",true,"Father","Below ₱10,000 (Low Income)","Vocational/Tech","Moderate",false,true,"Student is the eldest of 5 siblings; works part-time on weekends to support household 4Ps allowance"
109238475236,"Shaina Rivera","Eldest",true,2,"None","Single Parent / Unmarried",true,"With Mother Only",false,"Mother","₱50,000+ (Upper Middle/High)","College Degree","High",true,false,"Very supportive and responsive home environment; parents actively monitor academic progress"
109238475237,"Cedric Ocampo","Middle",false,1,"None","Married / Intact",false,"With Both Parents",false,"Both Parents","₱25,000 - ₱49,999 (Middle)","College Degree","High",true,false,"Both parents present and maintain regular communication with class adviser"
109238475238,"Alexander Pascual","Middle",false,1,"Father OFW","Married / Intact",false,"With Mother Only",false,"Mother","₱50,000+ (Upper Middle/High)","College Degree","High",true,false,"Active guardian support during homeroom consultations; student well-adjusted"
109238475239,"Erika Padilla","Youngest",false,3,"None","Married / Intact",false,"With Both Parents",false,"Both Parents","₱50,000+ (Upper Middle/High)","College Degree","High",true,false,"Active guardian support during homeroom consultations; student well-adjusted"
109238475240,"Erika Pascual","Youngest",false,4,"None","Married / Intact",false,"With Both Parents",false,"Both Parents","₱25,000 - ₱49,999 (Middle)","Vocational/Tech","Moderate",true,false,"Family experiencing livelihood changes; adviser providing guidance check-ins"
109238475241,"Nathan Manalo","Youngest",false,3,"Father OFW","Married / Intact",false,"With Mother Only",false,"Mother","₱50,000+ (Upper Middle/High)","Postgraduate","High",true,false,"Stable living arrangement with dedicated home study space and strong family emotional support"
109238475242,"Camille Torres","Eldest",true,3,"Father OFW","Married / Intact",false,"With Mother Only",false,"Mother","₱50,000+ (Upper Middle/High)","College Degree","High",true,false,"Exemplary parental involvement in all PTA and school wellness activities"
109238475243,"Rochelle Rivera","Eldest",true,1,"None","Married / Intact",false,"With Both Parents",false,"Both Parents","₱50,000+ (Upper Middle/High)","College Degree","High",false,false,"Active guardian support during homeroom consultations; student well-adjusted"
109238475244,"Joshua Villanueva","Only Child",false,0,"Father OFW","Married / Intact",false,"With Mother Only",false,"Mother","₱50,000+ (Upper Middle/High)","Postgraduate","High",true,false,"Stable living arrangement with dedicated home study space and strong family emotional support"
109238475245,"Joshua Santos","Middle",false,3,"None","Single Parent / Unmarried",true,"With Grandparents",false,"Grandmother","₱50,000+ (Upper Middle/High)","College Degree","High",true,false,"Very supportive and responsive home environment; parents actively monitor academic progress"
109238475246,"Lucas Bautista","Eldest",true,2,"None","Married / Intact",false,"With Both Parents",false,"Both Parents","₱50,000+ (Upper Middle/High)","College Degree","High",true,false,"Very supportive and responsive home environment; parents actively monitor academic progress"
109238475247,"Kyle Salazar","Only Child",false,0,"None","Married / Intact",false,"With Both Parents",false,"Both Parents","₱50,000+ (Upper Middle/High)","Postgraduate","High",true,false,"Active guardian support during homeroom consultations; student well-adjusted"
109238475248,"Alyssa Santos","Eldest",true,2,"None","Married / Intact",false,"With Both Parents",false,"Both Parents","₱50,000+ (Upper Middle/High)","College Degree","High",true,false,"Both parents present and maintain regular communication with class adviser"
109238475249,"Nathan Garcia","Middle",false,3,"None","Single Parent / Unmarried",true,"With Father Only",false,"Father","₱50,000+ (Upper Middle/High)","College Degree","High",true,false,"Both parents present and maintain regular communication with class adviser"
109238475250,"Ethan Ramos","Youngest",false,3,"None","Married / Intact",false,"With Both Parents",false,"Both Parents","₱25,000 - ₱49,999 (Middle)","Postgraduate","High",true,false,"Both parents present and maintain regular communication with class adviser"
109238475251,"Sean Pascual","Youngest",false,3,"Father OFW","Married / Intact",false,"With Mother Only",false,"Mother","₱50,000+ (Upper Middle/High)","College Degree","High",false,false,"Active guardian support during homeroom consultations; student well-adjusted"
109238475252,"Daniel Bautista","Eldest",true,2,"None","Separated / Annulled",true,"With Father Only",false,"Father","₱10,000 - ₱24,999 (Lower Middle)","Vocational/Tech","Unresponsive",true,true,"Living with elderly grandparents with limited capacity for high school academic supervision"
109238475253,"Lucas Rivera","Middle",false,3,"None","Married / Intact",false,"With Both Parents",false,"Both Parents","₱25,000 - ₱49,999 (Middle)","College Degree","High",true,false,"Active guardian support during homeroom consultations; student well-adjusted"
109238475254,"Dominic Valdez","Middle",false,1,"None","Married / Intact",false,"With Relatives",false,"Grandparents","₱25,000 - ₱49,999 (Middle)","College Degree","High",true,false,"Active guardian support during homeroom consultations; student well-adjusted"
109238475255,"John Carlo Dizon","Middle",false,3,"None","Single Parent / Unmarried",true,"With Grandparents",false,"Grandmother","₱10,000 - ₱24,999 (Lower Middle)","High School","Low",true,false,"Guardian attended quarterly academic remediation conference and agreed on a home study schedule"
109238475256,"Danielle Corpuz","Middle",false,2,"Father OFW","Married / Intact",false,"With Mother Only",false,"Mother","₱25,000 - ₱49,999 (Middle)","College Degree","High",false,false,"Exemplary parental involvement in all PTA and school wellness activities"
109238475257,"Mark Kenneth Corpuz","Youngest",false,2,"None","Married / Intact",false,"With Both Parents",false,"Both Parents","₱50,000+ (Upper Middle/High)","College Degree","High",true,false,"Active guardian support during homeroom consultations; student well-adjusted"
109238475258,"Mark Kenneth Manalo","Middle",false,3,"None","Married / Intact",false,"With Both Parents",false,"Both Parents","₱50,000+ (Upper Middle/High)","College Degree","High",false,false,"Active guardian support during homeroom consultations; student well-adjusted"
109238475259,"Jasmine Garcia","Middle",false,1,"None","Married / Intact",false,"With Both Parents",false,"Both Parents","₱50,000+ (Upper Middle/High)","College Degree","High",true,false,"Stable living arrangement with dedicated home study space and strong family emotional support"
109238475260,"Erika Flores","Middle",false,2,"None","Married / Intact",false,"With Grandparents",false,"Grandparents","₱25,000 - ₱49,999 (Middle)","College Degree","High",true,false,"Both parents present and maintain regular communication with class adviser"
109238475261,"Mark Kenneth Reyes","Eldest",true,1,"None","Married / Intact",false,"With Both Parents",false,"Both Parents","₱50,000+ (Upper Middle/High)","College Degree","High",true,false,"Exemplary parental involvement in all PTA and school wellness activities"
109238475262,"Jasmine Santiago","Youngest",false,2,"Father OFW","Married / Intact",false,"With Mother Only",false,"Mother","₱50,000+ (Upper Middle/High)","College Degree","High",true,false,"Stable living arrangement with dedicated home study space and strong family emotional support"
109238475263,"Patricia Soriano","Middle",false,2,"None","Married / Intact",false,"With Both Parents",false,"Both Parents","₱25,000 - ₱49,999 (Middle)","Vocational/Tech","Low",false,false,"Family experiencing livelihood changes; adviser providing guidance check-ins"
109238475264,"Cedric Mercado","Eldest",true,2,"None","Married / Intact",false,"With Both Parents",false,"Both Parents","₱50,000+ (Upper Middle/High)","Postgraduate","High",true,false,"Exemplary parental involvement in all PTA and school wellness activities"
109238475265,"Sean Rivera","Eldest",true,1,"None","Married / Intact",false,"With Both Parents",false,"Both Parents","₱10,000 - ₱24,999 (Lower Middle)","Vocational/Tech","High",false,false,"One parent works in Middle East; student displays mood fluctuations during exam periods"
109238475266,"Justin Mendoza","Eldest",true,1,"None","Married / Intact",false,"With Both Parents",false,"Both Parents","₱50,000+ (Upper Middle/High)","College Degree","High",true,false,"Exemplary parental involvement in all PTA and school wellness activities"
109238475267,"Adrian Dela Cruz","Middle",false,1,"None","Separated / Annulled",true,"With Mother Only",false,"Mother","₱25,000 - ₱49,999 (Middle)","High School","High",true,false,"One parent works in Middle East; student displays mood fluctuations during exam periods"
109238475268,"Paolo San Jose","Only Child",false,2,"None","Separated / Annulled",true,"With Grandparents",true,"Grandmother","Below ₱10,000 (Low Income)","Vocational/Tech","High",true,true,"Guardian attended quarterly academic remediation conference and agreed on a home study schedule"
109238475269,"Denise Valdez","Youngest",false,3,"None","Single Parent / Unmarried",true,"With Father Only",false,"Father","₱25,000 - ₱49,999 (Middle)","College Degree","High",true,false,"Stable living arrangement with dedicated home study space and strong family emotional support"
109238475270,"Erika Bautista","Middle",false,3,"None","Married / Intact",false,"With Both Parents",false,"Both Parents","₱25,000 - ₱49,999 (Middle)","College Degree","High",true,false,"Stable living arrangement with dedicated home study space and strong family emotional support"
109238475271,"Camille De Leon","Youngest",false,1,"Father OFW","Married / Intact",false,"With Mother Only",false,"Mother","₱50,000+ (Upper Middle/High)","College Degree","High",true,false,"Stable living arrangement with dedicated home study space and strong family emotional support"
109238475272,"Dominic San Jose","Only Child",false,0,"None","Single Parent / Unmarried",true,"With Grandparents",false,"Grandmother","₱50,000+ (Upper Middle/High)","Postgraduate","High",true,false,"Both parents present and maintain regular communication with class adviser"
109238475273,"Erika Valdez","Only Child",false,0,"None","Married / Intact",false,"With Both Parents",false,"Both Parents","₱25,000 - ₱49,999 (Middle)","Postgraduate","High",true,false,"Very supportive and responsive home environment; parents actively monitor academic progress"
109238475274,"Lucas Castillo","Youngest",false,2,"None","Married / Intact",false,"With Both Parents",false,"Both Parents","₱25,000 - ₱49,999 (Middle)","College Degree","High",true,false,"Stable living arrangement with dedicated home study space and strong family emotional support"
109238475275,"Chloe Dizon","Only Child",false,0,"None","Married / Intact",false,"With Grandparents",false,"Grandparents","₱25,000 - ₱49,999 (Middle)","Postgraduate","High",true,false,"Active guardian support during homeroom consultations; student well-adjusted"
109238475276,"Althea Santiago","Eldest",true,4,"None","Married / Intact",false,"With Both Parents",true,"Both Parents","Below ₱10,000 (Low Income)","High School","Moderate",true,false,"Guardian unresponsive during 3 consecutive homeroom PTA calls; homeroom visit recommended"
109238475277,"John Carlo Castro","Eldest",true,2,"Father OFW","Married / Intact",false,"With Mother Only",false,"Mother","₱50,000+ (Upper Middle/High)","College Degree","High",true,false,"Very supportive and responsive home environment; parents actively monitor academic progress"
109238475278,"John Carlo Ramos","Youngest",false,1,"None","Married / Intact",false,"With Both Parents",false,"Both Parents","₱25,000 - ₱49,999 (Middle)","College Degree","High",false,false,"Very supportive and responsive home environment; parents actively monitor academic progress"
109238475279,"Mark Kenneth Lim","Youngest",false,3,"None","Married / Intact",false,"With Both Parents",false,"Both Parents","₱50,000+ (Upper Middle/High)","Postgraduate","High",true,false,"Active guardian support during homeroom consultations; student well-adjusted"
109238475280,"Vanessa Gonzales","Youngest",false,1,"None","Married / Intact",false,"With Both Parents",false,"Both Parents","₱50,000+ (Upper Middle/High)","College Degree","High",true,false,"Exemplary parental involvement in all PTA and school wellness activities"
109238475281,"Daniel Dela Cruz","Eldest",true,3,"None","Married / Intact",false,"With Both Parents",false,"Both Parents","₱50,000+ (Upper Middle/High)","College Degree","High",false,false,"Very supportive and responsive home environment; parents actively monitor academic progress"
109238475282,"Justin Manalo","Only Child",false,0,"Father OFW","Married / Intact",false,"With Mother Only",false,"Mother","₱50,000+ (Upper Middle/High)","Postgraduate","High",true,false,"Active guardian support during homeroom consultations; student well-adjusted"
109238475283,"Kristine Santiago","Eldest",true,4,"None","Single Parent / Unmarried",true,"With Mother Only",false,"Mother","₱25,000 - ₱49,999 (Middle)","Vocational/Tech","Low",false,false,"Lives with aunt and cousins; generally stable environment with occasional internet connectivity issues"
109238475284,"Nathan Padilla","Middle",false,2,"None","Married / Intact",false,"With Grandparents",false,"Grandparents","₱25,000 - ₱49,999 (Middle)","Postgraduate","High",false,false,"Stable living arrangement with dedicated home study space and strong family emotional support"
109238475285,"Althea Manalo","Eldest",true,2,"None","Married / Intact",false,"With Relatives",false,"Grandparents","₱50,000+ (Upper Middle/High)","College Degree","High",true,false,"Very supportive and responsive home environment; parents actively monitor academic progress"
109238475286,"Erika Gonzales","Middle",false,3,"None","Married / Intact",false,"With Both Parents",false,"Both Parents","₱50,000+ (Upper Middle/High)","College Degree","High",true,false,"Both parents present and maintain regular communication with class adviser"
109238475287,"Trisha Valdez","Eldest",true,4,"None","Widowed",true,"With Mother Only",false,"Mother","₱25,000 - ₱49,999 (Middle)","High School","High",true,false,"Lives with aunt and cousins; generally stable environment with occasional internet connectivity issues"
109238475288,"Adrian Navarro","Only Child",false,0,"Father OFW","Married / Intact",false,"With Mother Only",false,"Mother","₱50,000+ (Upper Middle/High)","Postgraduate","High",false,false,"Very supportive and responsive home environment; parents actively monitor academic progress"
109238475289,"Bianca De Leon","Youngest",false,2,"None","Married / Intact",false,"With Both Parents",false,"Both Parents","₱25,000 - ₱49,999 (Middle)","High School","High",false,false,"One parent works in Middle East; student displays mood fluctuations during exam periods"
109238475290,"Samantha Nicole Tolentino","Eldest",true,1,"None","Married / Intact",false,"With Both Parents",false,"Both Parents","₱50,000+ (Upper Middle/High)","College Degree","High",true,false,"Both parents present and maintain regular communication with class adviser"
109238475291,"Jerome Corpuz","Youngest",false,1,"None","Single Parent / Unmarried",true,"With Grandparents",false,"Grandmother","₱25,000 - ₱49,999 (Middle)","Postgraduate","High",true,false,"Stable living arrangement with dedicated home study space and strong family emotional support"
109238475292,"Adrian Rivera","Eldest",true,3,"None","Married / Intact",false,"With Both Parents",false,"Both Parents","₱25,000 - ₱49,999 (Middle)","High School","High",true,true,"Guardian attended quarterly academic remediation conference and agreed on a home study schedule"
109238475293,"Rochelle Castillo","Youngest",false,1,"None","Married / Intact",false,"With Both Parents",false,"Both Parents","₱50,000+ (Upper Middle/High)","College Degree","High",true,false,"Active guardian support during homeroom consultations; student well-adjusted"
109238475294,"Patricia Flores","Only Child",false,0,"None","Married / Intact",false,"With Both Parents",false,"Both Parents","₱25,000 - ₱49,999 (Middle)","College Degree","High",true,false,"Active guardian support during homeroom consultations; student well-adjusted"
109238475295,"Jasmine Torres","Youngest",false,3,"Father OFW","Married / Intact",false,"With Mother Only",false,"Mother","₱25,000 - ₱49,999 (Middle)","College Degree","High",true,false,"Exemplary parental involvement in all PTA and school wellness activities"
109238475296,"Alexander Bautista","Only Child",false,2,"None","Widowed",true,"With Mother Only",false,"Mother","₱25,000 - ₱49,999 (Middle)","High School","Moderate",false,false,"Family experiencing livelihood changes; adviser providing guidance check-ins"
109238475297,"Hannah Villanueva","Eldest",true,1,"None","Married / Intact",false,"With Both Parents",false,"Both Parents","₱50,000+ (Upper Middle/High)","Postgraduate","High",true,false,"Very supportive and responsive home environment; parents actively monitor academic progress"
109238475298,"Justin De Leon","Eldest",true,3,"Mother OFW","Separated / Annulled",true,"With Mother Only",false,"Mother","₱10,000 - ₱24,999 (Lower Middle)","Elementary","Unresponsive",true,true,"Student is the eldest of 5 siblings; works part-time on weekends to support household 4Ps allowance"
109238475299,"Daniel Lim","Only Child",false,0,"None","Single Parent / Unmarried",true,"With Mother Only",false,"Mother","₱50,000+ (Upper Middle/High)","College Degree","High",true,false,"Active guardian support during homeroom consultations; student well-adjusted"
109238475300,"Nicole San Jose","Middle",false,1,"None","Married / Intact",false,"With Both Parents",false,"Both Parents","₱25,000 - ₱49,999 (Middle)","College Degree","High",true,false,"Very supportive and responsive home environment; parents actively monitor academic progress"
109238475301,"Sofia Lim","Eldest",true,2,"None","Married / Intact",false,"With Both Parents",false,"Both Parents","₱25,000 - ₱49,999 (Middle)","College Degree","High",true,false,"Active guardian support during homeroom consultations; student well-adjusted"
109238475302,"Francis Bautista","Only Child",false,0,"Father OFW","Married / Intact",false,"With Mother Only",false,"Mother","₱25,000 - ₱49,999 (Middle)","College Degree","High",true,false,"Exemplary parental involvement in all PTA and school wellness activities"
109238475303,"Kathleen Soriano","Eldest",true,4,"Father OFW","Married / Intact",false,"With Mother Only",false,"Mother","₱10,000 - ₱24,999 (Lower Middle)","Elementary","Unresponsive",false,true,"Living with elderly grandparents with limited capacity for high school academic supervision"
109238475304,"Erika Garcia","Eldest",true,3,"Father OFW","Widowed",true,"With Mother Only",true,"Mother","Below ₱10,000 (Low Income)","College Degree","Low",false,false,"Lives with aunt and cousins; generally stable environment with occasional internet connectivity issues"
109238475305,"Kyle Villanueva","Youngest",false,2,"None","Married / Intact",false,"With Both Parents",false,"Both Parents","₱50,000+ (Upper Middle/High)","College Degree","High",true,false,"Stable living arrangement with dedicated home study space and strong family emotional support"
109238475306,"Dominic Tolentino","Youngest",false,2,"None","Married / Intact",false,"With Both Parents",false,"Both Parents","₱25,000 - ₱49,999 (Middle)","Postgraduate","High",true,false,"Stable living arrangement with dedicated home study space and strong family emotional support"
109238475307,"Karl Gonzales","Eldest",true,3,"None","Married / Intact",false,"With Both Parents",false,"Both Parents","₱50,000+ (Upper Middle/High)","College Degree","High",true,false,"Active guardian support during homeroom consultations; student well-adjusted"
109238475308,"Erika Padilla","Middle",false,1,"Father OFW","Married / Intact",false,"With Mother Only",false,"Mother","₱50,000+ (Upper Middle/High)","Postgraduate","High",true,false,"Very supportive and responsive home environment; parents actively monitor academic progress"
109238475309,"Lucas Mendoza","Youngest",false,3,"None","Married / Intact",false,"With Both Parents",false,"Both Parents","₱50,000+ (Upper Middle/High)","College Degree","High",true,false,"Very supportive and responsive home environment; parents actively monitor academic progress"
109238475310,"Rafael Domingo","Only Child",false,0,"Father OFW","Single Parent / Unmarried",true,"With Grandparents",false,"Grandmother","₱50,000+ (Upper Middle/High)","College Degree","High",true,false,"Stable living arrangement with dedicated home study space and strong family emotional support"
109238475311,"Rochelle Lim","Youngest",false,1,"None","Married / Intact",false,"With Both Parents",false,"Both Parents","₱50,000+ (Upper Middle/High)","College Degree","High",true,false,"Very supportive and responsive home environment; parents actively monitor academic progress"
109238475312,"Mariel Manalo","Only Child",false,1,"None","Married / Intact",false,"With Both Parents",true,"Both Parents","Below ₱10,000 (Low Income)","College Degree","High",true,false,"Guardian attended quarterly academic remediation conference and agreed on a home study schedule"
109238475313,"Andrea Dizon","Only Child",false,0,"Father OFW","Married / Intact",false,"With Mother Only",false,"Mother","₱25,000 - ₱49,999 (Middle)","Postgraduate","High",true,false,"Stable living arrangement with dedicated home study space and strong family emotional support"
109238475314,"Denise Tolentino","Eldest",true,4,"None","Separated / Annulled",true,"With Mother Only",false,"Mother","₱25,000 - ₱49,999 (Middle)","High School","High",true,true,"Guardian attended quarterly academic remediation conference and agreed on a home study schedule"
109238475315,"Andrea Ocampo","Youngest",false,1,"None","Single Parent / Unmarried",true,"With Father Only",false,"Father","₱50,000+ (Upper Middle/High)","Postgraduate","High",true,false,"Stable living arrangement with dedicated home study space and strong family emotional support"
109238475316,"Chloe Garcia","Middle",false,1,"None","Married / Intact",false,"With Both Parents",false,"Both Parents","₱10,000 - ₱24,999 (Lower Middle)","College Degree","Low",false,true,"Family experiencing livelihood changes; adviser providing guidance check-ins"
109238475317,"Rafael Torres","Middle",false,1,"Father OFW","Married / Intact",false,"With Mother Only",false,"Mother","₱50,000+ (Upper Middle/High)","Postgraduate","High",true,false,"Stable living arrangement with dedicated home study space and strong family emotional support"
109238475318,"Rafael Aquino","Middle",false,1,"None","Married / Intact",false,"With Relatives",false,"Grandparents","₱50,000+ (Upper Middle/High)","College Degree","High",true,false,"Stable living arrangement with dedicated home study space and strong family emotional support"
109238475319,"Camille Tan","Middle",false,1,"None","Married / Intact",false,"With Both Parents",false,"Both Parents","₱25,000 - ₱49,999 (Middle)","Postgraduate","High",true,false,"Very supportive and responsive home environment; parents actively monitor academic progress"
109238475320,"Nicole Santos","Youngest",false,1,"None","Married / Intact",false,"With Both Parents",false,"Both Parents","₱25,000 - ₱49,999 (Middle)","College Degree","High",true,false,"Lives with aunt and cousins; generally stable environment with occasional internet connectivity issues"
109238475321,"Ethan Manalo","Middle",false,2,"None","Married / Intact",false,"With Both Parents",false,"Both Parents","₱50,000+ (Upper Middle/High)","Postgraduate","High",true,false,"Both parents present and maintain regular communication with class adviser"
109238475322,"Lance Alcantara","Only Child",false,3,"None","Married / Intact",false,"With Both Parents",false,"Both Parents","₱10,000 - ₱24,999 (Lower Middle)","Vocational/Tech","Moderate",true,true,"Guardian attended quarterly academic remediation conference and agreed on a home study schedule"
109238475323,"Ralph Castro","Eldest",true,2,"None","Married / Intact",false,"With Grandparents",false,"Grandparents","₱25,000 - ₱49,999 (Middle)","College Degree","High",true,false,"Exemplary parental involvement in all PTA and school wellness activities"
109238475324,"Erika Bautista","Youngest",false,3,"None","Married / Intact",false,"With Both Parents",false,"Both Parents","₱50,000+ (Upper Middle/High)","College Degree","High",true,false,"Exemplary parental involvement in all PTA and school wellness activities"
109238475325,"Denise Santiago","Only Child",false,0,"Father OFW","Married / Intact",false,"With Mother Only",false,"Mother","₱25,000 - ₱49,999 (Middle)","Postgraduate","High",true,false,"Both parents present and maintain regular communication with class adviser"
109238475326,"Althea Castillo","Eldest",true,2,"None","Married / Intact",false,"With Both Parents",false,"Both Parents","₱50,000+ (Upper Middle/High)","College Degree","High",true,false,"Exemplary parental involvement in all PTA and school wellness activities"
109238475327,"Patricia Mendoza","Eldest",true,2,"None","Single Parent / Unmarried",true,"With Mother Only",true,"Mother","Below ₱10,000 (Low Income)","Elementary","Low",true,true,"Living with elderly grandparents with limited capacity for high school academic supervision"
109238475328,"Althea San Jose","Only Child",false,0,"None","Single Parent / Unmarried",true,"With Grandparents",false,"Grandmother","₱50,000+ (Upper Middle/High)","College Degree","High",true,false,"Active guardian support during homeroom consultations; student well-adjusted"
109238475329,"Lucas Valdez","Middle",false,3,"Father OFW","Married / Intact",false,"With Mother Only",false,"Mother","₱25,000 - ₱49,999 (Middle)","College Degree","High",true,false,"Stable living arrangement with dedicated home study space and strong family emotional support"
109238475330,"Justin Lim","Youngest",false,1,"None","Single Parent / Unmarried",true,"With Mother Only",false,"Mother","₱25,000 - ₱49,999 (Middle)","College Degree","High",true,false,"Stable living arrangement with dedicated home study space and strong family emotional support"
109238475331,"Princess Mae Dizon","Eldest",true,3,"None","Married / Intact",false,"With Both Parents",false,"Both Parents","₱50,000+ (Upper Middle/High)","College Degree","High",true,false,"Both parents present and maintain regular communication with class adviser"
109238475332,"Karl Navarro","Eldest",true,1,"None","Married / Intact",false,"With Both Parents",false,"Both Parents","₱50,000+ (Upper Middle/High)","College Degree","High",true,false,"Exemplary parental involvement in all PTA and school wellness activities"
109238475333,"Paolo Torres","Eldest",true,2,"None","Married / Intact",false,"With Grandparents",false,"Grandparents","₱50,000+ (Upper Middle/High)","Postgraduate","High",true,false,"Active guardian support during homeroom consultations; student well-adjusted"
109238475334,"Francis Castro","Eldest",true,2,"None","Married / Intact",false,"With Both Parents",false,"Both Parents","₱50,000+ (Upper Middle/High)","Postgraduate","High",true,false,"Very supportive and responsive home environment; parents actively monitor academic progress"
109238475335,"Ralph Santos","Middle",false,4,"None","Married / Intact",false,"With Both Parents",false,"Both Parents","₱10,000 - ₱24,999 (Lower Middle)","Vocational/Tech","High",true,false,"Single mother working multiple shifts; student shows good effort but needs follow-up on project deadlines"
109238475336,"Kathleen Ramos","Youngest",false,4,"Mother OFW","Widowed",true,"With Mother Only",true,"Mother","Below ₱10,000 (Low Income)","Vocational/Tech","Moderate",false,false,"Guardian unresponsive during 3 consecutive homeroom PTA calls; homeroom visit recommended"
109238475337,"Miguel Garcia","Youngest",false,1,"Father OFW","Single Parent / Unmarried",true,"With Grandparents",false,"Grandmother","₱50,000+ (Upper Middle/High)","Postgraduate","High",true,false,"Exemplary parental involvement in all PTA and school wellness activities"
109238475338,"Gabriel Ocampo","Youngest",false,3,"None","Married / Intact",false,"With Both Parents",false,"Both Parents","₱10,000 - ₱24,999 (Lower Middle)","Vocational/Tech","Moderate",true,false,"Guardian attended quarterly academic remediation conference and agreed on a home study schedule"
109238475339,"Kathleen Villanueva","Only Child",false,2,"Mother OFW","Single Parent / Unmarried",true,"With Mother Only",true,"Mother","Below ₱10,000 (Low Income)","Vocational/Tech","Moderate",false,true,"Both parents overseas; student experiences high isolation and emotional disconnect despite remittances"
109238475340,"Miguel Gonzales","Only Child",false,1,"None","Widowed",true,"With Mother Only",false,"Mother","₱10,000 - ₱24,999 (Lower Middle)","High School","Moderate",true,true,"Single mother working multiple shifts; student shows good effort but needs follow-up on project deadlines"
109238475341,"Dominic Domingo","Eldest",true,5,"Both Parents OFW","Married / Intact",false,"With Grandparents",true,"Grandparents","Below ₱10,000 (Low Income)","Elementary","Low",false,true,"Student is the eldest of 5 siblings; works part-time on weekends to support household 4Ps allowance"
109238475342,"Sean Flores","Youngest",false,1,"Father OFW","Single Parent / Unmarried",true,"With Father Only",false,"Father","₱50,000+ (Upper Middle/High)","Postgraduate","High",true,false,"Exemplary parental involvement in all PTA and school wellness activities"
109238475343,"Ralph San Jose","Eldest",true,3,"None","Married / Intact",false,"With Both Parents",false,"Both Parents","₱50,000+ (Upper Middle/High)","College Degree","High",true,false,"Stable living arrangement with dedicated home study space and strong family emotional support"
109238475344,"Ralph Soriano","Only Child",false,0,"None","Married / Intact",false,"With Both Parents",false,"Both Parents","₱25,000 - ₱49,999 (Middle)","Postgraduate","High",true,false,"Active guardian support during homeroom consultations; student well-adjusted"
109238475345,"Matthew Torres","Youngest",false,1,"None","Married / Intact",false,"With Both Parents",false,"Both Parents","₱50,000+ (Upper Middle/High)","Postgraduate","High",false,false,"Both parents present and maintain regular communication with class adviser"
109238475346,"Aaron Gonzales","Eldest",true,3,"None","Married / Intact",false,"With Grandparents",false,"Grandparents","₱25,000 - ₱49,999 (Middle)","College Degree","High",true,false,"Both parents present and maintain regular communication with class adviser"
109238475347,"Rochelle San Jose","Eldest",true,2,"Father OFW","Married / Intact",false,"With Mother Only",false,"Mother","₱50,000+ (Upper Middle/High)","College Degree","High",true,false,"Stable living arrangement with dedicated home study space and strong family emotional support"
109238475348,"Ethan Salazar","Youngest",false,1,"None","Married / Intact",false,"With Both Parents",false,"Both Parents","₱50,000+ (Upper Middle/High)","College Degree","High",true,false,"Both parents present and maintain regular communication with class adviser"
109238475349,"Dominic Reyes","Only Child",false,4,"None","Single Parent / Unmarried",true,"With Grandparents",false,"Grandmother","₱25,000 - ₱49,999 (Middle)","College Degree","Low",true,true,"Guardian attended quarterly academic remediation conference and agreed on a home study schedule"
109238475350,"Andrea Dela Cruz","Middle",false,2,"Father OFW","Married / Intact",false,"With Mother Only",false,"Mother","₱50,000+ (Upper Middle/High)","Postgraduate","High",true,false,"Exemplary parental involvement in all PTA and school wellness activities"
109238475351,"Francis Flores","Youngest",false,1,"None","Married / Intact",false,"With Both Parents",false,"Both Parents","₱50,000+ (Upper Middle/High)","College Degree","High",false,false,"Stable living arrangement with dedicated home study space and strong family emotional support"
109238475352,"Vanessa Ramos","Youngest",false,3,"Father OFW","Married / Intact",false,"With Mother Only",false,"Mother","₱50,000+ (Upper Middle/High)","College Degree","High",true,false,"Both parents present and maintain regular communication with class adviser"
109238475353,"Lucas Santos","Eldest",true,2,"None","Married / Intact",false,"With Grandparents",false,"Grandparents","₱25,000 - ₱49,999 (Middle)","College Degree","High",true,false,"Very supportive and responsive home environment; parents actively monitor academic progress"
109238475354,"Lance Valdez","Middle",false,4,"Mother OFW","Separated / Annulled",true,"With Mother Only",false,"Mother","₱25,000 - ₱49,999 (Middle)","College Degree","Low",true,false,"Guardian attended quarterly academic remediation conference and agreed on a home study schedule"
109238475355,"Chloe Valdez","Middle",false,1,"Father OFW","Married / Intact",false,"With Mother Only",false,"Mother","₱25,000 - ₱49,999 (Middle)","Postgraduate","High",true,false,"Active guardian support during homeroom consultations; student well-adjusted"
109238475356,"Rafael Mendoza","Eldest",true,2,"Father OFW","Married / Intact",false,"With Mother Only",false,"Mother","₱50,000+ (Upper Middle/High)","College Degree","High",true,false,"Both parents present and maintain regular communication with class adviser"
109238475357,"Francis Torres","Youngest",false,4,"Father OFW","Separated / Annulled",true,"With Mother Only",true,"Mother","Below ₱10,000 (Low Income)","High School","Low",false,false,"Family experiencing livelihood changes; adviser providing guidance check-ins"
109238475358,"Adrian Manalo","Eldest",true,2,"None","Married / Intact",false,"With Both Parents",false,"Both Parents","₱50,000+ (Upper Middle/High)","Postgraduate","High",true,false,"Very supportive and responsive home environment; parents actively monitor academic progress"
109238475359,"Patricia Tan","Only Child",false,0,"None","Married / Intact",false,"With Both Parents",false,"Both Parents","₱50,000+ (Upper Middle/High)","College Degree","High",true,false,"Exemplary parental involvement in all PTA and school wellness activities"
109238475360,"Chloe Torres","Middle",false,1,"None","Single Parent / Unmarried",true,"With Father Only",false,"Father","₱50,000+ (Upper Middle/High)","College Degree","High",true,false,"Stable living arrangement with dedicated home study space and strong family emotional support"
109238475361,"Vanessa Reyes","Youngest",false,3,"None","Married / Intact",false,"With Both Parents",false,"Both Parents","₱50,000+ (Upper Middle/High)","College Degree","High",true,false,"Very supportive and responsive home environment; parents actively monitor academic progress"
109238475362,"Aaron Ocampo","Middle",false,3,"None","Married / Intact",false,"With Relatives",false,"Grandparents","₱10,000 - ₱24,999 (Lower Middle)","College Degree","Low",false,false,"Single mother working multiple shifts; student shows good effort but needs follow-up on project deadlines"
109238475363,"Angelo Tan","Only Child",false,0,"None","Married / Intact",false,"With Grandparents",false,"Grandparents","₱25,000 - ₱49,999 (Middle)","College Degree","High",true,false,"Stable living arrangement with dedicated home study space and strong family emotional support"
109238475364,"Jasmine Lim","Eldest",true,1,"Father OFW","Single Parent / Unmarried",true,"With Mother Only",false,"Mother","₱25,000 - ₱49,999 (Middle)","Vocational/Tech","High",true,false,"Guardian attended quarterly academic remediation conference and agreed on a home study schedule"
109238475365,"Sean Rivera","Youngest",false,4,"Mother OFW","Married / Intact",false,"With Father Only",true,"Father","Below ₱10,000 (Low Income)","College Degree","High",true,false,"One parent works in Middle East; student displays mood fluctuations during exam periods"
109238475366,"Aaron Ramos","Middle",false,1,"Father OFW","Married / Intact",false,"With Mother Only",false,"Mother","₱25,000 - ₱49,999 (Middle)","Postgraduate","High",true,false,"Both parents present and maintain regular communication with class adviser"
109238475367,"Jerome Aquino","Youngest",false,1,"Father OFW","Married / Intact",false,"With Mother Only",false,"Mother","₱10,000 - ₱24,999 (Lower Middle)","College Degree","Moderate",true,false,"Single mother working multiple shifts; student shows good effort but needs follow-up on project deadlines"
109238475368,"Jasmine Castillo","Youngest",false,2,"None","Single Parent / Unmarried",true,"With Grandparents",false,"Grandmother","₱50,000+ (Upper Middle/High)","College Degree","High",true,false,"Stable living arrangement with dedicated home study space and strong family emotional support"
109238475369,"Francis Flores","Eldest",true,1,"None","Married / Intact",false,"With Both Parents",false,"Both Parents","₱25,000 - ₱49,999 (Middle)","Postgraduate","High",true,false,"Very supportive and responsive home environment; parents actively monitor academic progress"
109238475370,"Mark Kenneth Valdez","Middle",false,3,"None","Married / Intact",false,"With Both Parents",false,"Both Parents","₱25,000 - ₱49,999 (Middle)","College Degree","Low",true,false,"Lives with aunt and cousins; generally stable environment with occasional internet connectivity issues"
109238475371,"Kathleen Castro","Only Child",false,1,"None","Widowed",true,"With Mother Only",false,"Mother","Below ₱10,000 (Low Income)","Elementary","Low",false,false,"Family facing severe domestic pressure; student assumes full household caretaking duties for younger siblings"
109238475372,"Daniel Mercado","Eldest",true,2,"None","Married / Intact",false,"With Both Parents",false,"Both Parents","₱50,000+ (Upper Middle/High)","Postgraduate","High",true,false,"Very supportive and responsive home environment; parents actively monitor academic progress"
109238475373,"Joshua De Leon","Only Child",false,0,"None","Single Parent / Unmarried",true,"With Grandparents",false,"Grandmother","₱25,000 - ₱49,999 (Middle)","College Degree","High",true,false,"Active guardian support during homeroom consultations; student well-adjusted"
109238475374,"Miguel Dizon","Eldest",true,1,"None","Married / Intact",false,"With Both Parents",false,"Both Parents","₱25,000 - ₱49,999 (Middle)","College Degree","High",true,false,"Active guardian support during homeroom consultations; student well-adjusted"
109238475375,"Aaron Torres","Youngest",false,2,"Father OFW","Married / Intact",false,"With Mother Only",false,"Mother","₱50,000+ (Upper Middle/High)","College Degree","High",false,false,"Very supportive and responsive home environment; parents actively monitor academic progress"
109238475376,"Vanessa Dela Cruz","Eldest",true,2,"None","Married / Intact",false,"With Both Parents",false,"Both Parents","₱25,000 - ₱49,999 (Middle)","College Degree","High",true,false,"Very supportive and responsive home environment; parents actively monitor academic progress"
109238475377,"Paolo Alcantara","Eldest",true,2,"None","Married / Intact",false,"With Both Parents",false,"Both Parents","₱25,000 - ₱49,999 (Middle)","College Degree","High",true,false,"Both parents present and maintain regular communication with class adviser"
109238475378,"Alyssa Tan","Only Child",false,0,"None","Married / Intact",false,"With Both Parents",false,"Both Parents","₱50,000+ (Upper Middle/High)","College Degree","High",true,false,"Both parents present and maintain regular communication with class adviser"
109238475379,"Chloe De Leon","Youngest",false,2,"None","Married / Intact",false,"With Both Parents",false,"Both Parents","₱25,000 - ₱49,999 (Middle)","College Degree","High",true,false,"Very supportive and responsive home environment; parents actively monitor academic progress"
109238475380,"Jerome Castro","Eldest",true,1,"Father OFW","Married / Intact",false,"With Mother Only",false,"Mother","₱50,000+ (Upper Middle/High)","College Degree","High",true,false,"Active guardian support during homeroom consultations; student well-adjusted"
109238475381,"Kristine Castillo","Only Child",false,0,"None","Married / Intact",false,"With Grandparents",false,"Grandparents","₱25,000 - ₱49,999 (Middle)","College Degree","High",true,false,"Very supportive and responsive home environment; parents actively monitor academic progress"
109238475382,"Vanessa Garcia","Eldest",true,3,"None","Married / Intact",false,"With Both Parents",false,"Both Parents","₱10,000 - ₱24,999 (Lower Middle)","Vocational/Tech","High",false,false,"Lives with aunt and cousins; generally stable environment with occasional internet connectivity issues"
109238475383,"Rochelle Garcia","Youngest",false,1,"None","Single Parent / Unmarried",true,"With Father Only",false,"Father","₱25,000 - ₱49,999 (Middle)","Postgraduate","High",true,false,"Exemplary parental involvement in all PTA and school wellness activities"
109238475384,"John Carlo Dizon","Youngest",false,2,"Mother OFW","Separated / Annulled",true,"With Father Only",true,"Father","Below ₱10,000 (Low Income)","Elementary","Low",false,false,"Both parents overseas; student experiences high isolation and emotional disconnect despite remittances"
109238475385,"Rafael Alcantara","Middle",false,3,"Father OFW","Married / Intact",false,"With Mother Only",false,"Mother","₱25,000 - ₱49,999 (Middle)","High School","Moderate",true,false,"Lives with aunt and cousins; generally stable environment with occasional internet connectivity issues"
109238475386,"Kyle Garcia","Only Child",false,4,"None","Married / Intact",false,"With Both Parents",false,"Both Parents","₱10,000 - ₱24,999 (Lower Middle)","High School","High",false,false,"One parent works in Middle East; student displays mood fluctuations during exam periods"
109238475387,"John Carlo Ramos","Eldest",true,1,"None","Married / Intact",false,"With Both Parents",false,"Both Parents","₱25,000 - ₱49,999 (Middle)","College Degree","High",true,false,"Exemplary parental involvement in all PTA and school wellness activities"
109238475388,"Jerome Flores","Middle",false,1,"None","Married / Intact",false,"With Both Parents",false,"Both Parents","₱25,000 - ₱49,999 (Middle)","College Degree","High",true,false,"Both parents present and maintain regular communication with class adviser"
109238475389,"Camille Navarro","Only Child",false,0,"Father OFW","Single Parent / Unmarried",true,"With Father Only",false,"Father","₱25,000 - ₱49,999 (Middle)","College Degree","High",true,false,"Stable living arrangement with dedicated home study space and strong family emotional support"
109238475390,"Joshua Mendoza","Eldest",true,3,"None","Separated / Annulled",true,"With Father Only",false,"Father","₱10,000 - ₱24,999 (Lower Middle)","Elementary","Low",false,false,"Living with elderly grandparents with limited capacity for high school academic supervision"
109238475391,"Lance Mercado","Middle",false,3,"None","Married / Intact",false,"With Relatives",false,"Grandparents","₱50,000+ (Upper Middle/High)","Postgraduate","High",true,false,"Active guardian support during homeroom consultations; student well-adjusted"
109238475392,"Princess Mae Mercado","Only Child",false,0,"Father OFW","Married / Intact",false,"With Mother Only",false,"Mother","₱25,000 - ₱49,999 (Middle)","College Degree","High",true,false,"Exemplary parental involvement in all PTA and school wellness activities"
109238475393,"Erika Torres","Youngest",false,2,"Father OFW","Married / Intact",false,"With Mother Only",false,"Mother","₱25,000 - ₱49,999 (Middle)","Postgraduate","High",true,false,"Exemplary parental involvement in all PTA and school wellness activities"
109238475394,"Nathan Garcia","Youngest",false,3,"Father OFW","Married / Intact",false,"With Mother Only",false,"Mother","₱25,000 - ₱49,999 (Middle)","College Degree","High",true,false,"Exemplary parental involvement in all PTA and school wellness activities"
109238475395,"Nathan Aquino","Middle",false,1,"None","Married / Intact",false,"With Both Parents",false,"Both Parents","₱50,000+ (Upper Middle/High)","College Degree","High",true,false,"Both parents present and maintain regular communication with class adviser"
109238475396,"Shaina Manalo","Eldest",true,2,"None","Married / Intact",false,"With Both Parents",false,"Both Parents","₱25,000 - ₱49,999 (Middle)","College Degree","High",true,false,"Exemplary parental involvement in all PTA and school wellness activities"
109238475397,"Paolo Dizon","Only Child",false,0,"Father OFW","Married / Intact",false,"With Mother Only",false,"Mother","₱50,000+ (Upper Middle/High)","Postgraduate","High",true,false,"Both parents present and maintain regular communication with class adviser"
109238475398,"Justin Castillo","Middle",false,1,"None","Married / Intact",false,"With Both Parents",false,"Both Parents","₱25,000 - ₱49,999 (Middle)","College Degree","High",false,false,"Stable living arrangement with dedicated home study space and strong family emotional support"
109238475399,"Shaina Aquino","Youngest",false,3,"None","Married / Intact",false,"With Both Parents",false,"Both Parents","₱25,000 - ₱49,999 (Middle)","College Degree","High",true,false,"Exemplary parental involvement in all PTA and school wellness activities"
109238475400,"Andrea Tan","Youngest",false,3,"None","Married / Intact",false,"With Both Parents",false,"Both Parents","₱10,000 - ₱24,999 (Lower Middle)","College Degree","Moderate",true,false,"Guardian attended quarterly academic remediation conference and agreed on a home study schedule"
109238475401,"Aaron Tan","Youngest",false,3,"Father OFW","Single Parent / Unmarried",true,"With Father Only",false,"Father","₱25,000 - ₱49,999 (Middle)","College Degree","High",true,false,"Both parents present and maintain regular communication with class adviser"
109238475402,"Alexander Mercado","Eldest",true,5,"None","Single Parent / Unmarried",true,"With Grandparents",true,"Grandmother","Below ₱10,000 (Low Income)","Elementary","Unresponsive",true,false,"Guardian unresponsive during 3 consecutive homeroom PTA calls; homeroom visit recommended"
109238475403,"Danielle Santos","Youngest",false,2,"None","Married / Intact",false,"With Both Parents",false,"Both Parents","₱50,000+ (Upper Middle/High)","College Degree","High",true,false,"Both parents present and maintain regular communication with class adviser"
109238475404,"Christian Dave Navarro","Eldest",true,3,"None","Married / Intact",false,"With Both Parents",false,"Both Parents","₱25,000 - ₱49,999 (Middle)","College Degree","High",false,false,"Stable living arrangement with dedicated home study space and strong family emotional support"
109238475405,"Patricia Ocampo","Middle",false,2,"None","Married / Intact",false,"With Both Parents",false,"Both Parents","₱50,000+ (Upper Middle/High)","College Degree","High",true,false,"Stable living arrangement with dedicated home study space and strong family emotional support"
109238475406,"Hannah Gonzales","Middle",false,3,"None","Married / Intact",false,"With Both Parents",false,"Both Parents","₱50,000+ (Upper Middle/High)","College Degree","High",true,false,"Active guardian support during homeroom consultations; student well-adjusted"
109238475407,"Chloe Domingo","Youngest",false,3,"None","Married / Intact",false,"With Both Parents",false,"Both Parents","₱25,000 - ₱49,999 (Middle)","College Degree","High",true,false,"Stable living arrangement with dedicated home study space and strong family emotional support"
109238475408,"Justin Salazar","Only Child",false,4,"None","Widowed",true,"With Mother Only",false,"Mother","₱10,000 - ₱24,999 (Lower Middle)","Vocational/Tech","High",true,false,"Guardian attended quarterly academic remediation conference and agreed on a home study schedule"
109238475409,"Joshua Santos","Eldest",true,1,"None","Married / Intact",false,"With Both Parents",false,"Both Parents","₱25,000 - ₱49,999 (Middle)","College Degree","High",false,false,"Very supportive and responsive home environment; parents actively monitor academic progress"
109238475410,"Chloe Valdez","Youngest",false,1,"None","Married / Intact",false,"With Both Parents",false,"Both Parents","₱10,000 - ₱24,999 (Lower Middle)","Vocational/Tech","Low",false,true,"Lives with aunt and cousins; generally stable environment with occasional internet connectivity issues"
109238475411,"Althea Mercado","Youngest",false,1,"None","Married / Intact",false,"With Both Parents",false,"Both Parents","₱10,000 - ₱24,999 (Lower Middle)","High School","Moderate",true,true,"Family experiencing livelihood changes; adviser providing guidance check-ins"
109238475412,"Miguel Lim","Eldest",true,1,"None","Single Parent / Unmarried",true,"With Mother Only",false,"Mother","₱25,000 - ₱49,999 (Middle)","Postgraduate","High",true,false,"Stable living arrangement with dedicated home study space and strong family emotional support"
109238475413,"Danielle Padilla","Middle",false,3,"None","Married / Intact",false,"With Both Parents",false,"Both Parents","₱50,000+ (Upper Middle/High)","College Degree","High",false,false,"Both parents present and maintain regular communication with class adviser"
109238475414,"Nathan San Jose","Youngest",false,3,"None","Married / Intact",false,"With Both Parents",false,"Both Parents","₱25,000 - ₱49,999 (Middle)","Postgraduate","High",true,false,"Active guardian support during homeroom consultations; student well-adjusted"
109238475415,"Bianca Flores","Eldest",true,1,"None","Married / Intact",false,"With Both Parents",false,"Both Parents","₱25,000 - ₱49,999 (Middle)","College Degree","High",true,false,"Both parents present and maintain regular communication with class adviser"
109238475416,"Camille Domingo","Middle",false,3,"Father OFW","Married / Intact",false,"With Mother Only",false,"Mother","₱50,000+ (Upper Middle/High)","Postgraduate","High",true,false,"Active guardian support during homeroom consultations; student well-adjusted"
109238475417,"Andrea Reyes","Youngest",false,2,"None","Married / Intact",false,"With Both Parents",false,"Both Parents","₱50,000+ (Upper Middle/High)","College Degree","High",false,false,"Stable living arrangement with dedicated home study space and strong family emotional support"
109238475418,"Justin Ramos","Middle",false,1,"Father OFW","Married / Intact",false,"With Mother Only",false,"Mother","₱25,000 - ₱49,999 (Middle)","College Degree","High",true,false,"Very supportive and responsive home environment; parents actively monitor academic progress"
109238475419,"Danielle Rivera","Eldest",true,3,"Mother OFW","Single Parent / Unmarried",true,"With Mother Only",true,"Mother","Below ₱10,000 (Low Income)","College Degree","Moderate",false,false,"Lives with aunt and cousins; generally stable environment with occasional internet connectivity issues"
109238475420,"Alyssa Navarro","Youngest",false,3,"None","Married / Intact",false,"With Relatives",false,"Grandparents","₱25,000 - ₱49,999 (Middle)","College Degree","High",true,false,"Very supportive and responsive home environment; parents actively monitor academic progress"
109238475421,"Hannah Rivera","Middle",false,2,"None","Single Parent / Unmarried",true,"With Mother Only",false,"Mother","₱50,000+ (Upper Middle/High)","College Degree","High",true,false,"Exemplary parental involvement in all PTA and school wellness activities"
109238475422,"Bea Patricia Salazar","Middle",false,1,"None","Married / Intact",false,"With Both Parents",false,"Both Parents","₱25,000 - ₱49,999 (Middle)","College Degree","High",true,false,"Very supportive and responsive home environment; parents actively monitor academic progress"
109238475423,"Jasmine Castillo","Eldest",true,3,"None","Separated / Annulled",true,"With Mother Only",true,"Mother","Below ₱10,000 (Low Income)","High School","Unresponsive",false,true,"Both parents overseas; student experiences high isolation and emotional disconnect despite remittances"
109238475424,"Danielle Lim","Only Child",false,0,"Father OFW","Married / Intact",false,"With Mother Only",false,"Mother","₱50,000+ (Upper Middle/High)","College Degree","High",true,false,"Stable living arrangement with dedicated home study space and strong family emotional support"
109238475425,"Dominic Valdez","Only Child",false,0,"None","Single Parent / Unmarried",true,"With Grandparents",false,"Grandmother","₱25,000 - ₱49,999 (Middle)","College Degree","High",true,false,"Very supportive and responsive home environment; parents actively monitor academic progress"
109238475426,"Rochelle Valdez","Only Child",false,4,"None","Married / Intact",false,"With Both Parents",true,"Both Parents","Below ₱10,000 (Low Income)","High School","High",true,false,"Guardian attended quarterly academic remediation conference and agreed on a home study schedule"
109238475427,"Jasmine Santiago","Middle",false,3,"Father OFW","Married / Intact",false,"With Mother Only",false,"Mother","₱50,000+ (Upper Middle/High)","Postgraduate","High",true,false,"Active guardian support during homeroom consultations; student well-adjusted"
109238475428,"Adrian San Jose","Only Child",false,0,"None","Married / Intact",false,"With Both Parents",false,"Both Parents","₱50,000+ (Upper Middle/High)","Postgraduate","High",false,false,"Stable living arrangement with dedicated home study space and strong family emotional support"
109238475429,"Francis Mendoza","Middle",false,2,"None","Married / Intact",false,"With Both Parents",false,"Both Parents","₱50,000+ (Upper Middle/High)","Postgraduate","High",true,false,"Very supportive and responsive home environment; parents actively monitor academic progress"
109238475430,"Dominic Flores","Middle",false,2,"None","Married / Intact",false,"With Both Parents",false,"Both Parents","₱50,000+ (Upper Middle/High)","College Degree","High",false,false,"Both parents present and maintain regular communication with class adviser"
109238475431,"Kristine Tan","Youngest",false,1,"Father OFW","Married / Intact",false,"With Mother Only",false,"Mother","₱25,000 - ₱49,999 (Middle)","College Degree","High",true,false,"Exemplary parental involvement in all PTA and school wellness activities"
109238475432,"Chloe Castro","Eldest",true,1,"None","Married / Intact",false,"With Both Parents",false,"Both Parents","₱10,000 - ₱24,999 (Lower Middle)","High School","Moderate",true,false,"Lives with aunt and cousins; generally stable environment with occasional internet connectivity issues"
109238475433,"Sean Padilla","Eldest",true,2,"None","Married / Intact",false,"With Relatives",false,"Grandparents","₱25,000 - ₱49,999 (Middle)","Postgraduate","High",true,false,"Stable living arrangement with dedicated home study space and strong family emotional support"
109238475434,"Denise Garcia","Youngest",false,2,"None","Married / Intact",false,"With Both Parents",false,"Both Parents","₱50,000+ (Upper Middle/High)","College Degree","High",true,false,"Active guardian support during homeroom consultations; student well-adjusted"
109238475435,"Bianca Mercado","Only Child",false,0,"None","Married / Intact",false,"With Relatives",false,"Grandparents","₱25,000 - ₱49,999 (Middle)","Postgraduate","High",true,false,"Very supportive and responsive home environment; parents actively monitor academic progress"
109238475436,"Rafael Salazar","Only Child",false,0,"None","Married / Intact",false,"With Both Parents",false,"Both Parents","₱50,000+ (Upper Middle/High)","Postgraduate","High",true,false,"Exemplary parental involvement in all PTA and school wellness activities"
109238475437,"Princess Mae Villanueva","Eldest",true,4,"None","Widowed",true,"With Mother Only",false,"Mother","₱10,000 - ₱24,999 (Lower Middle)","Elementary","Low",false,true,"Both parents overseas; student experiences high isolation and emotional disconnect despite remittances"
109238475438,"Karl Santiago","Eldest",true,3,"None","Married / Intact",false,"With Both Parents",false,"Both Parents","₱50,000+ (Upper Middle/High)","College Degree","High",true,false,"Stable living arrangement with dedicated home study space and strong family emotional support"
109238475439,"Jasmine Santos","Middle",false,3,"Father OFW","Married / Intact",false,"With Mother Only",false,"Mother","₱10,000 - ₱24,999 (Lower Middle)","Vocational/Tech","Low",false,false,"One parent works in Middle East; student displays mood fluctuations during exam periods"
109238475440,"Karl Mercado","Youngest",false,2,"None","Married / Intact",false,"With Both Parents",true,"Both Parents","Below ₱10,000 (Low Income)","Elementary","Unresponsive",true,true,"Both parents overseas; student experiences high isolation and emotional disconnect despite remittances"
109238475441,"Camille Manalo","Only Child",false,2,"None","Married / Intact",false,"With Relatives",false,"Grandparents","₱10,000 - ₱24,999 (Lower Middle)","College Degree","Low",true,false,"Family experiencing livelihood changes; adviser providing guidance check-ins"
109238475442,"Paolo Santiago","Middle",false,1,"None","Married / Intact",false,"With Relatives",false,"Grandparents","₱25,000 - ₱49,999 (Middle)","College Degree","High",true,false,"Very supportive and responsive home environment; parents actively monitor academic progress"
109238475443,"Vanessa Bautista","Middle",false,4,"None","Single Parent / Unmarried",true,"With Grandparents",false,"Grandmother","₱25,000 - ₱49,999 (Middle)","Vocational/Tech","High",false,true,"Single mother working multiple shifts; student shows good effort but needs follow-up on project deadlines"
109238475444,"Lucas Tolentino","Eldest",true,3,"Father OFW","Single Parent / Unmarried",true,"With Mother Only",false,"Mother","₱25,000 - ₱49,999 (Middle)","College Degree","High",true,false,"Stable living arrangement with dedicated home study space and strong family emotional support"
109238475445,"Rochelle Gonzales","Middle",false,4,"Mother OFW","Single Parent / Unmarried",true,"With Father Only",false,"Father","₱25,000 - ₱49,999 (Middle)","High School","Moderate",true,false,"One parent works in Middle East; student displays mood fluctuations during exam periods"
109238475446,"Gabriel Pascual","Only Child",false,0,"None","Single Parent / Unmarried",true,"With Grandparents",false,"Grandmother","₱25,000 - ₱49,999 (Middle)","Postgraduate","High",true,false,"Very supportive and responsive home environment; parents actively monitor academic progress"
109238475447,"Hannah Tan","Eldest",true,3,"Mother OFW","Married / Intact",false,"With Father Only",true,"Father","Below ₱10,000 (Low Income)","Elementary","Unresponsive",false,true,"Student is the eldest of 5 siblings; works part-time on weekends to support household 4Ps allowance"
109238475448,"Sofia Tolentino","Only Child",false,0,"None","Married / Intact",false,"With Both Parents",false,"Both Parents","₱50,000+ (Upper Middle/High)","College Degree","High",true,false,"Very supportive and responsive home environment; parents actively monitor academic progress"
109238475449,"Kristine Santos","Middle",false,2,"Father OFW","Married / Intact",false,"With Mother Only",false,"Mother","₱25,000 - ₱49,999 (Middle)","College Degree","High",true,false,"Active guardian support during homeroom consultations; student well-adjusted"
109238475450,"Karl Reyes","Eldest",true,2,"None","Married / Intact",false,"With Relatives",false,"Grandparents","₱25,000 - ₱49,999 (Middle)","College Degree","High",true,false,"Both parents present and maintain regular communication with class adviser"
109238475451,"Angelo Salazar","Eldest",true,4,"Mother OFW","Separated / Annulled",true,"With Grandparents",false,"Grandmother","Below ₱10,000 (Low Income)","Vocational/Tech","Low",false,true,"Student is the eldest of 5 siblings; works part-time on weekends to support household 4Ps allowance"
109238475452,"Angelica Bautista","Middle",false,2,"Father OFW","Separated / Annulled",true,"With Mother Only",false,"Mother","₱10,000 - ₱24,999 (Lower Middle)","College Degree","Low",true,false,"Guardian attended quarterly academic remediation conference and agreed on a home study schedule"
109238475453,"Kyle Valdez","Only Child",false,0,"None","Married / Intact",false,"With Both Parents",false,"Both Parents","₱50,000+ (Upper Middle/High)","College Degree","High",true,false,"Both parents present and maintain regular communication with class adviser"
109238475454,"Christian Dave Ocampo","Middle",false,2,"None","Married / Intact",false,"With Both Parents",false,"Both Parents","₱50,000+ (Upper Middle/High)","College Degree","High",true,false,"Exemplary parental involvement in all PTA and school wellness activities"
109238475455,"Cedric Tolentino","Eldest",true,3,"Father OFW","Married / Intact",false,"With Mother Only",false,"Mother","₱50,000+ (Upper Middle/High)","College Degree","High",false,false,"Active guardian support during homeroom consultations; student well-adjusted"
109238475456,"Angelo Mercado","Youngest",false,3,"None","Married / Intact",false,"With Grandparents",false,"Grandparents","₱50,000+ (Upper Middle/High)","College Degree","High",true,false,"Stable living arrangement with dedicated home study space and strong family emotional support"
109238475457,"Camille Rivera","Middle",false,1,"Both Parents OFW","Married / Intact",false,"Boarding / Independent",false,"Aunt/Uncle","₱10,000 - ₱24,999 (Lower Middle)","High School","Unresponsive",false,false,"Both parents overseas; student experiences high isolation and emotional disconnect despite remittances"
109238475458,"Bea Patricia Alcantara","Youngest",false,3,"None","Separated / Annulled",true,"With Mother Only",false,"Mother","₱10,000 - ₱24,999 (Lower Middle)","Vocational/Tech","Low",false,false,"Living with elderly grandparents with limited capacity for high school academic supervision"
109238475459,"Samantha Nicole Bautista","Only Child",false,0,"Father OFW","Married / Intact",false,"With Mother Only",false,"Mother","₱50,000+ (Upper Middle/High)","College Degree","High",true,false,"Very supportive and responsive home environment; parents actively monitor academic progress"
109238475460,"Cedric Manalo","Only Child",false,0,"Father OFW","Married / Intact",false,"With Mother Only",false,"Mother","₱50,000+ (Upper Middle/High)","College Degree","High",true,false,"Stable living arrangement with dedicated home study space and strong family emotional support"
109238475461,"Daniel Bautista","Middle",false,3,"None","Married / Intact",false,"With Both Parents",false,"Both Parents","₱10,000 - ₱24,999 (Lower Middle)","Vocational/Tech","Low",false,true,"Lives with aunt and cousins; generally stable environment with occasional internet connectivity issues"
109238475462,"Erika Santos","Eldest",true,3,"Mother OFW","Married / Intact",false,"With Father Only",false,"Father","₱10,000 - ₱24,999 (Lower Middle)","Vocational/Tech","High",true,true,"Lives with aunt and cousins; generally stable environment with occasional internet connectivity issues"
109238475463,"Sean Santos","Eldest",true,3,"Mother OFW","Separated / Annulled",true,"With Grandparents",false,"Grandmother","Below ₱10,000 (Low Income)","Vocational/Tech","Moderate",false,false,"Recent parental separation resulting in emotional distress and sudden drop in homework submission"
109238475464,"Alexander Tolentino","Middle",false,2,"None","Married / Intact",false,"With Grandparents",false,"Grandparents","₱50,000+ (Upper Middle/High)","College Degree","High",true,false,"Active guardian support during homeroom consultations; student well-adjusted"
109238475465,"Daniel San Jose","Only Child",false,0,"None","Married / Intact",false,"With Both Parents",false,"Both Parents","₱50,000+ (Upper Middle/High)","College Degree","High",true,false,"Both parents present and maintain regular communication with class adviser"
109238475466,"Angelo Aquino","Middle",false,1,"None","Widowed",true,"With Mother Only",false,"Mother","₱10,000 - ₱24,999 (Lower Middle)","Vocational/Tech","Moderate",true,false,"Guardian attended quarterly academic remediation conference and agreed on a home study schedule"
109238475467,"Joshua Santos","Middle",false,3,"Father OFW","Separated / Annulled",true,"With Mother Only",false,"Mother","Below ₱10,000 (Low Income)","Elementary","Unresponsive",false,false,"Recent parental separation resulting in emotional distress and sudden drop in homework submission"
109238475468,"Denise De Leon","Youngest",false,2,"None","Single Parent / Unmarried",true,"With Mother Only",false,"Mother","₱50,000+ (Upper Middle/High)","Postgraduate","High",true,false,"Very supportive and responsive home environment; parents actively monitor academic progress"
109238475469,"Daniel Pascual","Youngest",false,3,"None","Married / Intact",false,"With Both Parents",false,"Both Parents","₱25,000 - ₱49,999 (Middle)","College Degree","Moderate",true,true,"One parent works in Middle East; student displays mood fluctuations during exam periods"
109238475470,"Paolo Ocampo","Eldest",true,1,"Mother OFW","Married / Intact",false,"With Father Only",false,"Father","₱10,000 - ₱24,999 (Lower Middle)","Vocational/Tech","High",false,true,"Single mother working multiple shifts; student shows good effort but needs follow-up on project deadlines"
109238475471,"Kyle Ramos","Eldest",true,3,"None","Married / Intact",false,"With Both Parents",false,"Both Parents","₱25,000 - ₱49,999 (Middle)","College Degree","High",true,false,"Both parents present and maintain regular communication with class adviser"
109238475472,"Rochelle Tolentino","Middle",false,4,"None","Married / Intact",false,"With Both Parents",false,"Both Parents","₱25,000 - ₱49,999 (Middle)","High School","High",true,false,"Guardian attended quarterly academic remediation conference and agreed on a home study schedule"
109238475473,"Adrian Santiago","Eldest",true,1,"Father OFW","Married / Intact",false,"With Mother Only",false,"Mother","₱25,000 - ₱49,999 (Middle)","College Degree","High",true,false,"Both parents present and maintain regular communication with class adviser"
109238475474,"Adrian Rivera","Youngest",false,1,"Father OFW","Married / Intact",false,"With Mother Only",false,"Mother","₱50,000+ (Upper Middle/High)","College Degree","High",true,false,"Active guardian support during homeroom consultations; student well-adjusted"
109238475475,"Princess Mae Alcantara","Youngest",false,3,"None","Married / Intact",false,"With Both Parents",false,"Both Parents","₱50,000+ (Upper Middle/High)","Postgraduate","High",true,false,"Both parents present and maintain regular communication with class adviser"
109238475476,"Rochelle Soriano","Middle",false,2,"None","Married / Intact",false,"With Relatives",false,"Grandparents","₱25,000 - ₱49,999 (Middle)","College Degree","High",false,false,"Stable living arrangement with dedicated home study space and strong family emotional support"
109238475477,"Sofia Salazar","Middle",false,4,"None","Single Parent / Unmarried",true,"With Grandparents",false,"Grandmother","₱25,000 - ₱49,999 (Middle)","College Degree","Low",true,true,"Lives with aunt and cousins; generally stable environment with occasional internet connectivity issues"
109238475478,"Alyssa San Jose","Eldest",true,2,"None","Single Parent / Unmarried",true,"With Mother Only",false,"Mother","₱25,000 - ₱49,999 (Middle)","College Degree","High",true,false,"Very supportive and responsive home environment; parents actively monitor academic progress"
109238475479,"Denise Corpuz","Youngest",false,2,"None","Married / Intact",false,"With Both Parents",false,"Both Parents","₱50,000+ (Upper Middle/High)","College Degree","High",true,false,"Active guardian support during homeroom consultations; student well-adjusted"
109238475480,"Dominic Pascual","Eldest",true,1,"None","Married / Intact",false,"With Both Parents",false,"Both Parents","₱25,000 - ₱49,999 (Middle)","Postgraduate","High",true,false,"Stable living arrangement with dedicated home study space and strong family emotional support"
109238475481,"Sofia Villanueva","Youngest",false,2,"None","Married / Intact",false,"With Both Parents",false,"Both Parents","₱25,000 - ₱49,999 (Middle)","College Degree","High",false,false,"Exemplary parental involvement in all PTA and school wellness activities"
109238475482,"John Carlo Valdez","Youngest",false,3,"None","Married / Intact",false,"With Both Parents",false,"Both Parents","₱50,000+ (Upper Middle/High)","College Degree","High",true,false,"Exemplary parental involvement in all PTA and school wellness activities"
109238475483,"Nathan Ocampo","Only Child",false,0,"None","Married / Intact",false,"With Both Parents",false,"Both Parents","₱50,000+ (Upper Middle/High)","Postgraduate","High",true,false,"Stable living arrangement with dedicated home study space and strong family emotional support"
109238475484,"Mark Kenneth Torres","Only Child",false,0,"None","Married / Intact",false,"With Both Parents",false,"Both Parents","₱50,000+ (Upper Middle/High)","College Degree","High",true,false,"Active guardian support during homeroom consultations; student well-adjusted"
109238475485,"Daniel Domingo","Youngest",false,2,"None","Married / Intact",false,"With Both Parents",false,"Both Parents","₱25,000 - ₱49,999 (Middle)","Postgraduate","High",true,false,"Stable living arrangement with dedicated home study space and strong family emotional support"
109238475486,"Denise Mendoza","Only Child",false,0,"Father OFW","Married / Intact",false,"With Mother Only",false,"Mother","₱25,000 - ₱49,999 (Middle)","College Degree","High",false,false,"Exemplary parental involvement in all PTA and school wellness activities"
109238475487,"Ethan Navarro","Youngest",false,1,"Father OFW","Married / Intact",false,"With Mother Only",false,"Mother","₱25,000 - ₱49,999 (Middle)","College Degree","High",true,false,"Active guardian support during homeroom consultations; student well-adjusted"
109238475488,"Cedric Rivera","Eldest",true,1,"Father OFW","Married / Intact",false,"With Mother Only",false,"Mother","₱50,000+ (Upper Middle/High)","College Degree","High",true,false,"Exemplary parental involvement in all PTA and school wellness activities"
109238475489,"Jasmine Domingo","Youngest",false,4,"None","Separated / Annulled",true,"With Mother Only",true,"Mother","Below ₱10,000 (Low Income)","Vocational/Tech","High",false,false,"Single mother working multiple shifts; student shows good effort but needs follow-up on project deadlines"
109238475490,"Camille Corpuz","Only Child",false,0,"None","Married / Intact",false,"With Relatives",false,"Grandparents","₱50,000+ (Upper Middle/High)","College Degree","High",true,false,"Stable living arrangement with dedicated home study space and strong family emotional support"
109238475491,"Mariel Tolentino","Only Child",false,0,"None","Married / Intact",false,"With Both Parents",false,"Both Parents","₱50,000+ (Upper Middle/High)","Postgraduate","High",true,false,"Very supportive and responsive home environment; parents actively monitor academic progress"
109238475492,"Kathleen Lim","Youngest",false,3,"Father OFW","Married / Intact",false,"With Mother Only",false,"Mother","₱25,000 - ₱49,999 (Middle)","Postgraduate","High",true,false,"Active guardian support during homeroom consultations; student well-adjusted"
109238475493,"Vincent Tolentino","Only Child",false,3,"None","Married / Intact",false,"With Both Parents",false,"Both Parents","₱25,000 - ₱49,999 (Middle)","Vocational/Tech","High",true,false,"Single mother working multiple shifts; student shows good effort but needs follow-up on project deadlines"
109238475494,"Princess Mae Santos","Eldest",true,2,"None","Single Parent / Unmarried",true,"With Mother Only",false,"Mother","₱50,000+ (Upper Middle/High)","College Degree","High",false,false,"Stable living arrangement with dedicated home study space and strong family emotional support"
109238475495,"Karl Lim","Eldest",true,1,"None","Single Parent / Unmarried",true,"With Father Only",false,"Father","₱50,000+ (Upper Middle/High)","Postgraduate","High",true,false,"Active guardian support during homeroom consultations; student well-adjusted"
109238475496,"Lance Dela Cruz","Youngest",false,4,"Father OFW","Widowed",true,"With Mother Only",false,"Mother","₱10,000 - ₱24,999 (Lower Middle)","College Degree","Moderate",true,false,"One parent works in Middle East; student displays mood fluctuations during exam periods"
109238475497,"Trisha Castro","Middle",false,3,"None","Married / Intact",false,"With Both Parents",false,"Both Parents","₱25,000 - ₱49,999 (Middle)","College Degree","High",true,false,"Active guardian support during homeroom consultations; student well-adjusted"
109238475498,"Nicole Santos","Only Child",false,0,"None","Married / Intact",false,"With Relatives",false,"Grandparents","₱50,000+ (Upper Middle/High)","College Degree","High",true,false,"Very supportive and responsive home environment; parents actively monitor academic progress"
109238475499,"Christian Dave Santos","Youngest",false,2,"Father OFW","Married / Intact",false,"With Mother Only",false,"Mother","₱10,000 - ₱24,999 (Lower Middle)","Vocational/Tech","Moderate",true,false,"Guardian attended quarterly academic remediation conference and agreed on a home study schedule"
109238475500,"Alyssa Tan","Eldest",true,1,"Father OFW","Married / Intact",false,"With Mother Only",false,"Mother","₱10,000 - ₱24,999 (Lower Middle)","Vocational/Tech","High",true,false,"One parent works in Middle East; student displays mood fluctuations during exam periods"
