role,full_name,email,lrn_or_id,grade_level,section,department,temp_password,adviser_name,phone,guardian_name,guardian_relationship,guardian_email,guardian_contact,account_status
student,Joshua Dimaculangan,student@sapc.edu.ph,109238475612,Grade 7,Grade 7 - St. Anthony,Junior High Department,SAPC@5612!,"Ms. Elena Bautista, LPT",+63 917 669 837,Mrs. Elena Dimaculangan,Mother,parent@sapc.edu.ph,+63 917 555 0192,Pre-Provisioned (Password Change Required Upon 1st Login)
student,Angelica Dela Cruz,angelica@sapc.edu.ph,109238475613,Grade 7,Grade 7 - St. Anthony,Junior High Department,SAPC@5613!,"Ms. Elena Bautista, LPT",+63 917 671 174,Mr. Roberto Dela Cruz,Father,parent.109238475613@parent.sapc.edu.ph,+63 918 333 4444,Pre-Provisioned (Password Change Required Upon 1st Login)
student,Mark Anthony Reyes,mark@sapc.edu.ph,109238475614,Grade 8,Grade 8 - St. Benedict,Junior High Department,SAPC@5614!,Prof. Ernesto Bautista,+63 917 672 511,Mrs. Carmela Reyes,Mother,parent.109238475614@parent.sapc.edu.ph,+63 919 444 5555,Pre-Provisioned (Password Change Required Upon 1st Login)
student,Erika Bautista,erika.bautista1@sapc.edu.ph,109238470001,Grade 7,Grade 7 - St. Anthony,Junior High Department,SAPC@0001!,"Ms. Elena Bautista, LPT",+63 917 001 337,Mr. Ferdinand Bautista,Father,parent.109238470001@parent.sapc.edu.ph,+63 918 697 338,Pre-Provisioned (Password Change Required Upon 1st Login)
student,Althea Garcia,althea.garcia2@sapc.edu.ph,109238470002,Grade 7,Grade 7 - St. Bernadette,Junior High Department,SAPC@0002!,"Mr. Carlos Dizon, LPT",+63 917 002 674,Mrs. Carmela Garcia,Mother,parent.109238470002@parent.sapc.edu.ph,+63 918 698 675,Pre-Provisioned (Password Change Required Upon 1st Login)
student,Angela Padilla,angela.padilla3@sapc.edu.ph,109238470003,Grade 7,Grade 7 - St. Bernadette,Junior High Department,SAPC@0003!,"Mr. Carlos Dizon, LPT",+63 917 004 011,Mr. Carlos Padilla,Father,parent.109238470003@parent.sapc.edu.ph,+63 918 700 012,Pre-Provisioned (Password Change Required Upon 1st Login)
student,Angelica Salazar,angelica.salazar4@sapc.edu.ph,109238470004,Grade 7,Grade 7 - St. Anthony,Junior High Department,SAPC@0004!,"Ms. Elena Bautista, LPT",+63 917 005 348,Mrs. Rosalinda Salazar,Mother,parent.109238470004@parent.sapc.edu.ph,+63 918 701 349,Pre-Provisioned (Password Change Required Upon 1st Login)
student,Chloe De Leon,chloe.de leon5@sapc.edu.ph,109238470005,Grade 7,Grade 7 - St. Anthony,Junior High Department,SAPC@0005!,"Ms. Elena Bautista, LPT",+63 917 006 685,Mr. Danilo De Leon,Father,parent.109238470005@parent.sapc.edu.ph,+63 918 702 686,Pre-Provisioned (Password Change Required Upon 1st Login)
student,Luis San Jose,luis.san jose6@sapc.edu.ph,109238470006,Grade 7,Grade 7 - St. Francis,Junior High Department,SAPC@0006!,"Ms. Maria Theresa Cruz, LPT",+63 917 008 022,Mrs. Josephine San Jose,Mother,parent.109238470006@parent.sapc.edu.ph,+63 918 704 023,Pre-Provisioned (Password Change Required Upon 1st Login)
student,Patricia Tolentino,patricia.tolentino7@sapc.edu.ph,109238470007,Grade 7,Grade 7 - St. Bernadette,Junior High Department,SAPC@0007!,"Mr. Carlos Dizon, LPT",+63 917 009 359,Mr. Reynaldo Tolentino,Father,parent.109238470007@parent.sapc.edu.ph,+63 918 705 360,Pre-Provisioned (Password Change Required Upon 1st Login)
student,Mariel Mercado,mariel.mercado8@sapc.edu.ph,109238470008,Grade 7,Grade 7 - St. Anthony,Junior High Department,SAPC@0008!,"Ms. Elena Bautista, LPT",+63 917 010 696,Mrs. Remedios Mercado,Mother,parent.109238470008@parent.sapc.edu.ph,+63 918 706 697,Pre-Provisioned (Password Change Required Upon 1st Login)
student,Chloe Santos,chloe.santos9@sapc.edu.ph,109238470009,Grade 7,Grade 7 - St. Bernadette,Junior High Department,SAPC@0009!,"Mr. Carlos Dizon, LPT",+63 917 012 033,Mr. Renato Santos,Father,parent.109238470009@parent.sapc.edu.ph,+63 918 708 034,Pre-Provisioned (Password Change Required Upon 1st Login)
student,Patricia Domingo,patricia.domingo10@sapc.edu.ph,109238470010,Grade 7,Grade 7 - St. Bernadette,Junior High Department,SAPC@0010!,"Mr. Carlos Dizon, LPT",+63 917 013 370,Mrs. Flordeliza Domingo,Mother,parent.109238470010@parent.sapc.edu.ph,+63 918 709 371,Pre-Provisioned (Password Change Required Upon 1st Login)
student,Joshua Castillo,joshua.castillo11@sapc.edu.ph,109238470011,Grade 7,Grade 7 - St. Therese,Junior High Department,SAPC@0011!,"Mr. Roberto Santos, LPT",+63 917 014 707,Mr. Rodolfo Castillo,Father,parent.109238470011@parent.sapc.edu.ph,+63 918 710 708,Pre-Provisioned (Password Change Required Upon 1st Login)
student,Faith De Leon,faith.de leon12@sapc.edu.ph,109238470012,Grade 7,Grade 7 - St. Therese,Junior High Department,SAPC@0012!,"Mr. Roberto Santos, LPT",+63 917 016 044,Mrs. Cynthia De Leon,Mother,parent.109238470012@parent.sapc.edu.ph,+63 918 712 045,Pre-Provisioned (Password Change Required Upon 1st Login)
student,Patricia Corpuz,patricia.corpuz13@sapc.edu.ph,109238470013,Grade 7,Grade 7 - St. Francis,Junior High Department,SAPC@0013!,"Ms. Maria Theresa Cruz, LPT",+63 917 017 381,Mr. Nestor Corpuz,Father,parent.109238470013@parent.sapc.edu.ph,+63 918 713 382,Pre-Provisioned (Password Change Required Upon 1st Login)
student,Camille Castro,camille.castro14@sapc.edu.ph,109238470014,Grade 7,Grade 7 - St. Anthony,Junior High Department,SAPC@0014!,"Ms. Elena Bautista, LPT",+63 917 018 718,Mrs. Shirley Castro,Mother,parent.109238470014@parent.sapc.edu.ph,+63 918 714 719,Pre-Provisioned (Password Change Required Upon 1st Login)
student,Kyle Flores,kyle.flores15@sapc.edu.ph,109238470015,Grade 7,Grade 7 - St. Therese,Junior High Department,SAPC@0015!,"Mr. Roberto Santos, LPT",+63 917 020 055,Mr. Jaime Flores,Father,parent.109238470015@parent.sapc.edu.ph,+63 918 716 056,Pre-Provisioned (Password Change Required Upon 1st Login)
student,Mariel Dela Cruz,mariel.dela cruz16@sapc.edu.ph,109238470016,Grade 7,Grade 7 - St. Therese,Junior High Department,SAPC@0016!,"Mr. Roberto Santos, LPT",+63 917 021 392,Mrs. Jennifer Dela Cruz,Mother,parent.109238470016@parent.sapc.edu.ph,+63 918 717 393,Pre-Provisioned (Password Change Required Upon 1st Login)
student,Erika Navarro,erika.navarro17@sapc.edu.ph,109238470017,Grade 7,Grade 7 - St. Francis,Junior High Department,SAPC@0017!,"Ms. Maria Theresa Cruz, LPT",+63 917 022 729,Mr. Cesar Navarro,Father,parent.109238470017@parent.sapc.edu.ph,+63 918 718 730,Pre-Provisioned (Password Change Required Upon 1st Login)
student,Joy Manalo,joy.manalo18@sapc.edu.ph,109238470018,Grade 7,Grade 7 - St. Therese,Junior High Department,SAPC@0018!,"Mr. Roberto Santos, LPT",+63 917 024 066,Mrs. Grace Manalo,Mother,parent.109238470018@parent.sapc.edu.ph,+63 918 720 067,Pre-Provisioned (Password Change Required Upon 1st Login)
student,Tristan Torres,tristan.torres19@sapc.edu.ph,109238470019,Grade 7,Grade 7 - St. Anthony,Junior High Department,SAPC@0019!,"Ms. Elena Bautista, LPT",+63 917 025 403,Mr. Arnel Torres,Father,parent.109238470019@parent.sapc.edu.ph,+63 918 721 404,Pre-Provisioned (Password Change Required Upon 1st Login)
student,Francis Cruz,francis.cruz20@sapc.edu.ph,109238470020,Grade 7,Grade 7 - St. Therese,Junior High Department,SAPC@0020!,"Mr. Roberto Santos, LPT",+63 917 026 740,Mrs. Gina Cruz,Mother,parent.109238470020@parent.sapc.edu.ph,+63 918 722 741,Pre-Provisioned (Password Change Required Upon 1st Login)
student,Therese Valdez,therese.valdez21@sapc.edu.ph,109238470021,Grade 7,Grade 7 - St. Therese,Junior High Department,SAPC@0021!,"Mr. Roberto Santos, LPT",+63 917 028 077,Mr. Roberto Valdez,Father,parent.109238470021@parent.sapc.edu.ph,+63 918 724 078,Pre-Provisioned (Password Change Required Upon 1st Login)
student,Lance Navarro,lance.navarro22@sapc.edu.ph,109238470022,Grade 7,Grade 7 - St. Bernadette,Junior High Department,SAPC@0022!,"Mr. Carlos Dizon, LPT",+63 917 029 414,Mrs. Teresa Navarro,Mother,parent.109238470022@parent.sapc.edu.ph,+63 918 725 415,Pre-Provisioned (Password Change Required Upon 1st Login)
student,Jasmine Reyes,jasmine.reyes23@sapc.edu.ph,109238470023,Grade 7,Grade 7 - St. Bernadette,Junior High Department,SAPC@0023!,"Mr. Carlos Dizon, LPT",+63 917 030 751,Mr. Edgardo Reyes,Father,parent.109238470023@parent.sapc.edu.ph,+63 918 726 752,Pre-Provisioned (Password Change Required Upon 1st Login)
student,John Carlo Morales,johncarlo.morales24@sapc.edu.ph,109238470024,Grade 7,Grade 7 - St. Bernadette,Junior High Department,SAPC@0024!,"Mr. Carlos Dizon, LPT",+63 917 032 088,Mrs. Corazon Morales,Mother,parent.109238470024@parent.sapc.edu.ph,+63 918 728 089,Pre-Provisioned (Password Change Required Upon 1st Login)
student,Angelica Aquino,angelica.aquino25@sapc.edu.ph,109238470025,Grade 7,Grade 7 - St. Therese,Junior High Department,SAPC@0025!,"Mr. Roberto Santos, LPT",+63 917 033 425,Mr. Rolando Aquino,Father,parent.109238470025@parent.sapc.edu.ph,+63 918 729 426,Pre-Provisioned (Password Change Required Upon 1st Login)
student,John Carlo Valdez,johncarlo.valdez26@sapc.edu.ph,109238470026,Grade 7,Grade 7 - St. Therese,Junior High Department,SAPC@0026!,"Mr. Roberto Santos, LPT",+63 917 034 762,Mrs. Rowena Valdez,Mother,parent.109238470026@parent.sapc.edu.ph,+63 918 730 763,Pre-Provisioned (Password Change Required Upon 1st Login)
student,Hannah Aquino,hannah.aquino27@sapc.edu.ph,109238470027,Grade 7,Grade 7 - St. Francis,Junior High Department,SAPC@0027!,"Ms. Maria Theresa Cruz, LPT",+63 917 036 099,Mr. Ramon Aquino,Father,parent.109238470027@parent.sapc.edu.ph,+63 918 732 100,Pre-Provisioned (Password Change Required Upon 1st Login)
student,Nicole Cruz,nicole.cruz28@sapc.edu.ph,109238470028,Grade 7,Grade 7 - St. Therese,Junior High Department,SAPC@0028!,"Mr. Roberto Santos, LPT",+63 917 037 436,Mrs. Lorna Cruz,Mother,parent.109238470028@parent.sapc.edu.ph,+63 918 733 437,Pre-Provisioned (Password Change Required Upon 1st Login)
student,Bianca Flores,bianca.flores29@sapc.edu.ph,109238470029,Grade 7,Grade 7 - St. Therese,Junior High Department,SAPC@0029!,"Mr. Roberto Santos, LPT",+63 917 038 773,Mr. Antonio Flores,Father,parent.109238470029@parent.sapc.edu.ph,+63 918 734 774,Pre-Provisioned (Password Change Required Upon 1st Login)
student,Nathan Reyes,nathan.reyes30@sapc.edu.ph,109238470030,Grade 7,Grade 7 - St. Therese,Junior High Department,SAPC@0030!,"Mr. Roberto Santos, LPT",+63 917 040 110,Mrs. Mary Ann Reyes,Mother,parent.109238470030@parent.sapc.edu.ph,+63 918 736 111,Pre-Provisioned (Password Change Required Upon 1st Login)
student,Francis Alcantara,francis.alcantara31@sapc.edu.ph,109238470031,Grade 7,Grade 7 - St. Therese,Junior High Department,SAPC@0031!,"Mr. Roberto Santos, LPT",+63 917 041 447,Mr. Eduardo Alcantara,Father,parent.109238470031@parent.sapc.edu.ph,+63 918 737 448,Pre-Provisioned (Password Change Required Upon 1st Login)
student,Lance Gonzales,lance.gonzales32@sapc.edu.ph,109238470032,Grade 7,Grade 7 - St. Therese,Junior High Department,SAPC@0032!,"Mr. Roberto Santos, LPT",+63 917 042 784,Mrs. Jocelyn Gonzales,Mother,parent.109238470032@parent.sapc.edu.ph,+63 918 738 785,Pre-Provisioned (Password Change Required Upon 1st Login)
student,Gabriel Flores,gabriel.flores33@sapc.edu.ph,109238470033,Grade 7,Grade 7 - St. Francis,Junior High Department,SAPC@0033!,"Ms. Maria Theresa Cruz, LPT",+63 917 044 121,Mr. Wilfredo Flores,Father,parent.109238470033@parent.sapc.edu.ph,+63 918 740 122,Pre-Provisioned (Password Change Required Upon 1st Login)
student,Bernadette Dela Cruz,bernadette.dela cruz34@sapc.edu.ph,109238470034,Grade 7,Grade 7 - St. Bernadette,Junior High Department,SAPC@0034!,"Mr. Carlos Dizon, LPT",+63 917 045 458,Mrs. Elizabeth Dela Cruz,Mother,parent.109238470034@parent.sapc.edu.ph,+63 918 741 459,Pre-Provisioned (Password Change Required Upon 1st Login)
student,Chloe Navarro,chloe.navarro35@sapc.edu.ph,109238470035,Grade 7,Grade 7 - St. Therese,Junior High Department,SAPC@0035!,"Mr. Roberto Santos, LPT",+63 917 046 795,Mr. Victor Navarro,Father,parent.109238470035@parent.sapc.edu.ph,+63 918 742 796,Pre-Provisioned (Password Change Required Upon 1st Login)
student,Maria Clara Aquino,mariaclara.aquino36@sapc.edu.ph,109238470036,Grade 7,Grade 7 - St. Therese,Junior High Department,SAPC@0036!,"Mr. Roberto Santos, LPT",+63 917 048 132,Mrs. Imelda Aquino,Mother,parent.109238470036@parent.sapc.edu.ph,+63 918 744 133,Pre-Provisioned (Password Change Required Upon 1st Login)
student,Bernadette Pascual,bernadette.pascual37@sapc.edu.ph,109238470037,Grade 7,Grade 7 - St. Anthony,Junior High Department,SAPC@0037!,"Ms. Elena Bautista, LPT",+63 917 049 469,Mr. Gabriel Pascual,Father,parent.109238470037@parent.sapc.edu.ph,+63 918 745 470,Pre-Provisioned (Password Change Required Upon 1st Login)
student,Therese Alcantara,therese.alcantara38@sapc.edu.ph,109238470038,Grade 7,Grade 7 - St. Francis,Junior High Department,SAPC@0038!,"Ms. Maria Theresa Cruz, LPT",+63 917 050 806,Mrs. Bernadette Alcantara,Mother,parent.109238470038@parent.sapc.edu.ph,+63 918 746 807,Pre-Provisioned (Password Change Required Upon 1st Login)
student,Vanessa De Leon,vanessa.de leon39@sapc.edu.ph,109238470039,Grade 7,Grade 7 - St. Bernadette,Junior High Department,SAPC@0039!,"Mr. Carlos Dizon, LPT",+63 917 052 143,Mr. Manuel De Leon,Father,parent.109238470039@parent.sapc.edu.ph,+63 918 748 144,Pre-Provisioned (Password Change Required Upon 1st Login)
student,Hannah Mercado,hannah.mercado40@sapc.edu.ph,109238470040,Grade 7,Grade 7 - St. Bernadette,Junior High Department,SAPC@0040!,"Mr. Carlos Dizon, LPT",+63 917 053 480,Mrs. Cristina Mercado,Mother,parent.109238470040@parent.sapc.edu.ph,+63 918 749 481,Pre-Provisioned (Password Change Required Upon 1st Login)
student,Angelo Cruz,angelo.cruz41@sapc.edu.ph,109238470041,Grade 7,Grade 7 - St. Bernadette,Junior High Department,SAPC@0041!,"Mr. Carlos Dizon, LPT",+63 917 054 817,Mr. Mario Cruz,Father,parent.109238470041@parent.sapc.edu.ph,+63 918 750 818,Pre-Provisioned (Password Change Required Upon 1st Login)
student,Joaquin Morales,joaquin.morales42@sapc.edu.ph,109238470042,Grade 7,Grade 7 - St. Anthony,Junior High Department,SAPC@0042!,"Ms. Elena Bautista, LPT",+63 917 056 154,Mrs. Lourdes Morales,Mother,parent.109238470042@parent.sapc.edu.ph,+63 918 752 155,Pre-Provisioned (Password Change Required Upon 1st Login)
student,Andrea Dela Cruz,andrea.dela cruz43@sapc.edu.ph,109238470043,Grade 7,Grade 7 - St. Anthony,Junior High Department,SAPC@0043!,"Ms. Elena Bautista, LPT",+63 917 057 491,Mr. Gerardo Dela Cruz,Father,parent.109238470043@parent.sapc.edu.ph,+63 918 753 492,Pre-Provisioned (Password Change Required Upon 1st Login)
student,Patricia Mercado,patricia.mercado44@sapc.edu.ph,109238470044,Grade 7,Grade 7 - St. Bernadette,Junior High Department,SAPC@0044!,"Mr. Carlos Dizon, LPT",+63 917 058 828,Mrs. Elena Mercado,Mother,parent.109238470044@parent.sapc.edu.ph,+63 918 754 829,Pre-Provisioned (Password Change Required Upon 1st Login)
student,Gabriel Reyes,gabriel.reyes45@sapc.edu.ph,109238470045,Grade 7,Grade 7 - St. Bernadette,Junior High Department,SAPC@0045!,"Mr. Carlos Dizon, LPT",+63 917 060 165,Mr. Ernesto Reyes,Father,parent.109238470045@parent.sapc.edu.ph,+63 918 756 166,Pre-Provisioned (Password Change Required Upon 1st Login)
student,Jasmine Padilla,jasmine.padilla46@sapc.edu.ph,109238470046,Grade 7,Grade 7 - St. Bernadette,Junior High Department,SAPC@0046!,"Mr. Carlos Dizon, LPT",+63 917 061 502,Mrs. Maricel Padilla,Mother,parent.109238470046@parent.sapc.edu.ph,+63 918 757 503,Pre-Provisioned (Password Change Required Upon 1st Login)
student,Mariel Pascual,mariel.pascual47@sapc.edu.ph,109238470047,Grade 7,Grade 7 - St. Anthony,Junior High Department,SAPC@0047!,"Ms. Elena Bautista, LPT",+63 917 062 839,Mr. Ferdinand Pascual,Father,parent.109238470047@parent.sapc.edu.ph,+63 918 758 840,Pre-Provisioned (Password Change Required Upon 1st Login)
student,Jose Domingo,jose.domingo48@sapc.edu.ph,109238470048,Grade 7,Grade 7 - St. Bernadette,Junior High Department,SAPC@0048!,"Mr. Carlos Dizon, LPT",+63 917 064 176,Mrs. Carmela Domingo,Mother,parent.109238470048@parent.sapc.edu.ph,+63 918 760 177,Pre-Provisioned (Password Change Required Upon 1st Login)
student,Chloe Dizon,chloe.dizon49@sapc.edu.ph,109238470049,Grade 7,Grade 7 - St. Francis,Junior High Department,SAPC@0049!,"Ms. Maria Theresa Cruz, LPT",+63 917 065 513,Mr. Carlos Dizon,Father,parent.109238470049@parent.sapc.edu.ph,+63 918 761 514,Pre-Provisioned (Password Change Required Upon 1st Login)
student,Kathryn Bautista,kathryn.bautista50@sapc.edu.ph,109238470050,Grade 7,Grade 7 - St. Francis,Junior High Department,SAPC@0050!,"Ms. Maria Theresa Cruz, LPT",+63 917 066 850,Mrs. Rosalinda Bautista,Mother,parent.109238470050@parent.sapc.edu.ph,+63 918 762 851,Pre-Provisioned (Password Change Required Upon 1st Login)
student,Christian Manalo,christian.manalo51@sapc.edu.ph,109238470051,Grade 7,Grade 7 - St. Bernadette,Junior High Department,SAPC@0051!,"Mr. Carlos Dizon, LPT",+63 917 068 187,Mr. Danilo Manalo,Father,parent.109238470051@parent.sapc.edu.ph,+63 918 764 188,Pre-Provisioned (Password Change Required Upon 1st Login)
student,Jerome Villanueva,jerome.villanueva52@sapc.edu.ph,109238470052,Grade 7,Grade 7 - St. Therese,Junior High Department,SAPC@0052!,"Mr. Roberto Santos, LPT",+63 917 069 524,Mrs. Josephine Villanueva,Mother,parent.109238470052@parent.sapc.edu.ph,+63 918 765 525,Pre-Provisioned (Password Change Required Upon 1st Login)
student,Karl Valdez,karl.valdez53@sapc.edu.ph,109238470053,Grade 7,Grade 7 - St. Bernadette,Junior High Department,SAPC@0053!,"Mr. Carlos Dizon, LPT",+63 917 070 861,Mr. Reynaldo Valdez,Father,parent.109238470053@parent.sapc.edu.ph,+63 918 766 862,Pre-Provisioned (Password Change Required Upon 1st Login)
student,Ethan Dela Cruz,ethan.dela cruz54@sapc.edu.ph,109238470054,Grade 7,Grade 7 - St. Anthony,Junior High Department,SAPC@0054!,"Ms. Elena Bautista, LPT",+63 917 072 198,Mrs. Remedios Dela Cruz,Mother,parent.109238470054@parent.sapc.edu.ph,+63 918 768 199,Pre-Provisioned (Password Change Required Upon 1st Login)
student,Rochelle Tolentino,rochelle.tolentino55@sapc.edu.ph,109238470055,Grade 7,Grade 7 - St. Anthony,Junior High Department,SAPC@0055!,"Ms. Elena Bautista, LPT",+63 917 073 535,Mr. Renato Tolentino,Father,parent.109238470055@parent.sapc.edu.ph,+63 918 769 536,Pre-Provisioned (Password Change Required Upon 1st Login)
student,Chloe Mercado,chloe.mercado56@sapc.edu.ph,109238470056,Grade 7,Grade 7 - St. Anthony,Junior High Department,SAPC@0056!,"Ms. Elena Bautista, LPT",+63 917 074 872,Mrs. Flordeliza Mercado,Mother,parent.109238470056@parent.sapc.edu.ph,+63 918 770 873,Pre-Provisioned (Password Change Required Upon 1st Login)
student,Cecilia De Leon,cecilia.de leon57@sapc.edu.ph,109238470057,Grade 7,Grade 7 - St. Anthony,Junior High Department,SAPC@0057!,"Ms. Elena Bautista, LPT",+63 917 076 209,Mr. Rodolfo De Leon,Father,parent.109238470057@parent.sapc.edu.ph,+63 918 772 210,Pre-Provisioned (Password Change Required Upon 1st Login)
student,Simon Pascual,simon.pascual58@sapc.edu.ph,109238470058,Grade 7,Grade 7 - St. Anthony,Junior High Department,SAPC@0058!,"Ms. Elena Bautista, LPT",+63 917 077 546,Mrs. Cynthia Pascual,Mother,parent.109238470058@parent.sapc.edu.ph,+63 918 773 547,Pre-Provisioned (Password Change Required Upon 1st Login)
student,Mark Torres,mark.torres59@sapc.edu.ph,109238470059,Grade 7,Grade 7 - St. Francis,Junior High Department,SAPC@0059!,"Ms. Maria Theresa Cruz, LPT",+63 917 078 883,Mr. Nestor Torres,Father,parent.109238470059@parent.sapc.edu.ph,+63 918 774 884,Pre-Provisioned (Password Change Required Upon 1st Login)
student,Rochelle Domingo,rochelle.domingo60@sapc.edu.ph,109238470060,Grade 7,Grade 7 - St. Francis,Junior High Department,SAPC@0060!,"Ms. Maria Theresa Cruz, LPT",+63 917 080 220,Mrs. Shirley Domingo,Mother,parent.109238470060@parent.sapc.edu.ph,+63 918 776 221,Pre-Provisioned (Password Change Required Upon 1st Login)
student,Mariel Tolentino,mariel.tolentino61@sapc.edu.ph,109238470061,Grade 7,Grade 7 - St. Bernadette,Junior High Department,SAPC@0061!,"Mr. Carlos Dizon, LPT",+63 917 081 557,Mr. Jaime Tolentino,Father,parent.109238470061@parent.sapc.edu.ph,+63 918 777 558,Pre-Provisioned (Password Change Required Upon 1st Login)
student,Andrea Ocampo,andrea.ocampo62@sapc.edu.ph,109238470062,Grade 7,Grade 7 - St. Anthony,Junior High Department,SAPC@0062!,"Ms. Elena Bautista, LPT",+63 917 082 894,Mrs. Jennifer Ocampo,Mother,parent.109238470062@parent.sapc.edu.ph,+63 918 778 895,Pre-Provisioned (Password Change Required Upon 1st Login)
student,Justin Santiago,justin.santiago63@sapc.edu.ph,109238470063,Grade 7,Grade 7 - St. Bernadette,Junior High Department,SAPC@0063!,"Mr. Carlos Dizon, LPT",+63 917 084 231,Mr. Cesar Santiago,Father,parent.109238470063@parent.sapc.edu.ph,+63 918 780 232,Pre-Provisioned (Password Change Required Upon 1st Login)
student,Paolo Villanueva,paolo.villanueva64@sapc.edu.ph,109238470064,Grade 7,Grade 7 - St. Anthony,Junior High Department,SAPC@0064!,"Ms. Elena Bautista, LPT",+63 917 085 568,Mrs. Grace Villanueva,Mother,parent.109238470064@parent.sapc.edu.ph,+63 918 781 569,Pre-Provisioned (Password Change Required Upon 1st Login)
student,Diego Alcantara,diego.alcantara65@sapc.edu.ph,109238470065,Grade 7,Grade 7 - St. Bernadette,Junior High Department,SAPC@0065!,"Mr. Carlos Dizon, LPT",+63 917 086 905,Mr. Arnel Alcantara,Father,parent.109238470065@parent.sapc.edu.ph,+63 918 782 906,Pre-Provisioned (Password Change Required Upon 1st Login)
student,Angelo Flores,angelo.flores66@sapc.edu.ph,109238470066,Grade 7,Grade 7 - St. Anthony,Junior High Department,SAPC@0066!,"Ms. Elena Bautista, LPT",+63 917 088 242,Mrs. Gina Flores,Mother,parent.109238470066@parent.sapc.edu.ph,+63 918 784 243,Pre-Provisioned (Password Change Required Upon 1st Login)
student,Joaquin Navarro,joaquin.navarro67@sapc.edu.ph,109238470067,Grade 7,Grade 7 - St. Francis,Junior High Department,SAPC@0067!,"Ms. Maria Theresa Cruz, LPT",+63 917 089 579,Mr. Roberto Navarro,Father,parent.109238470067@parent.sapc.edu.ph,+63 918 785 580,Pre-Provisioned (Password Change Required Upon 1st Login)
student,Benedict Villanueva,benedict.villanueva68@sapc.edu.ph,109238470068,Grade 7,Grade 7 - St. Anthony,Junior High Department,SAPC@0068!,"Ms. Elena Bautista, LPT",+63 917 090 916,Mrs. Teresa Villanueva,Mother,parent.109238470068@parent.sapc.edu.ph,+63 918 786 917,Pre-Provisioned (Password Change Required Upon 1st Login)
student,Andrea San Jose,andrea.san jose69@sapc.edu.ph,109238470069,Grade 7,Grade 7 - St. Therese,Junior High Department,SAPC@0069!,"Mr. Roberto Santos, LPT",+63 917 092 253,Mr. Edgardo San Jose,Father,parent.109238470069@parent.sapc.edu.ph,+63 918 788 254,Pre-Provisioned (Password Change Required Upon 1st Login)
student,Erika Ramos,erika.ramos70@sapc.edu.ph,109238470070,Grade 7,Grade 7 - St. Anthony,Junior High Department,SAPC@0070!,"Ms. Elena Bautista, LPT",+63 917 093 590,Mrs. Corazon Ramos,Mother,parent.109238470070@parent.sapc.edu.ph,+63 918 789 591,Pre-Provisioned (Password Change Required Upon 1st Login)
student,Angelo Pascual,angelo.pascual71@sapc.edu.ph,109238470071,Grade 7,Grade 7 - St. Anthony,Junior High Department,SAPC@0071!,"Ms. Elena Bautista, LPT",+63 917 094 927,Mr. Rolando Pascual,Father,parent.109238470071@parent.sapc.edu.ph,+63 918 790 928,Pre-Provisioned (Password Change Required Upon 1st Login)
student,Lance Garcia,lance.garcia72@sapc.edu.ph,109238470072,Grade 7,Grade 7 - St. Bernadette,Junior High Department,SAPC@0072!,"Mr. Carlos Dizon, LPT",+63 917 096 264,Mrs. Rowena Garcia,Mother,parent.109238470072@parent.sapc.edu.ph,+63 918 792 265,Pre-Provisioned (Password Change Required Upon 1st Login)
student,Anthony Manalo,anthony.manalo73@sapc.edu.ph,109238470073,Grade 7,Grade 7 - St. Francis,Junior High Department,SAPC@0073!,"Ms. Maria Theresa Cruz, LPT",+63 917 097 601,Mr. Ramon Manalo,Father,parent.109238470073@parent.sapc.edu.ph,+63 918 793 602,Pre-Provisioned (Password Change Required Upon 1st Login)
student,Matthew Bautista,matthew.bautista74@sapc.edu.ph,109238470074,Grade 7,Grade 7 - St. Francis,Junior High Department,SAPC@0074!,"Ms. Maria Theresa Cruz, LPT",+63 917 098 938,Mrs. Lorna Bautista,Mother,parent.109238470074@parent.sapc.edu.ph,+63 918 794 939,Pre-Provisioned (Password Change Required Upon 1st Login)
student,Erika Cruz,erika.cruz75@sapc.edu.ph,109238470075,Grade 7,Grade 7 - St. Therese,Junior High Department,SAPC@0075!,"Mr. Roberto Santos, LPT",+63 917 100 275,Mr. Antonio Cruz,Father,parent.109238470075@parent.sapc.edu.ph,+63 918 796 276,Pre-Provisioned (Password Change Required Upon 1st Login)
student,Liza Soriano,liza.soriano76@sapc.edu.ph,109238470076,Grade 7,Grade 7 - St. Anthony,Junior High Department,SAPC@0076!,"Ms. Elena Bautista, LPT",+63 917 101 612,Mrs. Mary Ann Soriano,Mother,parent.109238470076@parent.sapc.edu.ph,+63 918 797 613,Pre-Provisioned (Password Change Required Upon 1st Login)
student,Therese Castro,therese.castro77@sapc.edu.ph,109238470077,Grade 7,Grade 7 - St. Anthony,Junior High Department,SAPC@0077!,"Ms. Elena Bautista, LPT",+63 917 102 949,Mr. Eduardo Castro,Father,parent.109238470077@parent.sapc.edu.ph,+63 918 798 950,Pre-Provisioned (Password Change Required Upon 1st Login)
student,Anthony Gonzales,anthony.gonzales78@sapc.edu.ph,109238470078,Grade 7,Grade 7 - St. Anthony,Junior High Department,SAPC@0078!,"Ms. Elena Bautista, LPT",+63 917 104 286,Mrs. Jocelyn Gonzales,Mother,parent.109238470078@parent.sapc.edu.ph,+63 918 800 287,Pre-Provisioned (Password Change Required Upon 1st Login)
student,Joy Corpuz,joy.corpuz79@sapc.edu.ph,109238470079,Grade 7,Grade 7 - St. Francis,Junior High Department,SAPC@0079!,"Ms. Maria Theresa Cruz, LPT",+63 917 105 623,Mr. Wilfredo Corpuz,Father,parent.109238470079@parent.sapc.edu.ph,+63 918 801 624,Pre-Provisioned (Password Change Required Upon 1st Login)
student,Daniel Salazar,daniel.salazar80@sapc.edu.ph,109238470080,Grade 7,Grade 7 - St. Anthony,Junior High Department,SAPC@0080!,"Ms. Elena Bautista, LPT",+63 917 106 960,Mrs. Elizabeth Salazar,Mother,parent.109238470080@parent.sapc.edu.ph,+63 918 802 961,Pre-Provisioned (Password Change Required Upon 1st Login)
student,Simon Castro,simon.castro81@sapc.edu.ph,109238470081,Grade 7,Grade 7 - St. Anthony,Junior High Department,SAPC@0081!,"Ms. Elena Bautista, LPT",+63 917 108 297,Mr. Victor Castro,Father,parent.109238470081@parent.sapc.edu.ph,+63 918 804 298,Pre-Provisioned (Password Change Required Upon 1st Login)
student,Adrian Lim,adrian.lim82@sapc.edu.ph,109238470082,Grade 7,Grade 7 - St. Anthony,Junior High Department,SAPC@0082!,"Ms. Elena Bautista, LPT",+63 917 109 634,Mrs. Imelda Lim,Mother,parent.109238470082@parent.sapc.edu.ph,+63 918 805 635,Pre-Provisioned (Password Change Required Upon 1st Login)
student,Andrea Gonzales,andrea.gonzales83@sapc.edu.ph,109238470083,Grade 7,Grade 7 - St. Therese,Junior High Department,SAPC@0083!,"Mr. Roberto Santos, LPT",+63 917 110 971,Mr. Gabriel Gonzales,Father,parent.109238470083@parent.sapc.edu.ph,+63 918 806 972,Pre-Provisioned (Password Change Required Upon 1st Login)
student,Trisha San Jose,trisha.san jose84@sapc.edu.ph,109238470084,Grade 7,Grade 7 - St. Bernadette,Junior High Department,SAPC@0084!,"Mr. Carlos Dizon, LPT",+63 917 112 308,Mrs. Bernadette San Jose,Mother,parent.109238470084@parent.sapc.edu.ph,+63 918 808 309,Pre-Provisioned (Password Change Required Upon 1st Login)
student,Cecilia Ocampo,cecilia.ocampo85@sapc.edu.ph,109238470085,Grade 7,Grade 7 - St. Therese,Junior High Department,SAPC@0085!,"Mr. Roberto Santos, LPT",+63 917 113 645,Mr. Manuel Ocampo,Father,parent.109238470085@parent.sapc.edu.ph,+63 918 809 646,Pre-Provisioned (Password Change Required Upon 1st Login)
student,Sebastian Dimaculangan,sebastian.dimaculangan86@sapc.edu.ph,109238470086,Grade 7,Grade 7 - St. Francis,Junior High Department,SAPC@0086!,"Ms. Maria Theresa Cruz, LPT",+63 917 114 982,Mrs. Cristina Dimaculangan,Mother,parent.109238470086@parent.sapc.edu.ph,+63 918 810 983,Pre-Provisioned (Password Change Required Upon 1st Login)
student,Mariel Ocampo,mariel.ocampo87@sapc.edu.ph,109238470087,Grade 7,Grade 7 - St. Therese,Junior High Department,SAPC@0087!,"Mr. Roberto Santos, LPT",+63 917 116 319,Mr. Mario Ocampo,Father,parent.109238470087@parent.sapc.edu.ph,+63 918 812 320,Pre-Provisioned (Password Change Required Upon 1st Login)
student,Lorenzo Alcantara,lorenzo.alcantara88@sapc.edu.ph,109238470088,Grade 7,Grade 7 - St. Bernadette,Junior High Department,SAPC@0088!,"Mr. Carlos Dizon, LPT",+63 917 117 656,Mrs. Lourdes Alcantara,Mother,parent.109238470088@parent.sapc.edu.ph,+63 918 813 657,Pre-Provisioned (Password Change Required Upon 1st Login)
student,Simon Ramos,simon.ramos89@sapc.edu.ph,109238470089,Grade 7,Grade 7 - St. Anthony,Junior High Department,SAPC@0089!,"Ms. Elena Bautista, LPT",+63 917 118 993,Mr. Gerardo Ramos,Father,parent.109238470089@parent.sapc.edu.ph,+63 918 814 994,Pre-Provisioned (Password Change Required Upon 1st Login)
student,Rita Cruz,rita.cruz90@sapc.edu.ph,109238470090,Grade 7,Grade 7 - St. Therese,Junior High Department,SAPC@0090!,"Mr. Roberto Santos, LPT",+63 917 120 330,Mrs. Elena Cruz,Mother,parent.109238470090@parent.sapc.edu.ph,+63 918 816 331,Pre-Provisioned (Password Change Required Upon 1st Login)
student,Cedric Lim,cedric.lim91@sapc.edu.ph,109238470091,Grade 7,Grade 7 - St. Bernadette,Junior High Department,SAPC@0091!,"Mr. Carlos Dizon, LPT",+63 917 121 667,Mr. Ernesto Lim,Father,parent.109238470091@parent.sapc.edu.ph,+63 918 817 668,Pre-Provisioned (Password Change Required Upon 1st Login)
student,Gabriel De Leon,gabriel.de leon92@sapc.edu.ph,109238470092,Grade 7,Grade 7 - St. Bernadette,Junior High Department,SAPC@0092!,"Mr. Carlos Dizon, LPT",+63 917 123 004,Mrs. Maricel De Leon,Mother,parent.109238470092@parent.sapc.edu.ph,+63 918 819 005,Pre-Provisioned (Password Change Required Upon 1st Login)
student,Liza Domingo,liza.domingo93@sapc.edu.ph,109238470093,Grade 7,Grade 7 - St. Therese,Junior High Department,SAPC@0093!,"Mr. Roberto Santos, LPT",+63 917 124 341,Mr. Ferdinand Domingo,Father,parent.109238470093@parent.sapc.edu.ph,+63 918 820 342,Pre-Provisioned (Password Change Required Upon 1st Login)
student,Justin Mercado,justin.mercado94@sapc.edu.ph,109238470094,Grade 7,Grade 7 - St. Anthony,Junior High Department,SAPC@0094!,"Ms. Elena Bautista, LPT",+63 917 125 678,Mrs. Carmela Mercado,Mother,parent.109238470094@parent.sapc.edu.ph,+63 918 821 679,Pre-Provisioned (Password Change Required Upon 1st Login)
student,Angelo Morales,angelo.morales95@sapc.edu.ph,109238470095,Grade 7,Grade 7 - St. Francis,Junior High Department,SAPC@0095!,"Ms. Maria Theresa Cruz, LPT",+63 917 127 015,Mr. Carlos Morales,Father,parent.109238470095@parent.sapc.edu.ph,+63 918 823 016,Pre-Provisioned (Password Change Required Upon 1st Login)
student,Jerome Padilla,jerome.padilla96@sapc.edu.ph,109238470096,Grade 7,Grade 7 - St. Therese,Junior High Department,SAPC@0096!,"Mr. Roberto Santos, LPT",+63 917 128 352,Mrs. Rosalinda Padilla,Mother,parent.109238470096@parent.sapc.edu.ph,+63 918 824 353,Pre-Provisioned (Password Change Required Upon 1st Login)
student,Joshua Salazar,joshua.salazar97@sapc.edu.ph,109238470097,Grade 7,Grade 7 - St. Bernadette,Junior High Department,SAPC@0097!,"Mr. Carlos Dizon, LPT",+63 917 129 689,Mr. Danilo Salazar,Father,parent.109238470097@parent.sapc.edu.ph,+63 918 825 690,Pre-Provisioned (Password Change Required Upon 1st Login)
student,Sofia Soriano,sofia.soriano98@sapc.edu.ph,109238470098,Grade 7,Grade 7 - St. Francis,Junior High Department,SAPC@0098!,"Ms. Maria Theresa Cruz, LPT",+63 917 131 026,Mrs. Josephine Soriano,Mother,parent.109238470098@parent.sapc.edu.ph,+63 918 827 027,Pre-Provisioned (Password Change Required Upon 1st Login)
student,Liza Aquino,liza.aquino99@sapc.edu.ph,109238470099,Grade 7,Grade 7 - St. Francis,Junior High Department,SAPC@0099!,"Ms. Maria Theresa Cruz, LPT",+63 917 132 363,Mr. Reynaldo Aquino,Father,parent.109238470099@parent.sapc.edu.ph,+63 918 828 364,Pre-Provisioned (Password Change Required Upon 1st Login)
student,Justin Aquino,justin.aquino100@sapc.edu.ph,109238470100,Grade 7,Grade 7 - St. Francis,Junior High Department,SAPC@0100!,"Ms. Maria Theresa Cruz, LPT",+63 917 133 700,Mrs. Remedios Aquino,Mother,parent.109238470100@parent.sapc.edu.ph,+63 918 829 701,Pre-Provisioned (Password Change Required Upon 1st Login)
student,Sebastian Aquino,sebastian.aquino101@sapc.edu.ph,109238470101,Grade 7,Grade 7 - St. Anthony,Junior High Department,SAPC@0101!,"Ms. Elena Bautista, LPT",+63 917 135 037,Mr. Renato Aquino,Father,parent.109238470101@parent.sapc.edu.ph,+63 918 831 038,Pre-Provisioned (Password Change Required Upon 1st Login)
student,Lucas Soriano,lucas.soriano102@sapc.edu.ph,109238470102,Grade 7,Grade 7 - St. Francis,Junior High Department,SAPC@0102!,"Ms. Maria Theresa Cruz, LPT",+63 917 136 374,Mrs. Flordeliza Soriano,Mother,parent.109238470102@parent.sapc.edu.ph,+63 918 832 375,Pre-Provisioned (Password Change Required Upon 1st Login)
student,Luis Dimaculangan,luis.dimaculangan103@sapc.edu.ph,109238470103,Grade 7,Grade 7 - St. Francis,Junior High Department,SAPC@0103!,"Ms. Maria Theresa Cruz, LPT",+63 917 137 711,Mr. Rodolfo Dimaculangan,Father,parent.109238470103@parent.sapc.edu.ph,+63 918 833 712,Pre-Provisioned (Password Change Required Upon 1st Login)
student,Emman Reyes,emman.reyes104@sapc.edu.ph,109238470104,Grade 7,Grade 7 - St. Francis,Junior High Department,SAPC@0104!,"Ms. Maria Theresa Cruz, LPT",+63 917 139 048,Mrs. Cynthia Reyes,Mother,parent.109238470104@parent.sapc.edu.ph,+63 918 835 049,Pre-Provisioned (Password Change Required Upon 1st Login)
student,Kathleen Santos,kathleen.santos105@sapc.edu.ph,109238470105,Grade 7,Grade 7 - St. Anthony,Junior High Department,SAPC@0105!,"Ms. Elena Bautista, LPT",+63 917 140 385,Mr. Nestor Santos,Father,parent.109238470105@parent.sapc.edu.ph,+63 918 836 386,Pre-Provisioned (Password Change Required Upon 1st Login)
student,Angela San Jose,angela.san jose106@sapc.edu.ph,109238470106,Grade 7,Grade 7 - St. Francis,Junior High Department,SAPC@0106!,"Ms. Maria Theresa Cruz, LPT",+63 917 141 722,Mrs. Shirley San Jose,Mother,parent.109238470106@parent.sapc.edu.ph,+63 918 837 723,Pre-Provisioned (Password Change Required Upon 1st Login)
student,Clare Castillo,clare.castillo107@sapc.edu.ph,109238470107,Grade 7,Grade 7 - St. Francis,Junior High Department,SAPC@0107!,"Ms. Maria Theresa Cruz, LPT",+63 917 143 059,Mr. Jaime Castillo,Father,parent.109238470107@parent.sapc.edu.ph,+63 918 839 060,Pre-Provisioned (Password Change Required Upon 1st Login)
student,Princess Mae Rivera,princessmae.rivera108@sapc.edu.ph,109238470108,Grade 7,Grade 7 - St. Bernadette,Junior High Department,SAPC@0108!,"Mr. Carlos Dizon, LPT",+63 917 144 396,Mrs. Jennifer Rivera,Mother,parent.109238470108@parent.sapc.edu.ph,+63 918 840 397,Pre-Provisioned (Password Change Required Upon 1st Login)
student,Dominic Villanueva,dominic.villanueva109@sapc.edu.ph,109238470109,Grade 7,Grade 7 - St. Anthony,Junior High Department,SAPC@0109!,"Ms. Elena Bautista, LPT",+63 917 145 733,Mr. Cesar Villanueva,Father,parent.109238470109@parent.sapc.edu.ph,+63 918 841 734,Pre-Provisioned (Password Change Required Upon 1st Login)
student,Angelo Alcantara,angelo.alcantara110@sapc.edu.ph,109238470110,Grade 7,Grade 7 - St. Anthony,Junior High Department,SAPC@0110!,"Ms. Elena Bautista, LPT",+63 917 147 070,Mrs. Grace Alcantara,Mother,parent.109238470110@parent.sapc.edu.ph,+63 918 843 071,Pre-Provisioned (Password Change Required Upon 1st Login)
student,John Carlo De Leon,johncarlo.de leon111@sapc.edu.ph,109238470111,Grade 7,Grade 7 - St. Bernadette,Junior High Department,SAPC@0111!,"Mr. Carlos Dizon, LPT",+63 917 148 407,Mr. Arnel De Leon,Father,parent.109238470111@parent.sapc.edu.ph,+63 918 844 408,Pre-Provisioned (Password Change Required Upon 1st Login)
student,Cedric Torres,cedric.torres112@sapc.edu.ph,109238470112,Grade 7,Grade 7 - St. Bernadette,Junior High Department,SAPC@0112!,"Mr. Carlos Dizon, LPT",+63 917 149 744,Mrs. Gina Torres,Mother,parent.109238470112@parent.sapc.edu.ph,+63 918 845 745,Pre-Provisioned (Password Change Required Upon 1st Login)
student,Faith Santiago,faith.santiago113@sapc.edu.ph,109238470113,Grade 7,Grade 7 - St. Francis,Junior High Department,SAPC@0113!,"Ms. Maria Theresa Cruz, LPT",+63 917 151 081,Mr. Roberto Santiago,Father,parent.109238470113@parent.sapc.edu.ph,+63 918 847 082,Pre-Provisioned (Password Change Required Upon 1st Login)
student,Martin Dela Cruz,martin.dela cruz114@sapc.edu.ph,109238470114,Grade 7,Grade 7 - St. Anthony,Junior High Department,SAPC@0114!,"Ms. Elena Bautista, LPT",+63 917 152 418,Mrs. Teresa Dela Cruz,Mother,parent.109238470114@parent.sapc.edu.ph,+63 918 848 419,Pre-Provisioned (Password Change Required Upon 1st Login)
student,Andrea Pascual,andrea.pascual115@sapc.edu.ph,109238470115,Grade 7,Grade 7 - St. Bernadette,Junior High Department,SAPC@0115!,"Mr. Carlos Dizon, LPT",+63 917 153 755,Mr. Edgardo Pascual,Father,parent.109238470115@parent.sapc.edu.ph,+63 918 849 756,Pre-Provisioned (Password Change Required Upon 1st Login)
student,Benedict Flores,benedict.flores116@sapc.edu.ph,109238470116,Grade 7,Grade 7 - St. Francis,Junior High Department,SAPC@0116!,"Ms. Maria Theresa Cruz, LPT",+63 917 155 092,Mrs. Corazon Flores,Mother,parent.109238470116@parent.sapc.edu.ph,+63 918 851 093,Pre-Provisioned (Password Change Required Upon 1st Login)
student,Carlos Soriano,carlos.soriano117@sapc.edu.ph,109238470117,Grade 7,Grade 7 - St. Therese,Junior High Department,SAPC@0117!,"Mr. Roberto Santos, LPT",+63 917 156 429,Mr. Rolando Soriano,Father,parent.109238470117@parent.sapc.edu.ph,+63 918 852 430,Pre-Provisioned (Password Change Required Upon 1st Login)
student,Vanessa Dizon,vanessa.dizon118@sapc.edu.ph,109238470118,Grade 7,Grade 7 - St. Bernadette,Junior High Department,SAPC@0118!,"Mr. Carlos Dizon, LPT",+63 917 157 766,Mrs. Rowena Dizon,Mother,parent.109238470118@parent.sapc.edu.ph,+63 918 853 767,Pre-Provisioned (Password Change Required Upon 1st Login)
student,Kathryn Villanueva,kathryn.villanueva119@sapc.edu.ph,109238470119,Grade 7,Grade 7 - St. Bernadette,Junior High Department,SAPC@0119!,"Mr. Carlos Dizon, LPT",+63 917 159 103,Mr. Ramon Villanueva,Father,parent.109238470119@parent.sapc.edu.ph,+63 918 855 104,Pre-Provisioned (Password Change Required Upon 1st Login)
student,Karl Lim,karl.lim120@sapc.edu.ph,109238470120,Grade 7,Grade 7 - St. Anthony,Junior High Department,SAPC@0120!,"Ms. Elena Bautista, LPT",+63 917 160 440,Mrs. Lorna Lim,Mother,parent.109238470120@parent.sapc.edu.ph,+63 918 856 441,Pre-Provisioned (Password Change Required Upon 1st Login)
student,Adrian De Leon,adrian.de leon121@sapc.edu.ph,109238470121,Grade 7,Grade 7 - St. Bernadette,Junior High Department,SAPC@0121!,"Mr. Carlos Dizon, LPT",+63 917 161 777,Mr. Antonio De Leon,Father,parent.109238470121@parent.sapc.edu.ph,+63 918 857 778,Pre-Provisioned (Password Change Required Upon 1st Login)
student,Christian Gonzales,christian.gonzales122@sapc.edu.ph,109238470122,Grade 7,Grade 7 - St. Anthony,Junior High Department,SAPC@0122!,"Ms. Elena Bautista, LPT",+63 917 163 114,Mrs. Mary Ann Gonzales,Mother,parent.109238470122@parent.sapc.edu.ph,+63 918 859 115,Pre-Provisioned (Password Change Required Upon 1st Login)
student,Samantha Nicole Castillo,samanthanicole.castillo123@sapc.edu.ph,109238470123,Grade 7,Grade 7 - St. Therese,Junior High Department,SAPC@0123!,"Mr. Roberto Santos, LPT",+63 917 164 451,Mr. Eduardo Castillo,Father,parent.109238470123@parent.sapc.edu.ph,+63 918 860 452,Pre-Provisioned (Password Change Required Upon 1st Login)
student,Rochelle Mercado,rochelle.mercado124@sapc.edu.ph,109238470124,Grade 7,Grade 7 - St. Francis,Junior High Department,SAPC@0124!,"Ms. Maria Theresa Cruz, LPT",+63 917 165 788,Mrs. Jocelyn Mercado,Mother,parent.109238470124@parent.sapc.edu.ph,+63 918 861 789,Pre-Provisioned (Password Change Required Upon 1st Login)
student,Lance Villanueva,lance.villanueva125@sapc.edu.ph,109238470125,Grade 7,Grade 7 - St. Francis,Junior High Department,SAPC@0125!,"Ms. Maria Theresa Cruz, LPT",+63 917 167 125,Mr. Wilfredo Villanueva,Father,parent.109238470125@parent.sapc.edu.ph,+63 918 863 126,Pre-Provisioned (Password Change Required Upon 1st Login)
student,Justin San Jose,justin.san jose126@sapc.edu.ph,109238470126,Grade 8,Grade 8 - St. Dominic,Junior High Department,SAPC@0126!,"Ms. Katrina Salazar, LPT",+63 917 168 462,Mrs. Elizabeth San Jose,Mother,parent.109238470126@parent.sapc.edu.ph,+63 918 864 463,Pre-Provisioned (Password Change Required Upon 1st Login)
student,Cedric Bautista,cedric.bautista127@sapc.edu.ph,109238470127,Grade 8,Grade 8 - St. Benedict,Junior High Department,SAPC@0127!,"Mr. Joseph Morales, LPT",+63 917 169 799,Mr. Victor Bautista,Father,parent.109238470127@parent.sapc.edu.ph,+63 918 865 800,Pre-Provisioned (Password Change Required Upon 1st Login)
student,Maria Clara Manalo,mariaclara.manalo128@sapc.edu.ph,109238470128,Grade 8,Grade 8 - St. Rita,Junior High Department,SAPC@0128!,"Mr. Mark Villanueva, LPT",+63 917 171 136,Mrs. Imelda Manalo,Mother,parent.109238470128@parent.sapc.edu.ph,+63 918 867 137,Pre-Provisioned (Password Change Required Upon 1st Login)
student,Vanessa Dizon,vanessa.dizon129@sapc.edu.ph,109238470129,Grade 8,Grade 8 - St. Rita,Junior High Department,SAPC@0129!,"Mr. Mark Villanueva, LPT",+63 917 172 473,Mr. Gabriel Dizon,Father,parent.109238470129@parent.sapc.edu.ph,+63 918 868 474,Pre-Provisioned (Password Change Required Upon 1st Login)
student,Tristan Morales,tristan.morales130@sapc.edu.ph,109238470130,Grade 8,Grade 8 - St. Clare,Junior High Department,SAPC@0130!,"Ms. Angela Reyes, LPT",+63 917 173 810,Mrs. Bernadette Morales,Mother,parent.109238470130@parent.sapc.edu.ph,+63 918 869 811,Pre-Provisioned (Password Change Required Upon 1st Login)
student,Daniel Dimaculangan,daniel.dimaculangan131@sapc.edu.ph,109238470131,Grade 8,Grade 8 - St. Rita,Junior High Department,SAPC@0131!,"Mr. Mark Villanueva, LPT",+63 917 175 147,Mr. Manuel Dimaculangan,Father,parent.109238470131@parent.sapc.edu.ph,+63 918 871 148,Pre-Provisioned (Password Change Required Upon 1st Login)
student,Therese Santiago,therese.santiago132@sapc.edu.ph,109238470132,Grade 8,Grade 8 - St. Dominic,Junior High Department,SAPC@0132!,"Ms. Katrina Salazar, LPT",+63 917 176 484,Mrs. Cristina Santiago,Mother,parent.109238470132@parent.sapc.edu.ph,+63 918 872 485,Pre-Provisioned (Password Change Required Upon 1st Login)
student,Anthony Rivera,anthony.rivera133@sapc.edu.ph,109238470133,Grade 8,Grade 8 - St. Rita,Junior High Department,SAPC@0133!,"Mr. Mark Villanueva, LPT",+63 917 177 821,Mr. Mario Rivera,Father,parent.109238470133@parent.sapc.edu.ph,+63 918 873 822,Pre-Provisioned (Password Change Required Upon 1st Login)
student,Matthew Valdez,matthew.valdez134@sapc.edu.ph,109238470134,Grade 8,Grade 8 - St. Dominic,Junior High Department,SAPC@0134!,"Ms. Katrina Salazar, LPT",+63 917 179 158,Mrs. Lourdes Valdez,Mother,parent.109238470134@parent.sapc.edu.ph,+63 918 875 159,Pre-Provisioned (Password Change Required Upon 1st Login)
student,Angela Mendoza,angela.mendoza135@sapc.edu.ph,109238470135,Grade 8,Grade 8 - St. Dominic,Junior High Department,SAPC@0135!,"Ms. Katrina Salazar, LPT",+63 917 180 495,Mr. Gerardo Mendoza,Father,parent.109238470135@parent.sapc.edu.ph,+63 918 876 496,Pre-Provisioned (Password Change Required Upon 1st Login)
student,Anthony Cruz,anthony.cruz136@sapc.edu.ph,109238470136,Grade 8,Grade 8 - St. Rita,Junior High Department,SAPC@0136!,"Mr. Mark Villanueva, LPT",+63 917 181 832,Mrs. Elena Cruz,Mother,parent.109238470136@parent.sapc.edu.ph,+63 918 877 833,Pre-Provisioned (Password Change Required Upon 1st Login)
student,Camille Manalo,camille.manalo137@sapc.edu.ph,109238470137,Grade 8,Grade 8 - St. Clare,Junior High Department,SAPC@0137!,"Ms. Angela Reyes, LPT",+63 917 183 169,Mr. Ernesto Manalo,Father,parent.109238470137@parent.sapc.edu.ph,+63 918 879 170,Pre-Provisioned (Password Change Required Upon 1st Login)
student,Elijah Gonzales,elijah.gonzales138@sapc.edu.ph,109238470138,Grade 8,Grade 8 - St. Clare,Junior High Department,SAPC@0138!,"Ms. Angela Reyes, LPT",+63 917 184 506,Mrs. Maricel Gonzales,Mother,parent.109238470138@parent.sapc.edu.ph,+63 918 880 507,Pre-Provisioned (Password Change Required Upon 1st Login)
student,Bianca Dizon,bianca.dizon139@sapc.edu.ph,109238470139,Grade 8,Grade 8 - St. Benedict,Junior High Department,SAPC@0139!,"Mr. Joseph Morales, LPT",+63 917 185 843,Mr. Ferdinand Dizon,Father,parent.109238470139@parent.sapc.edu.ph,+63 918 881 844,Pre-Provisioned (Password Change Required Upon 1st Login)
student,Therese Manalo,therese.manalo140@sapc.edu.ph,109238470140,Grade 8,Grade 8 - St. Benedict,Junior High Department,SAPC@0140!,"Mr. Joseph Morales, LPT",+63 917 187 180,Mrs. Carmela Manalo,Mother,parent.109238470140@parent.sapc.edu.ph,+63 918 883 181,Pre-Provisioned (Password Change Required Upon 1st Login)
student,Simon San Jose,simon.san jose141@sapc.edu.ph,109238470141,Grade 8,Grade 8 - St. Dominic,Junior High Department,SAPC@0141!,"Ms. Katrina Salazar, LPT",+63 917 188 517,Mr. Carlos San Jose,Father,parent.109238470141@parent.sapc.edu.ph,+63 918 884 518,Pre-Provisioned (Password Change Required Upon 1st Login)
student,Patricia Torres,patricia.torres142@sapc.edu.ph,109238470142,Grade 8,Grade 8 - St. Clare,Junior High Department,SAPC@0142!,"Ms. Angela Reyes, LPT",+63 917 189 854,Mrs. Rosalinda Torres,Mother,parent.109238470142@parent.sapc.edu.ph,+63 918 885 855,Pre-Provisioned (Password Change Required Upon 1st Login)
student,Anthony Aquino,anthony.aquino143@sapc.edu.ph,109238470143,Grade 8,Grade 8 - St. Dominic,Junior High Department,SAPC@0143!,"Ms. Katrina Salazar, LPT",+63 917 191 191,Mr. Danilo Aquino,Father,parent.109238470143@parent.sapc.edu.ph,+63 918 887 192,Pre-Provisioned (Password Change Required Upon 1st Login)
student,Clare Castro,clare.castro144@sapc.edu.ph,109238470144,Grade 8,Grade 8 - St. Benedict,Junior High Department,SAPC@0144!,"Mr. Joseph Morales, LPT",+63 917 192 528,Mrs. Josephine Castro,Mother,parent.109238470144@parent.sapc.edu.ph,+63 918 888 529,Pre-Provisioned (Password Change Required Upon 1st Login)
student,Samantha Nicole Castillo,samanthanicole.castillo145@sapc.edu.ph,109238470145,Grade 8,Grade 8 - St. Benedict,Junior High Department,SAPC@0145!,"Mr. Joseph Morales, LPT",+63 917 193 865,Mr. Reynaldo Castillo,Father,parent.109238470145@parent.sapc.edu.ph,+63 918 889 866,Pre-Provisioned (Password Change Required Upon 1st Login)
student,Sebastian Torres,sebastian.torres146@sapc.edu.ph,109238470146,Grade 8,Grade 8 - St. Rita,Junior High Department,SAPC@0146!,"Mr. Mark Villanueva, LPT",+63 917 195 202,Mrs. Remedios Torres,Mother,parent.109238470146@parent.sapc.edu.ph,+63 918 891 203,Pre-Provisioned (Password Change Required Upon 1st Login)
student,Vincent Ocampo,vincent.ocampo147@sapc.edu.ph,109238470147,Grade 8,Grade 8 - St. Benedict,Junior High Department,SAPC@0147!,"Mr. Joseph Morales, LPT",+63 917 196 539,Mr. Renato Ocampo,Father,parent.109238470147@parent.sapc.edu.ph,+63 918 892 540,Pre-Provisioned (Password Change Required Upon 1st Login)
student,Rochelle San Jose,rochelle.san jose148@sapc.edu.ph,109238470148,Grade 8,Grade 8 - St. Clare,Junior High Department,SAPC@0148!,"Ms. Angela Reyes, LPT",+63 917 197 876,Mrs. Flordeliza San Jose,Mother,parent.109238470148@parent.sapc.edu.ph,+63 918 893 877,Pre-Provisioned (Password Change Required Upon 1st Login)
student,Patricia De Leon,patricia.de leon149@sapc.edu.ph,109238470149,Grade 8,Grade 8 - St. Clare,Junior High Department,SAPC@0149!,"Ms. Angela Reyes, LPT",+63 917 199 213,Mr. Rodolfo De Leon,Father,parent.109238470149@parent.sapc.edu.ph,+63 918 895 214,Pre-Provisioned (Password Change Required Upon 1st Login)
student,Joshua Flores,joshua.flores150@sapc.edu.ph,109238470150,Grade 8,Grade 8 - St. Rita,Junior High Department,SAPC@0150!,"Mr. Mark Villanueva, LPT",+63 917 200 550,Mrs. Cynthia Flores,Mother,parent.109238470150@parent.sapc.edu.ph,+63 918 896 551,Pre-Provisioned (Password Change Required Upon 1st Login)
student,Sofia De Leon,sofia.de leon151@sapc.edu.ph,109238470151,Grade 8,Grade 8 - St. Rita,Junior High Department,SAPC@0151!,"Mr. Mark Villanueva, LPT",+63 917 201 887,Mr. Nestor De Leon,Father,parent.109238470151@parent.sapc.edu.ph,+63 918 897 888,Pre-Provisioned (Password Change Required Upon 1st Login)
student,Bea De Leon,bea.de leon152@sapc.edu.ph,109238470152,Grade 8,Grade 8 - St. Benedict,Junior High Department,SAPC@0152!,"Mr. Joseph Morales, LPT",+63 917 203 224,Mrs. Shirley De Leon,Mother,parent.109238470152@parent.sapc.edu.ph,+63 918 899 225,Pre-Provisioned (Password Change Required Upon 1st Login)
student,Justin Alcantara,justin.alcantara153@sapc.edu.ph,109238470153,Grade 8,Grade 8 - St. Dominic,Junior High Department,SAPC@0153!,"Ms. Katrina Salazar, LPT",+63 917 204 561,Mr. Jaime Alcantara,Father,parent.109238470153@parent.sapc.edu.ph,+63 918 900 562,Pre-Provisioned (Password Change Required Upon 1st Login)
student,Kathleen Soriano,kathleen.soriano154@sapc.edu.ph,109238470154,Grade 8,Grade 8 - St. Dominic,Junior High Department,SAPC@0154!,"Ms. Katrina Salazar, LPT",+63 917 205 898,Mrs. Jennifer Soriano,Mother,parent.109238470154@parent.sapc.edu.ph,+63 918 901 899,Pre-Provisioned (Password Change Required Upon 1st Login)
student,Cedric Gonzales,cedric.gonzales155@sapc.edu.ph,109238470155,Grade 8,Grade 8 - St. Dominic,Junior High Department,SAPC@0155!,"Ms. Katrina Salazar, LPT",+63 917 207 235,Mr. Cesar Gonzales,Father,parent.109238470155@parent.sapc.edu.ph,+63 918 903 236,Pre-Provisioned (Password Change Required Upon 1st Login)
student,Sebastian Dimaculangan,sebastian.dimaculangan156@sapc.edu.ph,109238470156,Grade 8,Grade 8 - St. Dominic,Junior High Department,SAPC@0156!,"Ms. Katrina Salazar, LPT",+63 917 208 572,Mrs. Grace Dimaculangan,Mother,parent.109238470156@parent.sapc.edu.ph,+63 918 904 573,Pre-Provisioned (Password Change Required Upon 1st Login)
student,Lucas Domingo,lucas.domingo157@sapc.edu.ph,109238470157,Grade 8,Grade 8 - St. Clare,Junior High Department,SAPC@0157!,"Ms. Angela Reyes, LPT",+63 917 209 909,Mr. Arnel Domingo,Father,parent.109238470157@parent.sapc.edu.ph,+63 918 905 910,Pre-Provisioned (Password Change Required Upon 1st Login)
student,Matthew Cruz,matthew.cruz158@sapc.edu.ph,109238470158,Grade 8,Grade 8 - St. Rita,Junior High Department,SAPC@0158!,"Mr. Mark Villanueva, LPT",+63 917 211 246,Mrs. Gina Cruz,Mother,parent.109238470158@parent.sapc.edu.ph,+63 918 907 247,Pre-Provisioned (Password Change Required Upon 1st Login)
student,Dominic Castro,dominic.castro159@sapc.edu.ph,109238470159,Grade 8,Grade 8 - St. Clare,Junior High Department,SAPC@0159!,"Ms. Angela Reyes, LPT",+63 917 212 583,Mr. Roberto Castro,Father,parent.109238470159@parent.sapc.edu.ph,+63 918 908 584,Pre-Provisioned (Password Change Required Upon 1st Login)
student,Camille Lim,camille.lim160@sapc.edu.ph,109238470160,Grade 8,Grade 8 - St. Rita,Junior High Department,SAPC@0160!,"Mr. Mark Villanueva, LPT",+63 917 213 920,Mrs. Teresa Lim,Mother,parent.109238470160@parent.sapc.edu.ph,+63 918 909 921,Pre-Provisioned (Password Change Required Upon 1st Login)
student,Diego Tolentino,diego.tolentino161@sapc.edu.ph,109238470161,Grade 8,Grade 8 - St. Dominic,Junior High Department,SAPC@0161!,"Ms. Katrina Salazar, LPT",+63 917 215 257,Mr. Edgardo Tolentino,Father,parent.109238470161@parent.sapc.edu.ph,+63 918 911 258,Pre-Provisioned (Password Change Required Upon 1st Login)
student,Matthew Cruz,matthew.cruz162@sapc.edu.ph,109238470162,Grade 8,Grade 8 - St. Benedict,Junior High Department,SAPC@0162!,"Mr. Joseph Morales, LPT",+63 917 216 594,Mrs. Corazon Cruz,Mother,parent.109238470162@parent.sapc.edu.ph,+63 918 912 595,Pre-Provisioned (Password Change Required Upon 1st Login)
student,Chloe Torres,chloe.torres163@sapc.edu.ph,109238470163,Grade 8,Grade 8 - St. Clare,Junior High Department,SAPC@0163!,"Ms. Angela Reyes, LPT",+63 917 217 931,Mr. Rolando Torres,Father,parent.109238470163@parent.sapc.edu.ph,+63 918 913 932,Pre-Provisioned (Password Change Required Upon 1st Login)
student,Daniel Manalo,daniel.manalo164@sapc.edu.ph,109238470164,Grade 8,Grade 8 - St. Dominic,Junior High Department,SAPC@0164!,"Ms. Katrina Salazar, LPT",+63 917 219 268,Mrs. Rowena Manalo,Mother,parent.109238470164@parent.sapc.edu.ph,+63 918 915 269,Pre-Provisioned (Password Change Required Upon 1st Login)
student,Matthew Tolentino,matthew.tolentino165@sapc.edu.ph,109238470165,Grade 8,Grade 8 - St. Benedict,Junior High Department,SAPC@0165!,"Mr. Joseph Morales, LPT",+63 917 220 605,Mr. Ramon Tolentino,Father,parent.109238470165@parent.sapc.edu.ph,+63 918 916 606,Pre-Provisioned (Password Change Required Upon 1st Login)
student,Diego Lim,diego.lim166@sapc.edu.ph,109238470166,Grade 8,Grade 8 - St. Dominic,Junior High Department,SAPC@0166!,"Ms. Katrina Salazar, LPT",+63 917 221 942,Mrs. Lorna Lim,Mother,parent.109238470166@parent.sapc.edu.ph,+63 918 917 943,Pre-Provisioned (Password Change Required Upon 1st Login)
student,Adrian Ramos,adrian.ramos167@sapc.edu.ph,109238470167,Grade 8,Grade 8 - St. Rita,Junior High Department,SAPC@0167!,"Mr. Mark Villanueva, LPT",+63 917 223 279,Mr. Antonio Ramos,Father,parent.109238470167@parent.sapc.edu.ph,+63 918 919 280,Pre-Provisioned (Password Change Required Upon 1st Login)
student,Rochelle Corpuz,rochelle.corpuz168@sapc.edu.ph,109238470168,Grade 8,Grade 8 - St. Clare,Junior High Department,SAPC@0168!,"Ms. Angela Reyes, LPT",+63 917 224 616,Mrs. Mary Ann Corpuz,Mother,parent.109238470168@parent.sapc.edu.ph,+63 918 920 617,Pre-Provisioned (Password Change Required Upon 1st Login)
student,Samantha Nicole Villanueva,samanthanicole.villanueva169@sapc.edu.ph,109238470169,Grade 8,Grade 8 - St. Clare,Junior High Department,SAPC@0169!,"Ms. Angela Reyes, LPT",+63 917 225 953,Mr. Eduardo Villanueva,Father,parent.109238470169@parent.sapc.edu.ph,+63 918 921 954,Pre-Provisioned (Password Change Required Upon 1st Login)
student,Martin Dela Cruz,martin.dela cruz170@sapc.edu.ph,109238470170,Grade 8,Grade 8 - St. Clare,Junior High Department,SAPC@0170!,"Ms. Angela Reyes, LPT",+63 917 227 290,Mrs. Jocelyn Dela Cruz,Mother,parent.109238470170@parent.sapc.edu.ph,+63 918 923 291,Pre-Provisioned (Password Change Required Upon 1st Login)
student,Trisha Padilla,trisha.padilla171@sapc.edu.ph,109238470171,Grade 8,Grade 8 - St. Clare,Junior High Department,SAPC@0171!,"Ms. Angela Reyes, LPT",+63 917 228 627,Mr. Wilfredo Padilla,Father,parent.109238470171@parent.sapc.edu.ph,+63 918 924 628,Pre-Provisioned (Password Change Required Upon 1st Login)
student,Miguel Castillo,miguel.castillo172@sapc.edu.ph,109238470172,Grade 8,Grade 8 - St. Benedict,Junior High Department,SAPC@0172!,"Mr. Joseph Morales, LPT",+63 917 229 964,Mrs. Elizabeth Castillo,Mother,parent.109238470172@parent.sapc.edu.ph,+63 918 925 965,Pre-Provisioned (Password Change Required Upon 1st Login)
student,Jose Reyes,jose.reyes173@sapc.edu.ph,109238470173,Grade 8,Grade 8 - St. Rita,Junior High Department,SAPC@0173!,"Mr. Mark Villanueva, LPT",+63 917 231 301,Mr. Victor Reyes,Father,parent.109238470173@parent.sapc.edu.ph,+63 918 927 302,Pre-Provisioned (Password Change Required Upon 1st Login)
student,Lorenzo Ramos,lorenzo.ramos174@sapc.edu.ph,109238470174,Grade 8,Grade 8 - St. Benedict,Junior High Department,SAPC@0174!,"Mr. Joseph Morales, LPT",+63 917 232 638,Mrs. Imelda Ramos,Mother,parent.109238470174@parent.sapc.edu.ph,+63 918 928 639,Pre-Provisioned (Password Change Required Upon 1st Login)
student,Matthew Domingo,matthew.domingo175@sapc.edu.ph,109238470175,Grade 8,Grade 8 - St. Rita,Junior High Department,SAPC@0175!,"Mr. Mark Villanueva, LPT",+63 917 233 975,Mr. Gabriel Domingo,Father,parent.109238470175@parent.sapc.edu.ph,+63 918 929 976,Pre-Provisioned (Password Change Required Upon 1st Login)
student,Jasmine Cruz,jasmine.cruz176@sapc.edu.ph,109238470176,Grade 8,Grade 8 - St. Clare,Junior High Department,SAPC@0176!,"Ms. Angela Reyes, LPT",+63 917 235 312,Mrs. Bernadette Cruz,Mother,parent.109238470176@parent.sapc.edu.ph,+63 918 931 313,Pre-Provisioned (Password Change Required Upon 1st Login)
student,Angelica Ocampo,angelica.ocampo177@sapc.edu.ph,109238470177,Grade 8,Grade 8 - St. Clare,Junior High Department,SAPC@0177!,"Ms. Angela Reyes, LPT",+63 917 236 649,Mr. Manuel Ocampo,Father,parent.109238470177@parent.sapc.edu.ph,+63 918 932 650,Pre-Provisioned (Password Change Required Upon 1st Login)
student,Janine Mendoza,janine.mendoza178@sapc.edu.ph,109238470178,Grade 8,Grade 8 - St. Rita,Junior High Department,SAPC@0178!,"Mr. Mark Villanueva, LPT",+63 917 237 986,Mrs. Cristina Mendoza,Mother,parent.109238470178@parent.sapc.edu.ph,+63 918 933 987,Pre-Provisioned (Password Change Required Upon 1st Login)
student,Clarisse Reyes,clarisse.reyes179@sapc.edu.ph,109238470179,Grade 8,Grade 8 - St. Dominic,Junior High Department,SAPC@0179!,"Ms. Katrina Salazar, LPT",+63 917 239 323,Mr. Mario Reyes,Father,parent.109238470179@parent.sapc.edu.ph,+63 918 935 324,Pre-Provisioned (Password Change Required Upon 1st Login)
student,Adrian Garcia,adrian.garcia180@sapc.edu.ph,109238470180,Grade 8,Grade 8 - St. Clare,Junior High Department,SAPC@0180!,"Ms. Angela Reyes, LPT",+63 917 240 660,Mrs. Lourdes Garcia,Mother,parent.109238470180@parent.sapc.edu.ph,+63 918 936 661,Pre-Provisioned (Password Change Required Upon 1st Login)
student,Patricia De Leon,patricia.de leon181@sapc.edu.ph,109238470181,Grade 8,Grade 8 - St. Clare,Junior High Department,SAPC@0181!,"Ms. Angela Reyes, LPT",+63 917 241 997,Mr. Gerardo De Leon,Father,parent.109238470181@parent.sapc.edu.ph,+63 918 937 998,Pre-Provisioned (Password Change Required Upon 1st Login)
student,Kathryn Castro,kathryn.castro182@sapc.edu.ph,109238470182,Grade 8,Grade 8 - St. Dominic,Junior High Department,SAPC@0182!,"Ms. Katrina Salazar, LPT",+63 917 243 334,Mrs. Elena Castro,Mother,parent.109238470182@parent.sapc.edu.ph,+63 918 939 335,Pre-Provisioned (Password Change Required Upon 1st Login)
student,Kathryn Tolentino,kathryn.tolentino183@sapc.edu.ph,109238470183,Grade 8,Grade 8 - St. Dominic,Junior High Department,SAPC@0183!,"Ms. Katrina Salazar, LPT",+63 917 244 671,Mr. Ernesto Tolentino,Father,parent.109238470183@parent.sapc.edu.ph,+63 918 940 672,Pre-Provisioned (Password Change Required Upon 1st Login)
student,Justin Ramos,justin.ramos184@sapc.edu.ph,109238470184,Grade 8,Grade 8 - St. Benedict,Junior High Department,SAPC@0184!,"Mr. Joseph Morales, LPT",+63 917 246 008,Mrs. Maricel Ramos,Mother,parent.109238470184@parent.sapc.edu.ph,+63 918 942 009,Pre-Provisioned (Password Change Required Upon 1st Login)
student,Cecilia Mendoza,cecilia.mendoza185@sapc.edu.ph,109238470185,Grade 8,Grade 8 - St. Benedict,Junior High Department,SAPC@0185!,"Mr. Joseph Morales, LPT",+63 917 247 345,Mr. Ferdinand Mendoza,Father,parent.109238470185@parent.sapc.edu.ph,+63 918 943 346,Pre-Provisioned (Password Change Required Upon 1st Login)
student,Lorenzo Santos,lorenzo.santos186@sapc.edu.ph,109238470186,Grade 8,Grade 8 - St. Rita,Junior High Department,SAPC@0186!,"Mr. Mark Villanueva, LPT",+63 917 248 682,Mrs. Carmela Santos,Mother,parent.109238470186@parent.sapc.edu.ph,+63 918 944 683,Pre-Provisioned (Password Change Required Upon 1st Login)
student,Camille Dela Cruz,camille.dela cruz187@sapc.edu.ph,109238470187,Grade 8,Grade 8 - St. Rita,Junior High Department,SAPC@0187!,"Mr. Mark Villanueva, LPT",+63 917 250 019,Mr. Carlos Dela Cruz,Father,parent.109238470187@parent.sapc.edu.ph,+63 918 946 020,Pre-Provisioned (Password Change Required Upon 1st Login)
student,Francis Lim,francis.lim188@sapc.edu.ph,109238470188,Grade 8,Grade 8 - St. Dominic,Junior High Department,SAPC@0188!,"Ms. Katrina Salazar, LPT",+63 917 251 356,Mrs. Rosalinda Lim,Mother,parent.109238470188@parent.sapc.edu.ph,+63 918 947 357,Pre-Provisioned (Password Change Required Upon 1st Login)
student,Lance Garcia,lance.garcia189@sapc.edu.ph,109238470189,Grade 8,Grade 8 - St. Dominic,Junior High Department,SAPC@0189!,"Ms. Katrina Salazar, LPT",+63 917 252 693,Mr. Danilo Garcia,Father,parent.109238470189@parent.sapc.edu.ph,+63 918 948 694,Pre-Provisioned (Password Change Required Upon 1st Login)
student,Paolo Torres,paolo.torres190@sapc.edu.ph,109238470190,Grade 8,Grade 8 - St. Dominic,Junior High Department,SAPC@0190!,"Ms. Katrina Salazar, LPT",+63 917 254 030,Mrs. Josephine Torres,Mother,parent.109238470190@parent.sapc.edu.ph,+63 918 950 031,Pre-Provisioned (Password Change Required Upon 1st Login)
student,Angela Navarro,angela.navarro191@sapc.edu.ph,109238470191,Grade 8,Grade 8 - St. Rita,Junior High Department,SAPC@0191!,"Mr. Mark Villanueva, LPT",+63 917 255 367,Mr. Reynaldo Navarro,Father,parent.109238470191@parent.sapc.edu.ph,+63 918 951 368,Pre-Provisioned (Password Change Required Upon 1st Login)
student,Andrea Mendoza,andrea.mendoza192@sapc.edu.ph,109238470192,Grade 8,Grade 8 - St. Rita,Junior High Department,SAPC@0192!,"Mr. Mark Villanueva, LPT",+63 917 256 704,Mrs. Remedios Mendoza,Mother,parent.109238470192@parent.sapc.edu.ph,+63 918 952 705,Pre-Provisioned (Password Change Required Upon 1st Login)
student,Grace Manalo,grace.manalo193@sapc.edu.ph,109238470193,Grade 8,Grade 8 - St. Clare,Junior High Department,SAPC@0193!,"Ms. Angela Reyes, LPT",+63 917 258 041,Mr. Renato Manalo,Father,parent.109238470193@parent.sapc.edu.ph,+63 918 954 042,Pre-Provisioned (Password Change Required Upon 1st Login)
student,Camille Santos,camille.santos194@sapc.edu.ph,109238470194,Grade 8,Grade 8 - St. Clare,Junior High Department,SAPC@0194!,"Ms. Angela Reyes, LPT",+63 917 259 378,Mrs. Flordeliza Santos,Mother,parent.109238470194@parent.sapc.edu.ph,+63 918 955 379,Pre-Provisioned (Password Change Required Upon 1st Login)
student,Rafael Corpuz,rafael.corpuz195@sapc.edu.ph,109238470195,Grade 8,Grade 8 - St. Clare,Junior High Department,SAPC@0195!,"Ms. Angela Reyes, LPT",+63 917 260 715,Mr. Rodolfo Corpuz,Father,parent.109238470195@parent.sapc.edu.ph,+63 918 956 716,Pre-Provisioned (Password Change Required Upon 1st Login)
student,Angelica Soriano,angelica.soriano196@sapc.edu.ph,109238470196,Grade 8,Grade 8 - St. Dominic,Junior High Department,SAPC@0196!,"Ms. Katrina Salazar, LPT",+63 917 262 052,Mrs. Cynthia Soriano,Mother,parent.109238470196@parent.sapc.edu.ph,+63 918 958 053,Pre-Provisioned (Password Change Required Upon 1st Login)
student,Andrea Cruz,andrea.cruz197@sapc.edu.ph,109238470197,Grade 8,Grade 8 - St. Clare,Junior High Department,SAPC@0197!,"Ms. Angela Reyes, LPT",+63 917 263 389,Mr. Nestor Cruz,Father,parent.109238470197@parent.sapc.edu.ph,+63 918 959 390,Pre-Provisioned (Password Change Required Upon 1st Login)
student,Joy Padilla,joy.padilla198@sapc.edu.ph,109238470198,Grade 8,Grade 8 - St. Dominic,Junior High Department,SAPC@0198!,"Ms. Katrina Salazar, LPT",+63 917 264 726,Mrs. Shirley Padilla,Mother,parent.109238470198@parent.sapc.edu.ph,+63 918 960 727,Pre-Provisioned (Password Change Required Upon 1st Login)
student,Clarisse De Leon,clarisse.de leon199@sapc.edu.ph,109238470199,Grade 8,Grade 8 - St. Benedict,Junior High Department,SAPC@0199!,"Mr. Joseph Morales, LPT",+63 917 266 063,Mr. Jaime De Leon,Father,parent.109238470199@parent.sapc.edu.ph,+63 918 962 064,Pre-Provisioned (Password Change Required Upon 1st Login)
student,Lorenzo Reyes,lorenzo.reyes200@sapc.edu.ph,109238470200,Grade 8,Grade 8 - St. Clare,Junior High Department,SAPC@0200!,"Ms. Angela Reyes, LPT",+63 917 267 400,Mrs. Jennifer Reyes,Mother,parent.109238470200@parent.sapc.edu.ph,+63 918 963 401,Pre-Provisioned (Password Change Required Upon 1st Login)
student,Therese Soriano,therese.soriano201@sapc.edu.ph,109238470201,Grade 8,Grade 8 - St. Dominic,Junior High Department,SAPC@0201!,"Ms. Katrina Salazar, LPT",+63 917 268 737,Mr. Cesar Soriano,Father,parent.109238470201@parent.sapc.edu.ph,+63 918 964 738,Pre-Provisioned (Password Change Required Upon 1st Login)
student,Jerome Padilla,jerome.padilla202@sapc.edu.ph,109238470202,Grade 8,Grade 8 - St. Benedict,Junior High Department,SAPC@0202!,"Mr. Joseph Morales, LPT",+63 917 270 074,Mrs. Grace Padilla,Mother,parent.109238470202@parent.sapc.edu.ph,+63 918 966 075,Pre-Provisioned (Password Change Required Upon 1st Login)
student,Carlos Santos,carlos.santos203@sapc.edu.ph,109238470203,Grade 8,Grade 8 - St. Clare,Junior High Department,SAPC@0203!,"Ms. Angela Reyes, LPT",+63 917 271 411,Mr. Arnel Santos,Father,parent.109238470203@parent.sapc.edu.ph,+63 918 967 412,Pre-Provisioned (Password Change Required Upon 1st Login)
student,Adrian Flores,adrian.flores204@sapc.edu.ph,109238470204,Grade 8,Grade 8 - St. Benedict,Junior High Department,SAPC@0204!,"Mr. Joseph Morales, LPT",+63 917 272 748,Mrs. Gina Flores,Mother,parent.109238470204@parent.sapc.edu.ph,+63 918 968 749,Pre-Provisioned (Password Change Required Upon 1st Login)
student,Lance Valdez,lance.valdez205@sapc.edu.ph,109238470205,Grade 8,Grade 8 - St. Benedict,Junior High Department,SAPC@0205!,"Mr. Joseph Morales, LPT",+63 917 274 085,Mr. Roberto Valdez,Father,parent.109238470205@parent.sapc.edu.ph,+63 918 970 086,Pre-Provisioned (Password Change Required Upon 1st Login)
student,Bianca Torres,bianca.torres206@sapc.edu.ph,109238470206,Grade 8,Grade 8 - St. Clare,Junior High Department,SAPC@0206!,"Ms. Angela Reyes, LPT",+63 917 275 422,Mrs. Teresa Torres,Mother,parent.109238470206@parent.sapc.edu.ph,+63 918 971 423,Pre-Provisioned (Password Change Required Upon 1st Login)
student,Anthony Bautista,anthony.bautista207@sapc.edu.ph,109238470207,Grade 8,Grade 8 - St. Benedict,Junior High Department,SAPC@0207!,"Mr. Joseph Morales, LPT",+63 917 276 759,Mr. Edgardo Bautista,Father,parent.109238470207@parent.sapc.edu.ph,+63 918 972 760,Pre-Provisioned (Password Change Required Upon 1st Login)
student,Anthony Aquino,anthony.aquino208@sapc.edu.ph,109238470208,Grade 8,Grade 8 - St. Dominic,Junior High Department,SAPC@0208!,"Ms. Katrina Salazar, LPT",+63 917 278 096,Mrs. Corazon Aquino,Mother,parent.109238470208@parent.sapc.edu.ph,+63 918 974 097,Pre-Provisioned (Password Change Required Upon 1st Login)
student,Elijah Manalo,elijah.manalo209@sapc.edu.ph,109238470209,Grade 8,Grade 8 - St. Dominic,Junior High Department,SAPC@0209!,"Ms. Katrina Salazar, LPT",+63 917 279 433,Mr. Rolando Manalo,Father,parent.109238470209@parent.sapc.edu.ph,+63 918 975 434,Pre-Provisioned (Password Change Required Upon 1st Login)
student,Therese Navarro,therese.navarro210@sapc.edu.ph,109238470210,Grade 8,Grade 8 - St. Rita,Junior High Department,SAPC@0210!,"Mr. Mark Villanueva, LPT",+63 917 280 770,Mrs. Rowena Navarro,Mother,parent.109238470210@parent.sapc.edu.ph,+63 918 976 771,Pre-Provisioned (Password Change Required Upon 1st Login)
student,Tristan Villanueva,tristan.villanueva211@sapc.edu.ph,109238470211,Grade 8,Grade 8 - St. Dominic,Junior High Department,SAPC@0211!,"Ms. Katrina Salazar, LPT",+63 917 282 107,Mr. Ramon Villanueva,Father,parent.109238470211@parent.sapc.edu.ph,+63 918 978 108,Pre-Provisioned (Password Change Required Upon 1st Login)
student,Angelica Padilla,angelica.padilla212@sapc.edu.ph,109238470212,Grade 8,Grade 8 - St. Rita,Junior High Department,SAPC@0212!,"Mr. Mark Villanueva, LPT",+63 917 283 444,Mrs. Lorna Padilla,Mother,parent.109238470212@parent.sapc.edu.ph,+63 918 979 445,Pre-Provisioned (Password Change Required Upon 1st Login)
student,Angelo Bautista,angelo.bautista213@sapc.edu.ph,109238470213,Grade 8,Grade 8 - St. Dominic,Junior High Department,SAPC@0213!,"Ms. Katrina Salazar, LPT",+63 917 284 781,Mr. Antonio Bautista,Father,parent.109238470213@parent.sapc.edu.ph,+63 918 980 782,Pre-Provisioned (Password Change Required Upon 1st Login)
student,Lorenzo Aquino,lorenzo.aquino214@sapc.edu.ph,109238470214,Grade 8,Grade 8 - St. Dominic,Junior High Department,SAPC@0214!,"Ms. Katrina Salazar, LPT",+63 917 286 118,Mrs. Mary Ann Aquino,Mother,parent.109238470214@parent.sapc.edu.ph,+63 918 982 119,Pre-Provisioned (Password Change Required Upon 1st Login)
student,Grace Pascual,grace.pascual215@sapc.edu.ph,109238470215,Grade 8,Grade 8 - St. Benedict,Junior High Department,SAPC@0215!,"Mr. Joseph Morales, LPT",+63 917 287 455,Mr. Eduardo Pascual,Father,parent.109238470215@parent.sapc.edu.ph,+63 918 983 456,Pre-Provisioned (Password Change Required Upon 1st Login)
student,Miguel Cruz,miguel.cruz216@sapc.edu.ph,109238470216,Grade 8,Grade 8 - St. Rita,Junior High Department,SAPC@0216!,"Mr. Mark Villanueva, LPT",+63 917 288 792,Mrs. Jocelyn Cruz,Mother,parent.109238470216@parent.sapc.edu.ph,+63 918 984 793,Pre-Provisioned (Password Change Required Upon 1st Login)
student,Karl Santiago,karl.santiago217@sapc.edu.ph,109238470217,Grade 8,Grade 8 - St. Benedict,Junior High Department,SAPC@0217!,"Mr. Joseph Morales, LPT",+63 917 290 129,Mr. Wilfredo Santiago,Father,parent.109238470217@parent.sapc.edu.ph,+63 918 986 130,Pre-Provisioned (Password Change Required Upon 1st Login)
student,Joshua Padilla,joshua.padilla218@sapc.edu.ph,109238470218,Grade 8,Grade 8 - St. Rita,Junior High Department,SAPC@0218!,"Mr. Mark Villanueva, LPT",+63 917 291 466,Mrs. Elizabeth Padilla,Mother,parent.109238470218@parent.sapc.edu.ph,+63 918 987 467,Pre-Provisioned (Password Change Required Upon 1st Login)
student,Rafael Villanueva,rafael.villanueva219@sapc.edu.ph,109238470219,Grade 8,Grade 8 - St. Dominic,Junior High Department,SAPC@0219!,"Ms. Katrina Salazar, LPT",+63 917 292 803,Mr. Victor Villanueva,Father,parent.109238470219@parent.sapc.edu.ph,+63 918 988 804,Pre-Provisioned (Password Change Required Upon 1st Login)
student,Camille Domingo,camille.domingo220@sapc.edu.ph,109238470220,Grade 8,Grade 8 - St. Rita,Junior High Department,SAPC@0220!,"Mr. Mark Villanueva, LPT",+63 917 294 140,Mrs. Imelda Domingo,Mother,parent.109238470220@parent.sapc.edu.ph,+63 918 990 141,Pre-Provisioned (Password Change Required Upon 1st Login)
student,Erika Dimaculangan,erika.dimaculangan221@sapc.edu.ph,109238470221,Grade 8,Grade 8 - St. Rita,Junior High Department,SAPC@0221!,"Mr. Mark Villanueva, LPT",+63 917 295 477,Mr. Gabriel Dimaculangan,Father,parent.109238470221@parent.sapc.edu.ph,+63 918 991 478,Pre-Provisioned (Password Change Required Upon 1st Login)
student,Matthew Ocampo,matthew.ocampo222@sapc.edu.ph,109238470222,Grade 8,Grade 8 - St. Benedict,Junior High Department,SAPC@0222!,"Mr. Joseph Morales, LPT",+63 917 296 814,Mrs. Bernadette Ocampo,Mother,parent.109238470222@parent.sapc.edu.ph,+63 918 992 815,Pre-Provisioned (Password Change Required Upon 1st Login)
student,Alyssa Rivera,alyssa.rivera223@sapc.edu.ph,109238470223,Grade 8,Grade 8 - St. Rita,Junior High Department,SAPC@0223!,"Mr. Mark Villanueva, LPT",+63 917 298 151,Mr. Manuel Rivera,Father,parent.109238470223@parent.sapc.edu.ph,+63 918 994 152,Pre-Provisioned (Password Change Required Upon 1st Login)
student,Sebastian Villanueva,sebastian.villanueva224@sapc.edu.ph,109238470224,Grade 8,Grade 8 - St. Clare,Junior High Department,SAPC@0224!,"Ms. Angela Reyes, LPT",+63 917 299 488,Mrs. Cristina Villanueva,Mother,parent.109238470224@parent.sapc.edu.ph,+63 918 995 489,Pre-Provisioned (Password Change Required Upon 1st Login)
student,Cecilia Mercado,cecilia.mercado225@sapc.edu.ph,109238470225,Grade 8,Grade 8 - St. Rita,Junior High Department,SAPC@0225!,"Mr. Mark Villanueva, LPT",+63 917 300 825,Mr. Mario Mercado,Father,parent.109238470225@parent.sapc.edu.ph,+63 918 996 826,Pre-Provisioned (Password Change Required Upon 1st Login)
student,Jerome Reyes,jerome.reyes226@sapc.edu.ph,109238470226,Grade 8,Grade 8 - St. Rita,Junior High Department,SAPC@0226!,"Mr. Mark Villanueva, LPT",+63 917 302 162,Mrs. Lourdes Reyes,Mother,parent.109238470226@parent.sapc.edu.ph,+63 918 998 163,Pre-Provisioned (Password Change Required Upon 1st Login)
student,Francis Ocampo,francis.ocampo227@sapc.edu.ph,109238470227,Grade 8,Grade 8 - St. Benedict,Junior High Department,SAPC@0227!,"Mr. Joseph Morales, LPT",+63 917 303 499,Mr. Gerardo Ocampo,Father,parent.109238470227@parent.sapc.edu.ph,+63 918 999 500,Pre-Provisioned (Password Change Required Upon 1st Login)
student,Joshua Santiago,joshua.santiago228@sapc.edu.ph,109238470228,Grade 8,Grade 8 - St. Dominic,Junior High Department,SAPC@0228!,"Ms. Katrina Salazar, LPT",+63 917 304 836,Mrs. Elena Santiago,Mother,parent.109238470228@parent.sapc.edu.ph,+63 919 000 837,Pre-Provisioned (Password Change Required Upon 1st Login)
student,Mark Mendoza,mark.mendoza229@sapc.edu.ph,109238470229,Grade 8,Grade 8 - St. Dominic,Junior High Department,SAPC@0229!,"Ms. Katrina Salazar, LPT",+63 917 306 173,Mr. Ernesto Mendoza,Father,parent.109238470229@parent.sapc.edu.ph,+63 919 002 174,Pre-Provisioned (Password Change Required Upon 1st Login)
student,Chloe Navarro,chloe.navarro230@sapc.edu.ph,109238470230,Grade 8,Grade 8 - St. Rita,Junior High Department,SAPC@0230!,"Mr. Mark Villanueva, LPT",+63 917 307 510,Mrs. Maricel Navarro,Mother,parent.109238470230@parent.sapc.edu.ph,+63 919 003 511,Pre-Provisioned (Password Change Required Upon 1st Login)
student,Faith Navarro,faith.navarro231@sapc.edu.ph,109238470231,Grade 8,Grade 8 - St. Benedict,Junior High Department,SAPC@0231!,"Mr. Joseph Morales, LPT",+63 917 308 847,Mr. Ferdinand Navarro,Father,parent.109238470231@parent.sapc.edu.ph,+63 919 004 848,Pre-Provisioned (Password Change Required Upon 1st Login)
student,Nathan Torres,nathan.torres232@sapc.edu.ph,109238470232,Grade 8,Grade 8 - St. Dominic,Junior High Department,SAPC@0232!,"Ms. Katrina Salazar, LPT",+63 917 310 184,Mrs. Carmela Torres,Mother,parent.109238470232@parent.sapc.edu.ph,+63 919 006 185,Pre-Provisioned (Password Change Required Upon 1st Login)
student,Andrea Ramos,andrea.ramos233@sapc.edu.ph,109238470233,Grade 8,Grade 8 - St. Benedict,Junior High Department,SAPC@0233!,"Mr. Joseph Morales, LPT",+63 917 311 521,Mr. Carlos Ramos,Father,parent.109238470233@parent.sapc.edu.ph,+63 919 007 522,Pre-Provisioned (Password Change Required Upon 1st Login)
student,Elijah Lim,elijah.lim234@sapc.edu.ph,109238470234,Grade 8,Grade 8 - St. Rita,Junior High Department,SAPC@0234!,"Mr. Mark Villanueva, LPT",+63 917 312 858,Mrs. Rosalinda Lim,Mother,parent.109238470234@parent.sapc.edu.ph,+63 919 008 859,Pre-Provisioned (Password Change Required Upon 1st Login)
student,Andrea Rivera,andrea.rivera235@sapc.edu.ph,109238470235,Grade 8,Grade 8 - St. Dominic,Junior High Department,SAPC@0235!,"Ms. Katrina Salazar, LPT",+63 917 314 195,Mr. Danilo Rivera,Father,parent.109238470235@parent.sapc.edu.ph,+63 919 010 196,Pre-Provisioned (Password Change Required Upon 1st Login)
student,Mariel Rivera,mariel.rivera236@sapc.edu.ph,109238470236,Grade 8,Grade 8 - St. Rita,Junior High Department,SAPC@0236!,"Mr. Mark Villanueva, LPT",+63 917 315 532,Mrs. Josephine Rivera,Mother,parent.109238470236@parent.sapc.edu.ph,+63 919 011 533,Pre-Provisioned (Password Change Required Upon 1st Login)
student,Vincent Santiago,vincent.santiago237@sapc.edu.ph,109238470237,Grade 8,Grade 8 - St. Benedict,Junior High Department,SAPC@0237!,"Mr. Joseph Morales, LPT",+63 917 316 869,Mr. Reynaldo Santiago,Father,parent.109238470237@parent.sapc.edu.ph,+63 919 012 870,Pre-Provisioned (Password Change Required Upon 1st Login)
student,Diego Pascual,diego.pascual238@sapc.edu.ph,109238470238,Grade 8,Grade 8 - St. Clare,Junior High Department,SAPC@0238!,"Ms. Angela Reyes, LPT",+63 917 318 206,Mrs. Remedios Pascual,Mother,parent.109238470238@parent.sapc.edu.ph,+63 919 014 207,Pre-Provisioned (Password Change Required Upon 1st Login)
student,Benedict Rivera,benedict.rivera239@sapc.edu.ph,109238470239,Grade 8,Grade 8 - St. Benedict,Junior High Department,SAPC@0239!,"Mr. Joseph Morales, LPT",+63 917 319 543,Mr. Renato Rivera,Father,parent.109238470239@parent.sapc.edu.ph,+63 919 015 544,Pre-Provisioned (Password Change Required Upon 1st Login)
student,Janine Domingo,janine.domingo240@sapc.edu.ph,109238470240,Grade 8,Grade 8 - St. Dominic,Junior High Department,SAPC@0240!,"Ms. Katrina Salazar, LPT",+63 917 320 880,Mrs. Flordeliza Domingo,Mother,parent.109238470240@parent.sapc.edu.ph,+63 919 016 881,Pre-Provisioned (Password Change Required Upon 1st Login)
student,Benedict Padilla,benedict.padilla241@sapc.edu.ph,109238470241,Grade 8,Grade 8 - St. Clare,Junior High Department,SAPC@0241!,"Ms. Angela Reyes, LPT",+63 917 322 217,Mr. Rodolfo Padilla,Father,parent.109238470241@parent.sapc.edu.ph,+63 919 018 218,Pre-Provisioned (Password Change Required Upon 1st Login)
student,Joy Salazar,joy.salazar242@sapc.edu.ph,109238470242,Grade 8,Grade 8 - St. Benedict,Junior High Department,SAPC@0242!,"Mr. Joseph Morales, LPT",+63 917 323 554,Mrs. Cynthia Salazar,Mother,parent.109238470242@parent.sapc.edu.ph,+63 919 019 555,Pre-Provisioned (Password Change Required Upon 1st Login)
student,Francis Bautista,francis.bautista243@sapc.edu.ph,109238470243,Grade 8,Grade 8 - St. Benedict,Junior High Department,SAPC@0243!,"Mr. Joseph Morales, LPT",+63 917 324 891,Mr. Nestor Bautista,Father,parent.109238470243@parent.sapc.edu.ph,+63 919 020 892,Pre-Provisioned (Password Change Required Upon 1st Login)
student,Emman Ramos,emman.ramos244@sapc.edu.ph,109238470244,Grade 8,Grade 8 - St. Benedict,Junior High Department,SAPC@0244!,"Mr. Joseph Morales, LPT",+63 917 326 228,Mrs. Shirley Ramos,Mother,parent.109238470244@parent.sapc.edu.ph,+63 919 022 229,Pre-Provisioned (Password Change Required Upon 1st Login)
student,Cedric Corpuz,cedric.corpuz245@sapc.edu.ph,109238470245,Grade 8,Grade 8 - St. Benedict,Junior High Department,SAPC@0245!,"Mr. Joseph Morales, LPT",+63 917 327 565,Mr. Jaime Corpuz,Father,parent.109238470245@parent.sapc.edu.ph,+63 919 023 566,Pre-Provisioned (Password Change Required Upon 1st Login)
student,Simon Garcia,simon.garcia246@sapc.edu.ph,109238470246,Grade 8,Grade 8 - St. Dominic,Junior High Department,SAPC@0246!,"Ms. Katrina Salazar, LPT",+63 917 328 902,Mrs. Jennifer Garcia,Mother,parent.109238470246@parent.sapc.edu.ph,+63 919 024 903,Pre-Provisioned (Password Change Required Upon 1st Login)
student,Justin Padilla,justin.padilla247@sapc.edu.ph,109238470247,Grade 8,Grade 8 - St. Rita,Junior High Department,SAPC@0247!,"Mr. Mark Villanueva, LPT",+63 917 330 239,Mr. Cesar Padilla,Father,parent.109238470247@parent.sapc.edu.ph,+63 919 026 240,Pre-Provisioned (Password Change Required Upon 1st Login)
student,John Carlo Dela Cruz,johncarlo.dela cruz248@sapc.edu.ph,109238470248,Grade 8,Grade 8 - St. Clare,Junior High Department,SAPC@0248!,"Ms. Angela Reyes, LPT",+63 917 331 576,Mrs. Grace Dela Cruz,Mother,parent.109238470248@parent.sapc.edu.ph,+63 919 027 577,Pre-Provisioned (Password Change Required Upon 1st Login)
student,Alyssa Santiago,alyssa.santiago249@sapc.edu.ph,109238470249,Grade 8,Grade 8 - St. Rita,Junior High Department,SAPC@0249!,"Mr. Mark Villanueva, LPT",+63 917 332 913,Mr. Arnel Santiago,Father,parent.109238470249@parent.sapc.edu.ph,+63 919 028 914,Pre-Provisioned (Password Change Required Upon 1st Login)
student,Chloe Soriano,chloe.soriano250@sapc.edu.ph,109238470250,Grade 8,Grade 8 - St. Rita,Junior High Department,SAPC@0250!,"Mr. Mark Villanueva, LPT",+63 917 334 250,Mrs. Gina Soriano,Mother,parent.109238470250@parent.sapc.edu.ph,+63 919 030 251,Pre-Provisioned (Password Change Required Upon 1st Login)
student,Mariel Ramos,mariel.ramos251@sapc.edu.ph,109238470251,Grade 9,Grade 9 - St. Lorenzo Ruiz,Junior High Department,SAPC@0251!,"Ms. Pamela Rivera, LPT",+63 917 335 587,Mr. Roberto Ramos,Father,parent.109238470251@parent.sapc.edu.ph,+63 919 031 588,Pre-Provisioned (Password Change Required Upon 1st Login)
student,Karl Castillo,karl.castillo252@sapc.edu.ph,109238470252,Grade 9,Grade 9 - St. Martin de Porres,Junior High Department,SAPC@0252!,"Mr. Ronald Ramos, LPT",+63 917 336 924,Mrs. Teresa Castillo,Mother,parent.109238470252@parent.sapc.edu.ph,+63 919 032 925,Pre-Provisioned (Password Change Required Upon 1st Login)
student,Justin Aquino,justin.aquino253@sapc.edu.ph,109238470253,Grade 9,Grade 9 - St. Pedro Calungsod,Junior High Department,SAPC@0253!,"Mr. Emmanuel Flores, LPT",+63 917 338 261,Mr. Edgardo Aquino,Father,parent.109238470253@parent.sapc.edu.ph,+63 919 034 262,Pre-Provisioned (Password Change Required Upon 1st Login)
student,Alyssa Castillo,alyssa.castillo254@sapc.edu.ph,109238470254,Grade 9,Grade 9 - St. Pedro Calungsod,Junior High Department,SAPC@0254!,"Mr. Emmanuel Flores, LPT",+63 917 339 598,Mrs. Corazon Castillo,Mother,parent.109238470254@parent.sapc.edu.ph,+63 919 035 599,Pre-Provisioned (Password Change Required Upon 1st Login)
student,Elijah Tolentino,elijah.tolentino255@sapc.edu.ph,109238470255,Grade 9,Grade 9 - St. Pedro Calungsod,Junior High Department,SAPC@0255!,"Mr. Emmanuel Flores, LPT",+63 917 340 935,Mr. Rolando Tolentino,Father,parent.109238470255@parent.sapc.edu.ph,+63 919 036 936,Pre-Provisioned (Password Change Required Upon 1st Login)
student,Martin Santiago,martin.santiago256@sapc.edu.ph,109238470256,Grade 9,Grade 9 - St. Cecilia,Junior High Department,SAPC@0256!,"Ms. Clarisse Ocampo, LPT",+63 917 342 272,Mrs. Rowena Santiago,Mother,parent.109238470256@parent.sapc.edu.ph,+63 919 038 273,Pre-Provisioned (Password Change Required Upon 1st Login)
student,Andrea De Leon,andrea.de leon257@sapc.edu.ph,109238470257,Grade 9,Grade 9 - St. Pedro Calungsod,Junior High Department,SAPC@0257!,"Mr. Emmanuel Flores, LPT",+63 917 343 609,Mr. Ramon De Leon,Father,parent.109238470257@parent.sapc.edu.ph,+63 919 039 610,Pre-Provisioned (Password Change Required Upon 1st Login)
student,Justin Dimaculangan,justin.dimaculangan258@sapc.edu.ph,109238470258,Grade 9,Grade 9 - St. Lorenzo Ruiz,Junior High Department,SAPC@0258!,"Ms. Pamela Rivera, LPT",+63 917 344 946,Mrs. Lorna Dimaculangan,Mother,parent.109238470258@parent.sapc.edu.ph,+63 919 040 947,Pre-Provisioned (Password Change Required Upon 1st Login)
student,Christian Castro,christian.castro259@sapc.edu.ph,109238470259,Grade 9,Grade 9 - St. Martin de Porres,Junior High Department,SAPC@0259!,"Mr. Ronald Ramos, LPT",+63 917 346 283,Mr. Antonio Castro,Father,parent.109238470259@parent.sapc.edu.ph,+63 919 042 284,Pre-Provisioned (Password Change Required Upon 1st Login)
student,Alyssa Soriano,alyssa.soriano260@sapc.edu.ph,109238470260,Grade 9,Grade 9 - St. Martin de Porres,Junior High Department,SAPC@0260!,"Mr. Ronald Ramos, LPT",+63 917 347 620,Mrs. Mary Ann Soriano,Mother,parent.109238470260@parent.sapc.edu.ph,+63 919 043 621,Pre-Provisioned (Password Change Required Upon 1st Login)
student,Princess Mae Villanueva,princessmae.villanueva261@sapc.edu.ph,109238470261,Grade 9,Grade 9 - St. Cecilia,Junior High Department,SAPC@0261!,"Ms. Clarisse Ocampo, LPT",+63 917 348 957,Mr. Eduardo Villanueva,Father,parent.109238470261@parent.sapc.edu.ph,+63 919 044 958,Pre-Provisioned (Password Change Required Upon 1st Login)
student,Benedict Flores,benedict.flores262@sapc.edu.ph,109238470262,Grade 9,Grade 9 - St. Cecilia,Junior High Department,SAPC@0262!,"Ms. Clarisse Ocampo, LPT",+63 917 350 294,Mrs. Jocelyn Flores,Mother,parent.109238470262@parent.sapc.edu.ph,+63 919 046 295,Pre-Provisioned (Password Change Required Upon 1st Login)
student,Jerome Flores,jerome.flores263@sapc.edu.ph,109238470263,Grade 9,Grade 9 - St. Cecilia,Junior High Department,SAPC@0263!,"Ms. Clarisse Ocampo, LPT",+63 917 351 631,Mr. Wilfredo Flores,Father,parent.109238470263@parent.sapc.edu.ph,+63 919 047 632,Pre-Provisioned (Password Change Required Upon 1st Login)
student,Jasmine Gonzales,jasmine.gonzales264@sapc.edu.ph,109238470264,Grade 9,Grade 9 - St. Lorenzo Ruiz,Junior High Department,SAPC@0264!,"Ms. Pamela Rivera, LPT",+63 917 352 968,Mrs. Elizabeth Gonzales,Mother,parent.109238470264@parent.sapc.edu.ph,+63 919 048 969,Pre-Provisioned (Password Change Required Upon 1st Login)
student,Liza Garcia,liza.garcia265@sapc.edu.ph,109238470265,Grade 9,Grade 9 - St. Martin de Porres,Junior High Department,SAPC@0265!,"Mr. Ronald Ramos, LPT",+63 917 354 305,Mr. Victor Garcia,Father,parent.109238470265@parent.sapc.edu.ph,+63 919 050 306,Pre-Provisioned (Password Change Required Upon 1st Login)
student,Christian Navarro,christian.navarro266@sapc.edu.ph,109238470266,Grade 9,Grade 9 - St. Cecilia,Junior High Department,SAPC@0266!,"Ms. Clarisse Ocampo, LPT",+63 917 355 642,Mrs. Imelda Navarro,Mother,parent.109238470266@parent.sapc.edu.ph,+63 919 051 643,Pre-Provisioned (Password Change Required Upon 1st Login)
student,Paolo Mendoza,paolo.mendoza267@sapc.edu.ph,109238470267,Grade 9,Grade 9 - St. Cecilia,Junior High Department,SAPC@0267!,"Ms. Clarisse Ocampo, LPT",+63 917 356 979,Mr. Gabriel Mendoza,Father,parent.109238470267@parent.sapc.edu.ph,+63 919 052 980,Pre-Provisioned (Password Change Required Upon 1st Login)
student,Joshua San Jose,joshua.san jose268@sapc.edu.ph,109238470268,Grade 9,Grade 9 - St. Martin de Porres,Junior High Department,SAPC@0268!,"Mr. Ronald Ramos, LPT",+63 917 358 316,Mrs. Bernadette San Jose,Mother,parent.109238470268@parent.sapc.edu.ph,+63 919 054 317,Pre-Provisioned (Password Change Required Upon 1st Login)
student,Anthony Mendoza,anthony.mendoza269@sapc.edu.ph,109238470269,Grade 9,Grade 9 - St. Pedro Calungsod,Junior High Department,SAPC@0269!,"Mr. Emmanuel Flores, LPT",+63 917 359 653,Mr. Manuel Mendoza,Father,parent.109238470269@parent.sapc.edu.ph,+63 919 055 654,Pre-Provisioned (Password Change Required Upon 1st Login)
student,Vanessa Mendoza,vanessa.mendoza270@sapc.edu.ph,109238470270,Grade 9,Grade 9 - St. Cecilia,Junior High Department,SAPC@0270!,"Ms. Clarisse Ocampo, LPT",+63 917 360 990,Mrs. Cristina Mendoza,Mother,parent.109238470270@parent.sapc.edu.ph,+63 919 056 991,Pre-Provisioned (Password Change Required Upon 1st Login)
student,Bernadette De Leon,bernadette.de leon271@sapc.edu.ph,109238470271,Grade 9,Grade 9 - St. Martin de Porres,Junior High Department,SAPC@0271!,"Mr. Ronald Ramos, LPT",+63 917 362 327,Mr. Mario De Leon,Father,parent.109238470271@parent.sapc.edu.ph,+63 919 058 328,Pre-Provisioned (Password Change Required Upon 1st Login)
student,Cecilia Bautista,cecilia.bautista272@sapc.edu.ph,109238470272,Grade 9,Grade 9 - St. Cecilia,Junior High Department,SAPC@0272!,"Ms. Clarisse Ocampo, LPT",+63 917 363 664,Mrs. Lourdes Bautista,Mother,parent.109238470272@parent.sapc.edu.ph,+63 919 059 665,Pre-Provisioned (Password Change Required Upon 1st Login)
student,Nicole Rivera,nicole.rivera273@sapc.edu.ph,109238470273,Grade 9,Grade 9 - St. Martin de Porres,Junior High Department,SAPC@0273!,"Mr. Ronald Ramos, LPT",+63 917 365 001,Mr. Gerardo Rivera,Father,parent.109238470273@parent.sapc.edu.ph,+63 919 061 002,Pre-Provisioned (Password Change Required Upon 1st Login)
student,Joaquin Domingo,joaquin.domingo274@sapc.edu.ph,109238470274,Grade 9,Grade 9 - St. Martin de Porres,Junior High Department,SAPC@0274!,"Mr. Ronald Ramos, LPT",+63 917 366 338,Mrs. Elena Domingo,Mother,parent.109238470274@parent.sapc.edu.ph,+63 919 062 339,Pre-Provisioned (Password Change Required Upon 1st Login)
student,Kathleen Corpuz,kathleen.corpuz275@sapc.edu.ph,109238470275,Grade 9,Grade 9 - St. Martin de Porres,Junior High Department,SAPC@0275!,"Mr. Ronald Ramos, LPT",+63 917 367 675,Mr. Ernesto Corpuz,Father,parent.109238470275@parent.sapc.edu.ph,+63 919 063 676,Pre-Provisioned (Password Change Required Upon 1st Login)
student,Benedict Flores,benedict.flores276@sapc.edu.ph,109238470276,Grade 9,Grade 9 - St. Pedro Calungsod,Junior High Department,SAPC@0276!,"Mr. Emmanuel Flores, LPT",+63 917 369 012,Mrs. Maricel Flores,Mother,parent.109238470276@parent.sapc.edu.ph,+63 919 065 013,Pre-Provisioned (Password Change Required Upon 1st Login)
student,Nicole Castro,nicole.castro277@sapc.edu.ph,109238470277,Grade 9,Grade 9 - St. Cecilia,Junior High Department,SAPC@0277!,"Ms. Clarisse Ocampo, LPT",+63 917 370 349,Mr. Ferdinand Castro,Father,parent.109238470277@parent.sapc.edu.ph,+63 919 066 350,Pre-Provisioned (Password Change Required Upon 1st Login)
student,Karl Garcia,karl.garcia278@sapc.edu.ph,109238470278,Grade 9,Grade 9 - St. Martin de Porres,Junior High Department,SAPC@0278!,"Mr. Ronald Ramos, LPT",+63 917 371 686,Mrs. Carmela Garcia,Mother,parent.109238470278@parent.sapc.edu.ph,+63 919 067 687,Pre-Provisioned (Password Change Required Upon 1st Login)
student,Chloe Cruz,chloe.cruz279@sapc.edu.ph,109238470279,Grade 9,Grade 9 - St. Lorenzo Ruiz,Junior High Department,SAPC@0279!,"Ms. Pamela Rivera, LPT",+63 917 373 023,Mr. Carlos Cruz,Father,parent.109238470279@parent.sapc.edu.ph,+63 919 069 024,Pre-Provisioned (Password Change Required Upon 1st Login)
student,Timothy Corpuz,timothy.corpuz280@sapc.edu.ph,109238470280,Grade 9,Grade 9 - St. Martin de Porres,Junior High Department,SAPC@0280!,"Mr. Ronald Ramos, LPT",+63 917 374 360,Mrs. Rosalinda Corpuz,Mother,parent.109238470280@parent.sapc.edu.ph,+63 919 070 361,Pre-Provisioned (Password Change Required Upon 1st Login)
student,Grace San Jose,grace.san jose281@sapc.edu.ph,109238470281,Grade 9,Grade 9 - St. Cecilia,Junior High Department,SAPC@0281!,"Ms. Clarisse Ocampo, LPT",+63 917 375 697,Mr. Danilo San Jose,Father,parent.109238470281@parent.sapc.edu.ph,+63 919 071 698,Pre-Provisioned (Password Change Required Upon 1st Login)
student,Patricia Tolentino,patricia.tolentino282@sapc.edu.ph,109238470282,Grade 9,Grade 9 - St. Martin de Porres,Junior High Department,SAPC@0282!,"Mr. Ronald Ramos, LPT",+63 917 377 034,Mrs. Josephine Tolentino,Mother,parent.109238470282@parent.sapc.edu.ph,+63 919 073 035,Pre-Provisioned (Password Change Required Upon 1st Login)
student,Jasmine Lim,jasmine.lim283@sapc.edu.ph,109238470283,Grade 9,Grade 9 - St. Lorenzo Ruiz,Junior High Department,SAPC@0283!,"Ms. Pamela Rivera, LPT",+63 917 378 371,Mr. Reynaldo Lim,Father,parent.109238470283@parent.sapc.edu.ph,+63 919 074 372,Pre-Provisioned (Password Change Required Upon 1st Login)
student,Grace Tolentino,grace.tolentino284@sapc.edu.ph,109238470284,Grade 9,Grade 9 - St. Martin de Porres,Junior High Department,SAPC@0284!,"Mr. Ronald Ramos, LPT",+63 917 379 708,Mrs. Remedios Tolentino,Mother,parent.109238470284@parent.sapc.edu.ph,+63 919 075 709,Pre-Provisioned (Password Change Required Upon 1st Login)
student,Alyssa Salazar,alyssa.salazar285@sapc.edu.ph,109238470285,Grade 9,Grade 9 - St. Cecilia,Junior High Department,SAPC@0285!,"Ms. Clarisse Ocampo, LPT",+63 917 381 045,Mr. Renato Salazar,Father,parent.109238470285@parent.sapc.edu.ph,+63 919 077 046,Pre-Provisioned (Password Change Required Upon 1st Login)
student,Maria Clara Aquino,mariaclara.aquino286@sapc.edu.ph,109238470286,Grade 9,Grade 9 - St. Cecilia,Junior High Department,SAPC@0286!,"Ms. Clarisse Ocampo, LPT",+63 917 382 382,Mrs. Flordeliza Aquino,Mother,parent.109238470286@parent.sapc.edu.ph,+63 919 078 383,Pre-Provisioned (Password Change Required Upon 1st Login)
student,Carlos Castillo,carlos.castillo287@sapc.edu.ph,109238470287,Grade 9,Grade 9 - St. Pedro Calungsod,Junior High Department,SAPC@0287!,"Mr. Emmanuel Flores, LPT",+63 917 383 719,Mr. Rodolfo Castillo,Father,parent.109238470287@parent.sapc.edu.ph,+63 919 079 720,Pre-Provisioned (Password Change Required Upon 1st Login)
student,Maria Clara Manalo,mariaclara.manalo288@sapc.edu.ph,109238470288,Grade 9,Grade 9 - St. Cecilia,Junior High Department,SAPC@0288!,"Ms. Clarisse Ocampo, LPT",+63 917 385 056,Mrs. Cynthia Manalo,Mother,parent.109238470288@parent.sapc.edu.ph,+63 919 081 057,Pre-Provisioned (Password Change Required Upon 1st Login)
student,Jasmine Bautista,jasmine.bautista289@sapc.edu.ph,109238470289,Grade 9,Grade 9 - St. Martin de Porres,Junior High Department,SAPC@0289!,"Mr. Ronald Ramos, LPT",+63 917 386 393,Mr. Nestor Bautista,Father,parent.109238470289@parent.sapc.edu.ph,+63 919 082 394,Pre-Provisioned (Password Change Required Upon 1st Login)
student,Nicole Alcantara,nicole.alcantara290@sapc.edu.ph,109238470290,Grade 9,Grade 9 - St. Pedro Calungsod,Junior High Department,SAPC@0290!,"Mr. Emmanuel Flores, LPT",+63 917 387 730,Mrs. Shirley Alcantara,Mother,parent.109238470290@parent.sapc.edu.ph,+63 919 083 731,Pre-Provisioned (Password Change Required Upon 1st Login)
student,Mark Santiago,mark.santiago291@sapc.edu.ph,109238470291,Grade 9,Grade 9 - St. Pedro Calungsod,Junior High Department,SAPC@0291!,"Mr. Emmanuel Flores, LPT",+63 917 389 067,Mr. Jaime Santiago,Father,parent.109238470291@parent.sapc.edu.ph,+63 919 085 068,Pre-Provisioned (Password Change Required Upon 1st Login)
student,Mark Lim,mark.lim292@sapc.edu.ph,109238470292,Grade 9,Grade 9 - St. Pedro Calungsod,Junior High Department,SAPC@0292!,"Mr. Emmanuel Flores, LPT",+63 917 390 404,Mrs. Jennifer Lim,Mother,parent.109238470292@parent.sapc.edu.ph,+63 919 086 405,Pre-Provisioned (Password Change Required Upon 1st Login)
student,Clare Mendoza,clare.mendoza293@sapc.edu.ph,109238470293,Grade 9,Grade 9 - St. Martin de Porres,Junior High Department,SAPC@0293!,"Mr. Ronald Ramos, LPT",+63 917 391 741,Mr. Cesar Mendoza,Father,parent.109238470293@parent.sapc.edu.ph,+63 919 087 742,Pre-Provisioned (Password Change Required Upon 1st Login)
student,Bea Flores,bea.flores294@sapc.edu.ph,109238470294,Grade 9,Grade 9 - St. Martin de Porres,Junior High Department,SAPC@0294!,"Mr. Ronald Ramos, LPT",+63 917 393 078,Mrs. Grace Flores,Mother,parent.109238470294@parent.sapc.edu.ph,+63 919 089 079,Pre-Provisioned (Password Change Required Upon 1st Login)
student,Cedric Torres,cedric.torres295@sapc.edu.ph,109238470295,Grade 9,Grade 9 - St. Martin de Porres,Junior High Department,SAPC@0295!,"Mr. Ronald Ramos, LPT",+63 917 394 415,Mr. Arnel Torres,Father,parent.109238470295@parent.sapc.edu.ph,+63 919 090 416,Pre-Provisioned (Password Change Required Upon 1st Login)
student,Chloe Corpuz,chloe.corpuz296@sapc.edu.ph,109238470296,Grade 9,Grade 9 - St. Lorenzo Ruiz,Junior High Department,SAPC@0296!,"Ms. Pamela Rivera, LPT",+63 917 395 752,Mrs. Gina Corpuz,Mother,parent.109238470296@parent.sapc.edu.ph,+63 919 091 753,Pre-Provisioned (Password Change Required Upon 1st Login)
student,Sofia Morales,sofia.morales297@sapc.edu.ph,109238470297,Grade 9,Grade 9 - St. Lorenzo Ruiz,Junior High Department,SAPC@0297!,"Ms. Pamela Rivera, LPT",+63 917 397 089,Mr. Roberto Morales,Father,parent.109238470297@parent.sapc.edu.ph,+63 919 093 090,Pre-Provisioned (Password Change Required Upon 1st Login)
student,Vincent Tolentino,vincent.tolentino298@sapc.edu.ph,109238470298,Grade 9,Grade 9 - St. Lorenzo Ruiz,Junior High Department,SAPC@0298!,"Ms. Pamela Rivera, LPT",+63 917 398 426,Mrs. Teresa Tolentino,Mother,parent.109238470298@parent.sapc.edu.ph,+63 919 094 427,Pre-Provisioned (Password Change Required Upon 1st Login)
student,Jasmine Ocampo,jasmine.ocampo299@sapc.edu.ph,109238470299,Grade 9,Grade 9 - St. Lorenzo Ruiz,Junior High Department,SAPC@0299!,"Ms. Pamela Rivera, LPT",+63 917 399 763,Mr. Edgardo Ocampo,Father,parent.109238470299@parent.sapc.edu.ph,+63 919 095 764,Pre-Provisioned (Password Change Required Upon 1st Login)
student,Lorenzo Castro,lorenzo.castro300@sapc.edu.ph,109238470300,Grade 9,Grade 9 - St. Cecilia,Junior High Department,SAPC@0300!,"Ms. Clarisse Ocampo, LPT",+63 917 401 100,Mrs. Corazon Castro,Mother,parent.109238470300@parent.sapc.edu.ph,+63 919 097 101,Pre-Provisioned (Password Change Required Upon 1st Login)
student,Therese Flores,therese.flores301@sapc.edu.ph,109238470301,Grade 9,Grade 9 - St. Martin de Porres,Junior High Department,SAPC@0301!,"Mr. Ronald Ramos, LPT",+63 917 402 437,Mr. Rolando Flores,Father,parent.109238470301@parent.sapc.edu.ph,+63 919 098 438,Pre-Provisioned (Password Change Required Upon 1st Login)
student,Samantha Nicole Santiago,samanthanicole.santiago302@sapc.edu.ph,109238470302,Grade 9,Grade 9 - St. Cecilia,Junior High Department,SAPC@0302!,"Ms. Clarisse Ocampo, LPT",+63 917 403 774,Mrs. Rowena Santiago,Mother,parent.109238470302@parent.sapc.edu.ph,+63 919 099 775,Pre-Provisioned (Password Change Required Upon 1st Login)
student,Angelo Aquino,angelo.aquino303@sapc.edu.ph,109238470303,Grade 9,Grade 9 - St. Martin de Porres,Junior High Department,SAPC@0303!,"Mr. Ronald Ramos, LPT",+63 917 405 111,Mr. Ramon Aquino,Father,parent.109238470303@parent.sapc.edu.ph,+63 919 101 112,Pre-Provisioned (Password Change Required Upon 1st Login)
student,Dominic Gonzales,dominic.gonzales304@sapc.edu.ph,109238470304,Grade 9,Grade 9 - St. Cecilia,Junior High Department,SAPC@0304!,"Ms. Clarisse Ocampo, LPT",+63 917 406 448,Mrs. Lorna Gonzales,Mother,parent.109238470304@parent.sapc.edu.ph,+63 919 102 449,Pre-Provisioned (Password Change Required Upon 1st Login)
student,Trisha Santiago,trisha.santiago305@sapc.edu.ph,109238470305,Grade 9,Grade 9 - St. Lorenzo Ruiz,Junior High Department,SAPC@0305!,"Ms. Pamela Rivera, LPT",+63 917 407 785,Mr. Antonio Santiago,Father,parent.109238470305@parent.sapc.edu.ph,+63 919 103 786,Pre-Provisioned (Password Change Required Upon 1st Login)
student,Bea Alcantara,bea.alcantara306@sapc.edu.ph,109238470306,Grade 9,Grade 9 - St. Pedro Calungsod,Junior High Department,SAPC@0306!,"Mr. Emmanuel Flores, LPT",+63 917 409 122,Mrs. Mary Ann Alcantara,Mother,parent.109238470306@parent.sapc.edu.ph,+63 919 105 123,Pre-Provisioned (Password Change Required Upon 1st Login)
student,Joshua Padilla,joshua.padilla307@sapc.edu.ph,109238470307,Grade 9,Grade 9 - St. Lorenzo Ruiz,Junior High Department,SAPC@0307!,"Ms. Pamela Rivera, LPT",+63 917 410 459,Mr. Eduardo Padilla,Father,parent.109238470307@parent.sapc.edu.ph,+63 919 106 460,Pre-Provisioned (Password Change Required Upon 1st Login)
student,Patricia Pascual,patricia.pascual308@sapc.edu.ph,109238470308,Grade 9,Grade 9 - St. Lorenzo Ruiz,Junior High Department,SAPC@0308!,"Ms. Pamela Rivera, LPT",+63 917 411 796,Mrs. Jocelyn Pascual,Mother,parent.109238470308@parent.sapc.edu.ph,+63 919 107 797,Pre-Provisioned (Password Change Required Upon 1st Login)
student,Princess Mae Mercado,princessmae.mercado309@sapc.edu.ph,109238470309,Grade 9,Grade 9 - St. Cecilia,Junior High Department,SAPC@0309!,"Ms. Clarisse Ocampo, LPT",+63 917 413 133,Mr. Wilfredo Mercado,Father,parent.109238470309@parent.sapc.edu.ph,+63 919 109 134,Pre-Provisioned (Password Change Required Upon 1st Login)
student,Clarisse Rivera,clarisse.rivera310@sapc.edu.ph,109238470310,Grade 9,Grade 9 - St. Martin de Porres,Junior High Department,SAPC@0310!,"Mr. Ronald Ramos, LPT",+63 917 414 470,Mrs. Elizabeth Rivera,Mother,parent.109238470310@parent.sapc.edu.ph,+63 919 110 471,Pre-Provisioned (Password Change Required Upon 1st Login)
student,Lorenzo Salazar,lorenzo.salazar311@sapc.edu.ph,109238470311,Grade 9,Grade 9 - St. Martin de Porres,Junior High Department,SAPC@0311!,"Mr. Ronald Ramos, LPT",+63 917 415 807,Mr. Victor Salazar,Father,parent.109238470311@parent.sapc.edu.ph,+63 919 111 808,Pre-Provisioned (Password Change Required Upon 1st Login)
student,Vincent Alcantara,vincent.alcantara312@sapc.edu.ph,109238470312,Grade 9,Grade 9 - St. Martin de Porres,Junior High Department,SAPC@0312!,"Mr. Ronald Ramos, LPT",+63 917 417 144,Mrs. Imelda Alcantara,Mother,parent.109238470312@parent.sapc.edu.ph,+63 919 113 145,Pre-Provisioned (Password Change Required Upon 1st Login)
student,Patricia Tolentino,patricia.tolentino313@sapc.edu.ph,109238470313,Grade 9,Grade 9 - St. Pedro Calungsod,Junior High Department,SAPC@0313!,"Mr. Emmanuel Flores, LPT",+63 917 418 481,Mr. Gabriel Tolentino,Father,parent.109238470313@parent.sapc.edu.ph,+63 919 114 482,Pre-Provisioned (Password Change Required Upon 1st Login)
student,Daniel Aquino,daniel.aquino314@sapc.edu.ph,109238470314,Grade 9,Grade 9 - St. Pedro Calungsod,Junior High Department,SAPC@0314!,"Mr. Emmanuel Flores, LPT",+63 917 419 818,Mrs. Bernadette Aquino,Mother,parent.109238470314@parent.sapc.edu.ph,+63 919 115 819,Pre-Provisioned (Password Change Required Upon 1st Login)
student,Faith Flores,faith.flores315@sapc.edu.ph,109238470315,Grade 9,Grade 9 - St. Martin de Porres,Junior High Department,SAPC@0315!,"Mr. Ronald Ramos, LPT",+63 917 421 155,Mr. Manuel Flores,Father,parent.109238470315@parent.sapc.edu.ph,+63 919 117 156,Pre-Provisioned (Password Change Required Upon 1st Login)
student,Dominic Dela Cruz,dominic.dela cruz316@sapc.edu.ph,109238470316,Grade 9,Grade 9 - St. Pedro Calungsod,Junior High Department,SAPC@0316!,"Mr. Emmanuel Flores, LPT",+63 917 422 492,Mrs. Cristina Dela Cruz,Mother,parent.109238470316@parent.sapc.edu.ph,+63 919 118 493,Pre-Provisioned (Password Change Required Upon 1st Login)
student,Kyle Bautista,kyle.bautista317@sapc.edu.ph,109238470317,Grade 9,Grade 9 - St. Lorenzo Ruiz,Junior High Department,SAPC@0317!,"Ms. Pamela Rivera, LPT",+63 917 423 829,Mr. Mario Bautista,Father,parent.109238470317@parent.sapc.edu.ph,+63 919 119 830,Pre-Provisioned (Password Change Required Upon 1st Login)
student,Elijah Lim,elijah.lim318@sapc.edu.ph,109238470318,Grade 9,Grade 9 - St. Pedro Calungsod,Junior High Department,SAPC@0318!,"Mr. Emmanuel Flores, LPT",+63 917 425 166,Mrs. Lourdes Lim,Mother,parent.109238470318@parent.sapc.edu.ph,+63 919 121 167,Pre-Provisioned (Password Change Required Upon 1st Login)
student,Clare Aquino,clare.aquino319@sapc.edu.ph,109238470319,Grade 9,Grade 9 - St. Martin de Porres,Junior High Department,SAPC@0319!,"Mr. Ronald Ramos, LPT",+63 917 426 503,Mr. Gerardo Aquino,Father,parent.109238470319@parent.sapc.edu.ph,+63 919 122 504,Pre-Provisioned (Password Change Required Upon 1st Login)
student,Althea Castillo,althea.castillo320@sapc.edu.ph,109238470320,Grade 9,Grade 9 - St. Lorenzo Ruiz,Junior High Department,SAPC@0320!,"Ms. Pamela Rivera, LPT",+63 917 427 840,Mrs. Elena Castillo,Mother,parent.109238470320@parent.sapc.edu.ph,+63 919 123 841,Pre-Provisioned (Password Change Required Upon 1st Login)
student,Cedric Castillo,cedric.castillo321@sapc.edu.ph,109238470321,Grade 9,Grade 9 - St. Martin de Porres,Junior High Department,SAPC@0321!,"Mr. Ronald Ramos, LPT",+63 917 429 177,Mr. Ernesto Castillo,Father,parent.109238470321@parent.sapc.edu.ph,+63 919 125 178,Pre-Provisioned (Password Change Required Upon 1st Login)
student,Faith Santos,faith.santos322@sapc.edu.ph,109238470322,Grade 9,Grade 9 - St. Martin de Porres,Junior High Department,SAPC@0322!,"Mr. Ronald Ramos, LPT",+63 917 430 514,Mrs. Maricel Santos,Mother,parent.109238470322@parent.sapc.edu.ph,+63 919 126 515,Pre-Provisioned (Password Change Required Upon 1st Login)
student,Matthew Dela Cruz,matthew.dela cruz323@sapc.edu.ph,109238470323,Grade 9,Grade 9 - St. Lorenzo Ruiz,Junior High Department,SAPC@0323!,"Ms. Pamela Rivera, LPT",+63 917 431 851,Mr. Ferdinand Dela Cruz,Father,parent.109238470323@parent.sapc.edu.ph,+63 919 127 852,Pre-Provisioned (Password Change Required Upon 1st Login)
student,Ethan Torres,ethan.torres324@sapc.edu.ph,109238470324,Grade 9,Grade 9 - St. Lorenzo Ruiz,Junior High Department,SAPC@0324!,"Ms. Pamela Rivera, LPT",+63 917 433 188,Mrs. Carmela Torres,Mother,parent.109238470324@parent.sapc.edu.ph,+63 919 129 189,Pre-Provisioned (Password Change Required Upon 1st Login)
student,Lance Soriano,lance.soriano325@sapc.edu.ph,109238470325,Grade 9,Grade 9 - St. Cecilia,Junior High Department,SAPC@0325!,"Ms. Clarisse Ocampo, LPT",+63 917 434 525,Mr. Carlos Soriano,Father,parent.109238470325@parent.sapc.edu.ph,+63 919 130 526,Pre-Provisioned (Password Change Required Upon 1st Login)
student,Benedict Corpuz,benedict.corpuz326@sapc.edu.ph,109238470326,Grade 9,Grade 9 - St. Lorenzo Ruiz,Junior High Department,SAPC@0326!,"Ms. Pamela Rivera, LPT",+63 917 435 862,Mrs. Rosalinda Corpuz,Mother,parent.109238470326@parent.sapc.edu.ph,+63 919 131 863,Pre-Provisioned (Password Change Required Upon 1st Login)
student,Bea Mercado,bea.mercado327@sapc.edu.ph,109238470327,Grade 9,Grade 9 - St. Martin de Porres,Junior High Department,SAPC@0327!,"Mr. Ronald Ramos, LPT",+63 917 437 199,Mr. Danilo Mercado,Father,parent.109238470327@parent.sapc.edu.ph,+63 919 133 200,Pre-Provisioned (Password Change Required Upon 1st Login)
student,Andrea Garcia,andrea.garcia328@sapc.edu.ph,109238470328,Grade 9,Grade 9 - St. Martin de Porres,Junior High Department,SAPC@0328!,"Mr. Ronald Ramos, LPT",+63 917 438 536,Mrs. Josephine Garcia,Mother,parent.109238470328@parent.sapc.edu.ph,+63 919 134 537,Pre-Provisioned (Password Change Required Upon 1st Login)
student,Janine Villanueva,janine.villanueva329@sapc.edu.ph,109238470329,Grade 9,Grade 9 - St. Martin de Porres,Junior High Department,SAPC@0329!,"Mr. Ronald Ramos, LPT",+63 917 439 873,Mr. Reynaldo Villanueva,Father,parent.109238470329@parent.sapc.edu.ph,+63 919 135 874,Pre-Provisioned (Password Change Required Upon 1st Login)
student,Therese Castillo,therese.castillo330@sapc.edu.ph,109238470330,Grade 9,Grade 9 - St. Martin de Porres,Junior High Department,SAPC@0330!,"Mr. Ronald Ramos, LPT",+63 917 441 210,Mrs. Remedios Castillo,Mother,parent.109238470330@parent.sapc.edu.ph,+63 919 137 211,Pre-Provisioned (Password Change Required Upon 1st Login)
student,Ethan Torres,ethan.torres331@sapc.edu.ph,109238470331,Grade 9,Grade 9 - St. Pedro Calungsod,Junior High Department,SAPC@0331!,"Mr. Emmanuel Flores, LPT",+63 917 442 547,Mr. Renato Torres,Father,parent.109238470331@parent.sapc.edu.ph,+63 919 138 548,Pre-Provisioned (Password Change Required Upon 1st Login)
student,Trisha Garcia,trisha.garcia332@sapc.edu.ph,109238470332,Grade 9,Grade 9 - St. Lorenzo Ruiz,Junior High Department,SAPC@0332!,"Ms. Pamela Rivera, LPT",+63 917 443 884,Mrs. Flordeliza Garcia,Mother,parent.109238470332@parent.sapc.edu.ph,+63 919 139 885,Pre-Provisioned (Password Change Required Upon 1st Login)
student,Adrian Reyes,adrian.reyes333@sapc.edu.ph,109238470333,Grade 9,Grade 9 - St. Lorenzo Ruiz,Junior High Department,SAPC@0333!,"Ms. Pamela Rivera, LPT",+63 917 445 221,Mr. Rodolfo Reyes,Father,parent.109238470333@parent.sapc.edu.ph,+63 919 141 222,Pre-Provisioned (Password Change Required Upon 1st Login)
student,Joy Navarro,joy.navarro334@sapc.edu.ph,109238470334,Grade 9,Grade 9 - St. Pedro Calungsod,Junior High Department,SAPC@0334!,"Mr. Emmanuel Flores, LPT",+63 917 446 558,Mrs. Cynthia Navarro,Mother,parent.109238470334@parent.sapc.edu.ph,+63 919 142 559,Pre-Provisioned (Password Change Required Upon 1st Login)
student,Angelo Mendoza,angelo.mendoza335@sapc.edu.ph,109238470335,Grade 9,Grade 9 - St. Lorenzo Ruiz,Junior High Department,SAPC@0335!,"Ms. Pamela Rivera, LPT",+63 917 447 895,Mr. Nestor Mendoza,Father,parent.109238470335@parent.sapc.edu.ph,+63 919 143 896,Pre-Provisioned (Password Change Required Upon 1st Login)
student,Angelo Alcantara,angelo.alcantara336@sapc.edu.ph,109238470336,Grade 9,Grade 9 - St. Martin de Porres,Junior High Department,SAPC@0336!,"Mr. Ronald Ramos, LPT",+63 917 449 232,Mrs. Shirley Alcantara,Mother,parent.109238470336@parent.sapc.edu.ph,+63 919 145 233,Pre-Provisioned (Password Change Required Upon 1st Login)
student,Clarisse Mercado,clarisse.mercado337@sapc.edu.ph,109238470337,Grade 9,Grade 9 - St. Pedro Calungsod,Junior High Department,SAPC@0337!,"Mr. Emmanuel Flores, LPT",+63 917 450 569,Mr. Jaime Mercado,Father,parent.109238470337@parent.sapc.edu.ph,+63 919 146 570,Pre-Provisioned (Password Change Required Upon 1st Login)
student,Andrea Soriano,andrea.soriano338@sapc.edu.ph,109238470338,Grade 9,Grade 9 - St. Martin de Porres,Junior High Department,SAPC@0338!,"Mr. Ronald Ramos, LPT",+63 917 451 906,Mrs. Jennifer Soriano,Mother,parent.109238470338@parent.sapc.edu.ph,+63 919 147 907,Pre-Provisioned (Password Change Required Upon 1st Login)
student,Camille Reyes,camille.reyes339@sapc.edu.ph,109238470339,Grade 9,Grade 9 - St. Lorenzo Ruiz,Junior High Department,SAPC@0339!,"Ms. Pamela Rivera, LPT",+63 917 453 243,Mr. Cesar Reyes,Father,parent.109238470339@parent.sapc.edu.ph,+63 919 149 244,Pre-Provisioned (Password Change Required Upon 1st Login)
student,Bernadette Alcantara,bernadette.alcantara340@sapc.edu.ph,109238470340,Grade 9,Grade 9 - St. Cecilia,Junior High Department,SAPC@0340!,"Ms. Clarisse Ocampo, LPT",+63 917 454 580,Mrs. Grace Alcantara,Mother,parent.109238470340@parent.sapc.edu.ph,+63 919 150 581,Pre-Provisioned (Password Change Required Upon 1st Login)
student,John Carlo Dimaculangan,johncarlo.dimaculangan341@sapc.edu.ph,109238470341,Grade 9,Grade 9 - St. Cecilia,Junior High Department,SAPC@0341!,"Ms. Clarisse Ocampo, LPT",+63 917 455 917,Mr. Arnel Dimaculangan,Father,parent.109238470341@parent.sapc.edu.ph,+63 919 151 918,Pre-Provisioned (Password Change Required Upon 1st Login)
student,Joy Mendoza,joy.mendoza342@sapc.edu.ph,109238470342,Grade 9,Grade 9 - St. Pedro Calungsod,Junior High Department,SAPC@0342!,"Mr. Emmanuel Flores, LPT",+63 917 457 254,Mrs. Gina Mendoza,Mother,parent.109238470342@parent.sapc.edu.ph,+63 919 153 255,Pre-Provisioned (Password Change Required Upon 1st Login)
student,Matthew Ramos,matthew.ramos343@sapc.edu.ph,109238470343,Grade 9,Grade 9 - St. Martin de Porres,Junior High Department,SAPC@0343!,"Mr. Ronald Ramos, LPT",+63 917 458 591,Mr. Roberto Ramos,Father,parent.109238470343@parent.sapc.edu.ph,+63 919 154 592,Pre-Provisioned (Password Change Required Upon 1st Login)
student,Alyssa Santiago,alyssa.santiago344@sapc.edu.ph,109238470344,Grade 9,Grade 9 - St. Lorenzo Ruiz,Junior High Department,SAPC@0344!,"Ms. Pamela Rivera, LPT",+63 917 459 928,Mrs. Teresa Santiago,Mother,parent.109238470344@parent.sapc.edu.ph,+63 919 155 929,Pre-Provisioned (Password Change Required Upon 1st Login)
student,Nathan Manalo,nathan.manalo345@sapc.edu.ph,109238470345,Grade 9,Grade 9 - St. Martin de Porres,Junior High Department,SAPC@0345!,"Mr. Ronald Ramos, LPT",+63 917 461 265,Mr. Edgardo Manalo,Father,parent.109238470345@parent.sapc.edu.ph,+63 919 157 266,Pre-Provisioned (Password Change Required Upon 1st Login)
student,Jose Alcantara,jose.alcantara346@sapc.edu.ph,109238470346,Grade 9,Grade 9 - St. Pedro Calungsod,Junior High Department,SAPC@0346!,"Mr. Emmanuel Flores, LPT",+63 917 462 602,Mrs. Corazon Alcantara,Mother,parent.109238470346@parent.sapc.edu.ph,+63 919 158 603,Pre-Provisioned (Password Change Required Upon 1st Login)
student,Martin Santos,martin.santos347@sapc.edu.ph,109238470347,Grade 9,Grade 9 - St. Cecilia,Junior High Department,SAPC@0347!,"Ms. Clarisse Ocampo, LPT",+63 917 463 939,Mr. Rolando Santos,Father,parent.109238470347@parent.sapc.edu.ph,+63 919 159 940,Pre-Provisioned (Password Change Required Upon 1st Login)
student,Lorenzo Mercado,lorenzo.mercado348@sapc.edu.ph,109238470348,Grade 9,Grade 9 - St. Cecilia,Junior High Department,SAPC@0348!,"Ms. Clarisse Ocampo, LPT",+63 917 465 276,Mrs. Rowena Mercado,Mother,parent.109238470348@parent.sapc.edu.ph,+63 919 161 277,Pre-Provisioned (Password Change Required Upon 1st Login)
student,Gabriel Dimaculangan,gabriel.dimaculangan349@sapc.edu.ph,109238470349,Grade 9,Grade 9 - St. Lorenzo Ruiz,Junior High Department,SAPC@0349!,"Ms. Pamela Rivera, LPT",+63 917 466 613,Mr. Ramon Dimaculangan,Father,parent.109238470349@parent.sapc.edu.ph,+63 919 162 614,Pre-Provisioned (Password Change Required Upon 1st Login)
student,Simon Pascual,simon.pascual350@sapc.edu.ph,109238470350,Grade 9,Grade 9 - St. Martin de Porres,Junior High Department,SAPC@0350!,"Mr. Ronald Ramos, LPT",+63 917 467 950,Mrs. Lorna Pascual,Mother,parent.109238470350@parent.sapc.edu.ph,+63 919 163 951,Pre-Provisioned (Password Change Required Upon 1st Login)
student,Clarisse Gonzales,clarisse.gonzales351@sapc.edu.ph,109238470351,Grade 9,Grade 9 - St. Cecilia,Junior High Department,SAPC@0351!,"Ms. Clarisse Ocampo, LPT",+63 917 469 287,Mr. Antonio Gonzales,Father,parent.109238470351@parent.sapc.edu.ph,+63 919 165 288,Pre-Provisioned (Password Change Required Upon 1st Login)
student,Rochelle Garcia,rochelle.garcia352@sapc.edu.ph,109238470352,Grade 9,Grade 9 - St. Lorenzo Ruiz,Junior High Department,SAPC@0352!,"Ms. Pamela Rivera, LPT",+63 917 470 624,Mrs. Mary Ann Garcia,Mother,parent.109238470352@parent.sapc.edu.ph,+63 919 166 625,Pre-Provisioned (Password Change Required Upon 1st Login)
student,Emman Tolentino,emman.tolentino353@sapc.edu.ph,109238470353,Grade 9,Grade 9 - St. Martin de Porres,Junior High Department,SAPC@0353!,"Mr. Ronald Ramos, LPT",+63 917 471 961,Mr. Eduardo Tolentino,Father,parent.109238470353@parent.sapc.edu.ph,+63 919 167 962,Pre-Provisioned (Password Change Required Upon 1st Login)
student,Camille Gonzales,camille.gonzales354@sapc.edu.ph,109238470354,Grade 9,Grade 9 - St. Pedro Calungsod,Junior High Department,SAPC@0354!,"Mr. Emmanuel Flores, LPT",+63 917 473 298,Mrs. Jocelyn Gonzales,Mother,parent.109238470354@parent.sapc.edu.ph,+63 919 169 299,Pre-Provisioned (Password Change Required Upon 1st Login)
student,Bernadette Tolentino,bernadette.tolentino355@sapc.edu.ph,109238470355,Grade 9,Grade 9 - St. Martin de Porres,Junior High Department,SAPC@0355!,"Mr. Ronald Ramos, LPT",+63 917 474 635,Mr. Wilfredo Tolentino,Father,parent.109238470355@parent.sapc.edu.ph,+63 919 170 636,Pre-Provisioned (Password Change Required Upon 1st Login)
student,Jasmine Dela Cruz,jasmine.dela cruz356@sapc.edu.ph,109238470356,Grade 9,Grade 9 - St. Martin de Porres,Junior High Department,SAPC@0356!,"Mr. Ronald Ramos, LPT",+63 917 475 972,Mrs. Elizabeth Dela Cruz,Mother,parent.109238470356@parent.sapc.edu.ph,+63 919 171 973,Pre-Provisioned (Password Change Required Upon 1st Login)
student,Jose Dela Cruz,jose.dela cruz357@sapc.edu.ph,109238470357,Grade 9,Grade 9 - St. Lorenzo Ruiz,Junior High Department,SAPC@0357!,"Ms. Pamela Rivera, LPT",+63 917 477 309,Mr. Victor Dela Cruz,Father,parent.109238470357@parent.sapc.edu.ph,+63 919 173 310,Pre-Provisioned (Password Change Required Upon 1st Login)
student,Kathleen Morales,kathleen.morales358@sapc.edu.ph,109238470358,Grade 9,Grade 9 - St. Pedro Calungsod,Junior High Department,SAPC@0358!,"Mr. Emmanuel Flores, LPT",+63 917 478 646,Mrs. Imelda Morales,Mother,parent.109238470358@parent.sapc.edu.ph,+63 919 174 647,Pre-Provisioned (Password Change Required Upon 1st Login)
student,Kathleen Ramos,kathleen.ramos359@sapc.edu.ph,109238470359,Grade 9,Grade 9 - St. Cecilia,Junior High Department,SAPC@0359!,"Ms. Clarisse Ocampo, LPT",+63 917 479 983,Mr. Gabriel Ramos,Father,parent.109238470359@parent.sapc.edu.ph,+63 919 175 984,Pre-Provisioned (Password Change Required Upon 1st Login)
student,Timothy Dela Cruz,timothy.dela cruz360@sapc.edu.ph,109238470360,Grade 9,Grade 9 - St. Pedro Calungsod,Junior High Department,SAPC@0360!,"Mr. Emmanuel Flores, LPT",+63 917 481 320,Mrs. Bernadette Dela Cruz,Mother,parent.109238470360@parent.sapc.edu.ph,+63 919 177 321,Pre-Provisioned (Password Change Required Upon 1st Login)
student,Simon Manalo,simon.manalo361@sapc.edu.ph,109238470361,Grade 9,Grade 9 - St. Cecilia,Junior High Department,SAPC@0361!,"Ms. Clarisse Ocampo, LPT",+63 917 482 657,Mr. Manuel Manalo,Father,parent.109238470361@parent.sapc.edu.ph,+63 919 178 658,Pre-Provisioned (Password Change Required Upon 1st Login)
student,Adrian Santos,adrian.santos362@sapc.edu.ph,109238470362,Grade 9,Grade 9 - St. Martin de Porres,Junior High Department,SAPC@0362!,"Mr. Ronald Ramos, LPT",+63 917 483 994,Mrs. Cristina Santos,Mother,parent.109238470362@parent.sapc.edu.ph,+63 919 179 995,Pre-Provisioned (Password Change Required Upon 1st Login)
student,Francis Lim,francis.lim363@sapc.edu.ph,109238470363,Grade 9,Grade 9 - St. Cecilia,Junior High Department,SAPC@0363!,"Ms. Clarisse Ocampo, LPT",+63 917 485 331,Mr. Mario Lim,Father,parent.109238470363@parent.sapc.edu.ph,+63 919 181 332,Pre-Provisioned (Password Change Required Upon 1st Login)
student,Chloe Soriano,chloe.soriano364@sapc.edu.ph,109238470364,Grade 9,Grade 9 - St. Pedro Calungsod,Junior High Department,SAPC@0364!,"Mr. Emmanuel Flores, LPT",+63 917 486 668,Mrs. Lourdes Soriano,Mother,parent.109238470364@parent.sapc.edu.ph,+63 919 182 669,Pre-Provisioned (Password Change Required Upon 1st Login)
student,Kyle Villanueva,kyle.villanueva365@sapc.edu.ph,109238470365,Grade 9,Grade 9 - St. Pedro Calungsod,Junior High Department,SAPC@0365!,"Mr. Emmanuel Flores, LPT",+63 917 488 005,Mr. Gerardo Villanueva,Father,parent.109238470365@parent.sapc.edu.ph,+63 919 184 006,Pre-Provisioned (Password Change Required Upon 1st Login)
student,Francis Salazar,francis.salazar366@sapc.edu.ph,109238470366,Grade 9,Grade 9 - St. Cecilia,Junior High Department,SAPC@0366!,"Ms. Clarisse Ocampo, LPT",+63 917 489 342,Mrs. Elena Salazar,Mother,parent.109238470366@parent.sapc.edu.ph,+63 919 185 343,Pre-Provisioned (Password Change Required Upon 1st Login)
student,Daniel Mendoza,daniel.mendoza367@sapc.edu.ph,109238470367,Grade 9,Grade 9 - St. Lorenzo Ruiz,Junior High Department,SAPC@0367!,"Ms. Pamela Rivera, LPT",+63 917 490 679,Mr. Ernesto Mendoza,Father,parent.109238470367@parent.sapc.edu.ph,+63 919 186 680,Pre-Provisioned (Password Change Required Upon 1st Login)
student,Justin Lim,justin.lim368@sapc.edu.ph,109238470368,Grade 9,Grade 9 - St. Pedro Calungsod,Junior High Department,SAPC@0368!,"Mr. Emmanuel Flores, LPT",+63 917 492 016,Mrs. Maricel Lim,Mother,parent.109238470368@parent.sapc.edu.ph,+63 919 188 017,Pre-Provisioned (Password Change Required Upon 1st Login)
student,Martin Alcantara,martin.alcantara369@sapc.edu.ph,109238470369,Grade 9,Grade 9 - St. Lorenzo Ruiz,Junior High Department,SAPC@0369!,"Ms. Pamela Rivera, LPT",+63 917 493 353,Mr. Ferdinand Alcantara,Father,parent.109238470369@parent.sapc.edu.ph,+63 919 189 354,Pre-Provisioned (Password Change Required Upon 1st Login)
student,Ethan Mendoza,ethan.mendoza370@sapc.edu.ph,109238470370,Grade 9,Grade 9 - St. Pedro Calungsod,Junior High Department,SAPC@0370!,"Mr. Emmanuel Flores, LPT",+63 917 494 690,Mrs. Carmela Mendoza,Mother,parent.109238470370@parent.sapc.edu.ph,+63 919 190 691,Pre-Provisioned (Password Change Required Upon 1st Login)
student,Trisha Mercado,trisha.mercado371@sapc.edu.ph,109238470371,Grade 9,Grade 9 - St. Pedro Calungsod,Junior High Department,SAPC@0371!,"Mr. Emmanuel Flores, LPT",+63 917 496 027,Mr. Carlos Mercado,Father,parent.109238470371@parent.sapc.edu.ph,+63 919 192 028,Pre-Provisioned (Password Change Required Upon 1st Login)
student,Bernadette Santiago,bernadette.santiago372@sapc.edu.ph,109238470372,Grade 9,Grade 9 - St. Lorenzo Ruiz,Junior High Department,SAPC@0372!,"Ms. Pamela Rivera, LPT",+63 917 497 364,Mrs. Rosalinda Santiago,Mother,parent.109238470372@parent.sapc.edu.ph,+63 919 193 365,Pre-Provisioned (Password Change Required Upon 1st Login)
student,Simon Dela Cruz,simon.dela cruz373@sapc.edu.ph,109238470373,Grade 9,Grade 9 - St. Cecilia,Junior High Department,SAPC@0373!,"Ms. Clarisse Ocampo, LPT",+63 917 498 701,Mr. Danilo Dela Cruz,Father,parent.109238470373@parent.sapc.edu.ph,+63 919 194 702,Pre-Provisioned (Password Change Required Upon 1st Login)
student,Mark Pascual,mark.pascual374@sapc.edu.ph,109238470374,Grade 9,Grade 9 - St. Pedro Calungsod,Junior High Department,SAPC@0374!,"Mr. Emmanuel Flores, LPT",+63 917 500 038,Mrs. Josephine Pascual,Mother,parent.109238470374@parent.sapc.edu.ph,+63 919 196 039,Pre-Provisioned (Password Change Required Upon 1st Login)
student,Nicole Mendoza,nicole.mendoza375@sapc.edu.ph,109238470375,Grade 9,Grade 9 - St. Cecilia,Junior High Department,SAPC@0375!,"Ms. Clarisse Ocampo, LPT",+63 917 501 375,Mr. Reynaldo Mendoza,Father,parent.109238470375@parent.sapc.edu.ph,+63 919 197 376,Pre-Provisioned (Password Change Required Upon 1st Login)
student,Liza Castillo,liza.castillo376@sapc.edu.ph,109238470376,Grade 10,Grade 10 - St. Vincent de Paul,Junior High Department,SAPC@0376!,"Ms. Jennifer Tolentino, LPT",+63 917 502 712,Mrs. Remedios Castillo,Mother,parent.109238470376@parent.sapc.edu.ph,+63 919 198 713,Pre-Provisioned (Password Change Required Upon 1st Login)
student,Cecilia Lim,cecilia.lim377@sapc.edu.ph,109238470377,Grade 10,Grade 10 - St. Vincent de Paul,Junior High Department,SAPC@0377!,"Ms. Jennifer Tolentino, LPT",+63 917 504 049,Mr. Renato Lim,Father,parent.109238470377@parent.sapc.edu.ph,+63 919 200 050,Pre-Provisioned (Password Change Required Upon 1st Login)
student,Cedric Gonzales,cedric.gonzales378@sapc.edu.ph,109238470378,Grade 10,Grade 10 - St. Thomas Aquinas,Junior High Department,SAPC@0378!,"Mr. Roberto Santos, LPT",+63 917 505 386,Mrs. Flordeliza Gonzales,Mother,parent.109238470378@parent.sapc.edu.ph,+63 919 201 387,Pre-Provisioned (Password Change Required Upon 1st Login)
student,Bea Lim,bea.lim379@sapc.edu.ph,109238470379,Grade 10,Grade 10 - St. Augustine,Junior High Department,SAPC@0379!,"Ms. Veronica Dimaculangan, LPT",+63 917 506 723,Mr. Rodolfo Lim,Father,parent.109238470379@parent.sapc.edu.ph,+63 919 202 724,Pre-Provisioned (Password Change Required Upon 1st Login)
student,Christian Corpuz,christian.corpuz380@sapc.edu.ph,109238470380,Grade 10,Grade 10 - St. Augustine,Junior High Department,SAPC@0380!,"Ms. Veronica Dimaculangan, LPT",+63 917 508 060,Mrs. Cynthia Corpuz,Mother,parent.109238470380@parent.sapc.edu.ph,+63 919 204 061,Pre-Provisioned (Password Change Required Upon 1st Login)
student,Angelo Castro,angelo.castro381@sapc.edu.ph,109238470381,Grade 10,Grade 10 - St. Thomas Aquinas,Junior High Department,SAPC@0381!,"Mr. Roberto Santos, LPT",+63 917 509 397,Mr. Nestor Castro,Father,parent.109238470381@parent.sapc.edu.ph,+63 919 205 398,Pre-Provisioned (Password Change Required Upon 1st Login)
student,Andrea Villanueva,andrea.villanueva382@sapc.edu.ph,109238470382,Grade 10,Grade 10 - St. Ignatius,Junior High Department,SAPC@0382!,"Mr. Dennis Castro, LPT",+63 917 510 734,Mrs. Shirley Villanueva,Mother,parent.109238470382@parent.sapc.edu.ph,+63 919 206 735,Pre-Provisioned (Password Change Required Upon 1st Login)
student,Ethan Torres,ethan.torres383@sapc.edu.ph,109238470383,Grade 10,Grade 10 - St. Vincent de Paul,Junior High Department,SAPC@0383!,"Ms. Jennifer Tolentino, LPT",+63 917 512 071,Mr. Jaime Torres,Father,parent.109238470383@parent.sapc.edu.ph,+63 919 208 072,Pre-Provisioned (Password Change Required Upon 1st Login)
student,Erika Alcantara,erika.alcantara384@sapc.edu.ph,109238470384,Grade 10,Grade 10 - St. Thomas Aquinas,Junior High Department,SAPC@0384!,"Mr. Roberto Santos, LPT",+63 917 513 408,Mrs. Jennifer Alcantara,Mother,parent.109238470384@parent.sapc.edu.ph,+63 919 209 409,Pre-Provisioned (Password Change Required Upon 1st Login)
student,Lance Villanueva,lance.villanueva385@sapc.edu.ph,109238470385,Grade 10,Grade 10 - St. Vincent de Paul,Junior High Department,SAPC@0385!,"Ms. Jennifer Tolentino, LPT",+63 917 514 745,Mr. Cesar Villanueva,Father,parent.109238470385@parent.sapc.edu.ph,+63 919 210 746,Pre-Provisioned (Password Change Required Upon 1st Login)
student,Angelo Valdez,angelo.valdez386@sapc.edu.ph,109238470386,Grade 10,Grade 10 - St. Thomas Aquinas,Junior High Department,SAPC@0386!,"Mr. Roberto Santos, LPT",+63 917 516 082,Mrs. Grace Valdez,Mother,parent.109238470386@parent.sapc.edu.ph,+63 919 212 083,Pre-Provisioned (Password Change Required Upon 1st Login)
student,Jerome Castro,jerome.castro387@sapc.edu.ph,109238470387,Grade 10,Grade 10 - St. Vincent de Paul,Junior High Department,SAPC@0387!,"Ms. Jennifer Tolentino, LPT",+63 917 517 419,Mr. Arnel Castro,Father,parent.109238470387@parent.sapc.edu.ph,+63 919 213 420,Pre-Provisioned (Password Change Required Upon 1st Login)
student,Simon Dela Cruz,simon.dela cruz388@sapc.edu.ph,109238470388,Grade 10,Grade 10 - St. Augustine,Junior High Department,SAPC@0388!,"Ms. Veronica Dimaculangan, LPT",+63 917 518 756,Mrs. Gina Dela Cruz,Mother,parent.109238470388@parent.sapc.edu.ph,+63 919 214 757,Pre-Provisioned (Password Change Required Upon 1st Login)
student,Benedict Lim,benedict.lim389@sapc.edu.ph,109238470389,Grade 10,Grade 10 - St. Ignatius,Junior High Department,SAPC@0389!,"Mr. Dennis Castro, LPT",+63 917 520 093,Mr. Roberto Lim,Father,parent.109238470389@parent.sapc.edu.ph,+63 919 216 094,Pre-Provisioned (Password Change Required Upon 1st Login)
student,Martin Mendoza,martin.mendoza390@sapc.edu.ph,109238470390,Grade 10,Grade 10 - St. Augustine,Junior High Department,SAPC@0390!,"Ms. Veronica Dimaculangan, LPT",+63 917 521 430,Mrs. Teresa Mendoza,Mother,parent.109238470390@parent.sapc.edu.ph,+63 919 217 431,Pre-Provisioned (Password Change Required Upon 1st Login)
student,Anthony Padilla,anthony.padilla391@sapc.edu.ph,109238470391,Grade 10,Grade 10 - St. Ignatius,Junior High Department,SAPC@0391!,"Mr. Dennis Castro, LPT",+63 917 522 767,Mr. Edgardo Padilla,Father,parent.109238470391@parent.sapc.edu.ph,+63 919 218 768,Pre-Provisioned (Password Change Required Upon 1st Login)
student,Elijah Cruz,elijah.cruz392@sapc.edu.ph,109238470392,Grade 10,Grade 10 - St. Augustine,Junior High Department,SAPC@0392!,"Ms. Veronica Dimaculangan, LPT",+63 917 524 104,Mrs. Corazon Cruz,Mother,parent.109238470392@parent.sapc.edu.ph,+63 919 220 105,Pre-Provisioned (Password Change Required Upon 1st Login)
student,Bea Ramos,bea.ramos393@sapc.edu.ph,109238470393,Grade 10,Grade 10 - St. Vincent de Paul,Junior High Department,SAPC@0393!,"Ms. Jennifer Tolentino, LPT",+63 917 525 441,Mr. Rolando Ramos,Father,parent.109238470393@parent.sapc.edu.ph,+63 919 221 442,Pre-Provisioned (Password Change Required Upon 1st Login)
student,Princess Mae Santos,princessmae.santos394@sapc.edu.ph,109238470394,Grade 10,Grade 10 - St. Vincent de Paul,Junior High Department,SAPC@0394!,"Ms. Jennifer Tolentino, LPT",+63 917 526 778,Mrs. Rowena Santos,Mother,parent.109238470394@parent.sapc.edu.ph,+63 919 222 779,Pre-Provisioned (Password Change Required Upon 1st Login)
student,Dominic Castro,dominic.castro395@sapc.edu.ph,109238470395,Grade 10,Grade 10 - St. Augustine,Junior High Department,SAPC@0395!,"Ms. Veronica Dimaculangan, LPT",+63 917 528 115,Mr. Ramon Castro,Father,parent.109238470395@parent.sapc.edu.ph,+63 919 224 116,Pre-Provisioned (Password Change Required Upon 1st Login)
student,Clarisse Mercado,clarisse.mercado396@sapc.edu.ph,109238470396,Grade 10,Grade 10 - St. Vincent de Paul,Junior High Department,SAPC@0396!,"Ms. Jennifer Tolentino, LPT",+63 917 529 452,Mrs. Lorna Mercado,Mother,parent.109238470396@parent.sapc.edu.ph,+63 919 225 453,Pre-Provisioned (Password Change Required Upon 1st Login)
student,Justin Bautista,justin.bautista397@sapc.edu.ph,109238470397,Grade 10,Grade 10 - St. Vincent de Paul,Junior High Department,SAPC@0397!,"Ms. Jennifer Tolentino, LPT",+63 917 530 789,Mr. Antonio Bautista,Father,parent.109238470397@parent.sapc.edu.ph,+63 919 226 790,Pre-Provisioned (Password Change Required Upon 1st Login)
student,Jose Santos,jose.santos398@sapc.edu.ph,109238470398,Grade 10,Grade 10 - St. Vincent de Paul,Junior High Department,SAPC@0398!,"Ms. Jennifer Tolentino, LPT",+63 917 532 126,Mrs. Mary Ann Santos,Mother,parent.109238470398@parent.sapc.edu.ph,+63 919 228 127,Pre-Provisioned (Password Change Required Upon 1st Login)
student,Gabriel Lim,gabriel.lim399@sapc.edu.ph,109238470399,Grade 10,Grade 10 - St. Thomas Aquinas,Junior High Department,SAPC@0399!,"Mr. Roberto Santos, LPT",+63 917 533 463,Mr. Eduardo Lim,Father,parent.109238470399@parent.sapc.edu.ph,+63 919 229 464,Pre-Provisioned (Password Change Required Upon 1st Login)
student,Jose Ramos,jose.ramos400@sapc.edu.ph,109238470400,Grade 10,Grade 10 - St. Ignatius,Junior High Department,SAPC@0400!,"Mr. Dennis Castro, LPT",+63 917 534 800,Mrs. Jocelyn Ramos,Mother,parent.109238470400@parent.sapc.edu.ph,+63 919 230 801,Pre-Provisioned (Password Change Required Upon 1st Login)
student,Karl Bautista,karl.bautista401@sapc.edu.ph,109238470401,Grade 10,Grade 10 - St. Thomas Aquinas,Junior High Department,SAPC@0401!,"Mr. Roberto Santos, LPT",+63 917 536 137,Mr. Wilfredo Bautista,Father,parent.109238470401@parent.sapc.edu.ph,+63 919 232 138,Pre-Provisioned (Password Change Required Upon 1st Login)
student,Timothy Padilla,timothy.padilla402@sapc.edu.ph,109238470402,Grade 10,Grade 10 - St. Augustine,Junior High Department,SAPC@0402!,"Ms. Veronica Dimaculangan, LPT",+63 917 537 474,Mrs. Elizabeth Padilla,Mother,parent.109238470402@parent.sapc.edu.ph,+63 919 233 475,Pre-Provisioned (Password Change Required Upon 1st Login)
student,Ethan Bautista,ethan.bautista403@sapc.edu.ph,109238470403,Grade 10,Grade 10 - St. Augustine,Junior High Department,SAPC@0403!,"Ms. Veronica Dimaculangan, LPT",+63 917 538 811,Mr. Victor Bautista,Father,parent.109238470403@parent.sapc.edu.ph,+63 919 234 812,Pre-Provisioned (Password Change Required Upon 1st Login)
student,Adrian Aquino,adrian.aquino404@sapc.edu.ph,109238470404,Grade 10,Grade 10 - St. Ignatius,Junior High Department,SAPC@0404!,"Mr. Dennis Castro, LPT",+63 917 540 148,Mrs. Imelda Aquino,Mother,parent.109238470404@parent.sapc.edu.ph,+63 919 236 149,Pre-Provisioned (Password Change Required Upon 1st Login)
student,Jerome Bautista,jerome.bautista405@sapc.edu.ph,109238470405,Grade 10,Grade 10 - St. Thomas Aquinas,Junior High Department,SAPC@0405!,"Mr. Roberto Santos, LPT",+63 917 541 485,Mr. Gabriel Bautista,Father,parent.109238470405@parent.sapc.edu.ph,+63 919 237 486,Pre-Provisioned (Password Change Required Upon 1st Login)
student,Jerome Torres,jerome.torres406@sapc.edu.ph,109238470406,Grade 10,Grade 10 - St. Augustine,Junior High Department,SAPC@0406!,"Ms. Veronica Dimaculangan, LPT",+63 917 542 822,Mrs. Bernadette Torres,Mother,parent.109238470406@parent.sapc.edu.ph,+63 919 238 823,Pre-Provisioned (Password Change Required Upon 1st Login)
student,Cecilia De Leon,cecilia.de leon407@sapc.edu.ph,109238470407,Grade 10,Grade 10 - St. Vincent de Paul,Junior High Department,SAPC@0407!,"Ms. Jennifer Tolentino, LPT",+63 917 544 159,Mr. Manuel De Leon,Father,parent.109238470407@parent.sapc.edu.ph,+63 919 240 160,Pre-Provisioned (Password Change Required Upon 1st Login)
student,Clarisse Gonzales,clarisse.gonzales408@sapc.edu.ph,109238470408,Grade 10,Grade 10 - St. Thomas Aquinas,Junior High Department,SAPC@0408!,"Mr. Roberto Santos, LPT",+63 917 545 496,Mrs. Cristina Gonzales,Mother,parent.109238470408@parent.sapc.edu.ph,+63 919 241 497,Pre-Provisioned (Password Change Required Upon 1st Login)
student,John Carlo Domingo,johncarlo.domingo409@sapc.edu.ph,109238470409,Grade 10,Grade 10 - St. Vincent de Paul,Junior High Department,SAPC@0409!,"Ms. Jennifer Tolentino, LPT",+63 917 546 833,Mr. Mario Domingo,Father,parent.109238470409@parent.sapc.edu.ph,+63 919 242 834,Pre-Provisioned (Password Change Required Upon 1st Login)
student,Ethan Navarro,ethan.navarro410@sapc.edu.ph,109238470410,Grade 10,Grade 10 - St. Vincent de Paul,Junior High Department,SAPC@0410!,"Ms. Jennifer Tolentino, LPT",+63 917 548 170,Mrs. Lourdes Navarro,Mother,parent.109238470410@parent.sapc.edu.ph,+63 919 244 171,Pre-Provisioned (Password Change Required Upon 1st Login)
student,Lance Torres,lance.torres411@sapc.edu.ph,109238470411,Grade 10,Grade 10 - St. Ignatius,Junior High Department,SAPC@0411!,"Mr. Dennis Castro, LPT",+63 917 549 507,Mr. Gerardo Torres,Father,parent.109238470411@parent.sapc.edu.ph,+63 919 245 508,Pre-Provisioned (Password Change Required Upon 1st Login)
student,Matthew Domingo,matthew.domingo412@sapc.edu.ph,109238470412,Grade 10,Grade 10 - St. Ignatius,Junior High Department,SAPC@0412!,"Mr. Dennis Castro, LPT",+63 917 550 844,Mrs. Elena Domingo,Mother,parent.109238470412@parent.sapc.edu.ph,+63 919 246 845,Pre-Provisioned (Password Change Required Upon 1st Login)
student,Emman Reyes,emman.reyes413@sapc.edu.ph,109238470413,Grade 10,Grade 10 - St. Thomas Aquinas,Junior High Department,SAPC@0413!,"Mr. Roberto Santos, LPT",+63 917 552 181,Mr. Ernesto Reyes,Father,parent.109238470413@parent.sapc.edu.ph,+63 919 248 182,Pre-Provisioned (Password Change Required Upon 1st Login)
student,Nathan Cruz,nathan.cruz414@sapc.edu.ph,109238470414,Grade 10,Grade 10 - St. Thomas Aquinas,Junior High Department,SAPC@0414!,"Mr. Roberto Santos, LPT",+63 917 553 518,Mrs. Maricel Cruz,Mother,parent.109238470414@parent.sapc.edu.ph,+63 919 249 519,Pre-Provisioned (Password Change Required Upon 1st Login)
student,Kathryn Morales,kathryn.morales415@sapc.edu.ph,109238470415,Grade 10,Grade 10 - St. Augustine,Junior High Department,SAPC@0415!,"Ms. Veronica Dimaculangan, LPT",+63 917 554 855,Mr. Ferdinand Morales,Father,parent.109238470415@parent.sapc.edu.ph,+63 919 250 856,Pre-Provisioned (Password Change Required Upon 1st Login)
student,Alyssa Morales,alyssa.morales416@sapc.edu.ph,109238470416,Grade 10,Grade 10 - St. Thomas Aquinas,Junior High Department,SAPC@0416!,"Mr. Roberto Santos, LPT",+63 917 556 192,Mrs. Carmela Morales,Mother,parent.109238470416@parent.sapc.edu.ph,+63 919 252 193,Pre-Provisioned (Password Change Required Upon 1st Login)
student,Nicole Santos,nicole.santos417@sapc.edu.ph,109238470417,Grade 10,Grade 10 - St. Ignatius,Junior High Department,SAPC@0417!,"Mr. Dennis Castro, LPT",+63 917 557 529,Mr. Carlos Santos,Father,parent.109238470417@parent.sapc.edu.ph,+63 919 253 530,Pre-Provisioned (Password Change Required Upon 1st Login)
student,Rita Ocampo,rita.ocampo418@sapc.edu.ph,109238470418,Grade 10,Grade 10 - St. Augustine,Junior High Department,SAPC@0418!,"Ms. Veronica Dimaculangan, LPT",+63 917 558 866,Mrs. Rosalinda Ocampo,Mother,parent.109238470418@parent.sapc.edu.ph,+63 919 254 867,Pre-Provisioned (Password Change Required Upon 1st Login)
student,Andrea Aquino,andrea.aquino419@sapc.edu.ph,109238470419,Grade 10,Grade 10 - St. Thomas Aquinas,Junior High Department,SAPC@0419!,"Mr. Roberto Santos, LPT",+63 917 560 203,Mr. Danilo Aquino,Father,parent.109238470419@parent.sapc.edu.ph,+63 919 256 204,Pre-Provisioned (Password Change Required Upon 1st Login)
student,Karl Rivera,karl.rivera420@sapc.edu.ph,109238470420,Grade 10,Grade 10 - St. Thomas Aquinas,Junior High Department,SAPC@0420!,"Mr. Roberto Santos, LPT",+63 917 561 540,Mrs. Josephine Rivera,Mother,parent.109238470420@parent.sapc.edu.ph,+63 919 257 541,Pre-Provisioned (Password Change Required Upon 1st Login)
student,Simon Rivera,simon.rivera421@sapc.edu.ph,109238470421,Grade 10,Grade 10 - St. Augustine,Junior High Department,SAPC@0421!,"Ms. Veronica Dimaculangan, LPT",+63 917 562 877,Mr. Reynaldo Rivera,Father,parent.109238470421@parent.sapc.edu.ph,+63 919 258 878,Pre-Provisioned (Password Change Required Upon 1st Login)
student,Princess Mae Lim,princessmae.lim422@sapc.edu.ph,109238470422,Grade 10,Grade 10 - St. Augustine,Junior High Department,SAPC@0422!,"Ms. Veronica Dimaculangan, LPT",+63 917 564 214,Mrs. Remedios Lim,Mother,parent.109238470422@parent.sapc.edu.ph,+63 919 260 215,Pre-Provisioned (Password Change Required Upon 1st Login)
student,Joy San Jose,joy.san jose423@sapc.edu.ph,109238470423,Grade 10,Grade 10 - St. Thomas Aquinas,Junior High Department,SAPC@0423!,"Mr. Roberto Santos, LPT",+63 917 565 551,Mr. Renato San Jose,Father,parent.109238470423@parent.sapc.edu.ph,+63 919 261 552,Pre-Provisioned (Password Change Required Upon 1st Login)
student,Patricia Castillo,patricia.castillo424@sapc.edu.ph,109238470424,Grade 10,Grade 10 - St. Augustine,Junior High Department,SAPC@0424!,"Ms. Veronica Dimaculangan, LPT",+63 917 566 888,Mrs. Flordeliza Castillo,Mother,parent.109238470424@parent.sapc.edu.ph,+63 919 262 889,Pre-Provisioned (Password Change Required Upon 1st Login)
student,Bernadette Ramos,bernadette.ramos425@sapc.edu.ph,109238470425,Grade 10,Grade 10 - St. Thomas Aquinas,Junior High Department,SAPC@0425!,"Mr. Roberto Santos, LPT",+63 917 568 225,Mr. Rodolfo Ramos,Father,parent.109238470425@parent.sapc.edu.ph,+63 919 264 226,Pre-Provisioned (Password Change Required Upon 1st Login)
student,Princess Mae Dela Cruz,princessmae.dela cruz426@sapc.edu.ph,109238470426,Grade 10,Grade 10 - St. Thomas Aquinas,Junior High Department,SAPC@0426!,"Mr. Roberto Santos, LPT",+63 917 569 562,Mrs. Cynthia Dela Cruz,Mother,parent.109238470426@parent.sapc.edu.ph,+63 919 265 563,Pre-Provisioned (Password Change Required Upon 1st Login)
student,Kyle Ramos,kyle.ramos427@sapc.edu.ph,109238470427,Grade 10,Grade 10 - St. Ignatius,Junior High Department,SAPC@0427!,"Mr. Dennis Castro, LPT",+63 917 570 899,Mr. Nestor Ramos,Father,parent.109238470427@parent.sapc.edu.ph,+63 919 266 900,Pre-Provisioned (Password Change Required Upon 1st Login)
student,Patricia Cruz,patricia.cruz428@sapc.edu.ph,109238470428,Grade 10,Grade 10 - St. Ignatius,Junior High Department,SAPC@0428!,"Mr. Dennis Castro, LPT",+63 917 572 236,Mrs. Shirley Cruz,Mother,parent.109238470428@parent.sapc.edu.ph,+63 919 268 237,Pre-Provisioned (Password Change Required Upon 1st Login)
student,Christian Flores,christian.flores429@sapc.edu.ph,109238470429,Grade 10,Grade 10 - St. Vincent de Paul,Junior High Department,SAPC@0429!,"Ms. Jennifer Tolentino, LPT",+63 917 573 573,Mr. Jaime Flores,Father,parent.109238470429@parent.sapc.edu.ph,+63 919 269 574,Pre-Provisioned (Password Change Required Upon 1st Login)
student,Rafael Garcia,rafael.garcia430@sapc.edu.ph,109238470430,Grade 10,Grade 10 - St. Augustine,Junior High Department,SAPC@0430!,"Ms. Veronica Dimaculangan, LPT",+63 917 574 910,Mrs. Jennifer Garcia,Mother,parent.109238470430@parent.sapc.edu.ph,+63 919 270 911,Pre-Provisioned (Password Change Required Upon 1st Login)
student,Carlos Aquino,carlos.aquino431@sapc.edu.ph,109238470431,Grade 10,Grade 10 - St. Thomas Aquinas,Junior High Department,SAPC@0431!,"Mr. Roberto Santos, LPT",+63 917 576 247,Mr. Cesar Aquino,Father,parent.109238470431@parent.sapc.edu.ph,+63 919 272 248,Pre-Provisioned (Password Change Required Upon 1st Login)
student,Clare Castillo,clare.castillo432@sapc.edu.ph,109238470432,Grade 10,Grade 10 - St. Thomas Aquinas,Junior High Department,SAPC@0432!,"Mr. Roberto Santos, LPT",+63 917 577 584,Mrs. Grace Castillo,Mother,parent.109238470432@parent.sapc.edu.ph,+63 919 273 585,Pre-Provisioned (Password Change Required Upon 1st Login)
student,Maria Clara Gonzales,mariaclara.gonzales433@sapc.edu.ph,109238470433,Grade 10,Grade 10 - St. Augustine,Junior High Department,SAPC@0433!,"Ms. Veronica Dimaculangan, LPT",+63 917 578 921,Mr. Arnel Gonzales,Father,parent.109238470433@parent.sapc.edu.ph,+63 919 274 922,Pre-Provisioned (Password Change Required Upon 1st Login)
student,Bea Navarro,bea.navarro434@sapc.edu.ph,109238470434,Grade 10,Grade 10 - St. Ignatius,Junior High Department,SAPC@0434!,"Mr. Dennis Castro, LPT",+63 917 580 258,Mrs. Gina Navarro,Mother,parent.109238470434@parent.sapc.edu.ph,+63 919 276 259,Pre-Provisioned (Password Change Required Upon 1st Login)
student,Dominic Villanueva,dominic.villanueva435@sapc.edu.ph,109238470435,Grade 10,Grade 10 - St. Thomas Aquinas,Junior High Department,SAPC@0435!,"Mr. Roberto Santos, LPT",+63 917 581 595,Mr. Roberto Villanueva,Father,parent.109238470435@parent.sapc.edu.ph,+63 919 277 596,Pre-Provisioned (Password Change Required Upon 1st Login)
student,Mariel Garcia,mariel.garcia436@sapc.edu.ph,109238470436,Grade 10,Grade 10 - St. Vincent de Paul,Junior High Department,SAPC@0436!,"Ms. Jennifer Tolentino, LPT",+63 917 582 932,Mrs. Teresa Garcia,Mother,parent.109238470436@parent.sapc.edu.ph,+63 919 278 933,Pre-Provisioned (Password Change Required Upon 1st Login)
student,Gabriel San Jose,gabriel.san jose437@sapc.edu.ph,109238470437,Grade 10,Grade 10 - St. Augustine,Junior High Department,SAPC@0437!,"Ms. Veronica Dimaculangan, LPT",+63 917 584 269,Mr. Edgardo San Jose,Father,parent.109238470437@parent.sapc.edu.ph,+63 919 280 270,Pre-Provisioned (Password Change Required Upon 1st Login)
student,Nicole San Jose,nicole.san jose438@sapc.edu.ph,109238470438,Grade 10,Grade 10 - St. Ignatius,Junior High Department,SAPC@0438!,"Mr. Dennis Castro, LPT",+63 917 585 606,Mrs. Corazon San Jose,Mother,parent.109238470438@parent.sapc.edu.ph,+63 919 281 607,Pre-Provisioned (Password Change Required Upon 1st Login)
student,Elijah Tolentino,elijah.tolentino439@sapc.edu.ph,109238470439,Grade 10,Grade 10 - St. Vincent de Paul,Junior High Department,SAPC@0439!,"Ms. Jennifer Tolentino, LPT",+63 917 586 943,Mr. Rolando Tolentino,Father,parent.109238470439@parent.sapc.edu.ph,+63 919 282 944,Pre-Provisioned (Password Change Required Upon 1st Login)
student,Martin Bautista,martin.bautista440@sapc.edu.ph,109238470440,Grade 10,Grade 10 - St. Thomas Aquinas,Junior High Department,SAPC@0440!,"Mr. Roberto Santos, LPT",+63 917 588 280,Mrs. Rowena Bautista,Mother,parent.109238470440@parent.sapc.edu.ph,+63 919 284 281,Pre-Provisioned (Password Change Required Upon 1st Login)
student,Patricia Villanueva,patricia.villanueva441@sapc.edu.ph,109238470441,Grade 10,Grade 10 - St. Thomas Aquinas,Junior High Department,SAPC@0441!,"Mr. Roberto Santos, LPT",+63 917 589 617,Mr. Ramon Villanueva,Father,parent.109238470441@parent.sapc.edu.ph,+63 919 285 618,Pre-Provisioned (Password Change Required Upon 1st Login)
student,Rochelle Pascual,rochelle.pascual442@sapc.edu.ph,109238470442,Grade 10,Grade 10 - St. Thomas Aquinas,Junior High Department,SAPC@0442!,"Mr. Roberto Santos, LPT",+63 917 590 954,Mrs. Lorna Pascual,Mother,parent.109238470442@parent.sapc.edu.ph,+63 919 286 955,Pre-Provisioned (Password Change Required Upon 1st Login)
student,Benedict Lim,benedict.lim443@sapc.edu.ph,109238470443,Grade 10,Grade 10 - St. Ignatius,Junior High Department,SAPC@0443!,"Mr. Dennis Castro, LPT",+63 917 592 291,Mr. Antonio Lim,Father,parent.109238470443@parent.sapc.edu.ph,+63 919 288 292,Pre-Provisioned (Password Change Required Upon 1st Login)
student,Martin Valdez,martin.valdez444@sapc.edu.ph,109238470444,Grade 10,Grade 10 - St. Augustine,Junior High Department,SAPC@0444!,"Ms. Veronica Dimaculangan, LPT",+63 917 593 628,Mrs. Mary Ann Valdez,Mother,parent.109238470444@parent.sapc.edu.ph,+63 919 289 629,Pre-Provisioned (Password Change Required Upon 1st Login)
student,Timothy Dela Cruz,timothy.dela cruz445@sapc.edu.ph,109238470445,Grade 10,Grade 10 - St. Vincent de Paul,Junior High Department,SAPC@0445!,"Ms. Jennifer Tolentino, LPT",+63 917 594 965,Mr. Eduardo Dela Cruz,Father,parent.109238470445@parent.sapc.edu.ph,+63 919 290 966,Pre-Provisioned (Password Change Required Upon 1st Login)
student,Dominic Aquino,dominic.aquino446@sapc.edu.ph,109238470446,Grade 10,Grade 10 - St. Augustine,Junior High Department,SAPC@0446!,"Ms. Veronica Dimaculangan, LPT",+63 917 596 302,Mrs. Jocelyn Aquino,Mother,parent.109238470446@parent.sapc.edu.ph,+63 919 292 303,Pre-Provisioned (Password Change Required Upon 1st Login)
student,Lorenzo Navarro,lorenzo.navarro447@sapc.edu.ph,109238470447,Grade 10,Grade 10 - St. Thomas Aquinas,Junior High Department,SAPC@0447!,"Mr. Roberto Santos, LPT",+63 917 597 639,Mr. Wilfredo Navarro,Father,parent.109238470447@parent.sapc.edu.ph,+63 919 293 640,Pre-Provisioned (Password Change Required Upon 1st Login)
student,Bernadette Santiago,bernadette.santiago448@sapc.edu.ph,109238470448,Grade 10,Grade 10 - St. Thomas Aquinas,Junior High Department,SAPC@0448!,"Mr. Roberto Santos, LPT",+63 917 598 976,Mrs. Elizabeth Santiago,Mother,parent.109238470448@parent.sapc.edu.ph,+63 919 294 977,Pre-Provisioned (Password Change Required Upon 1st Login)
student,John Carlo Dizon,johncarlo.dizon449@sapc.edu.ph,109238470449,Grade 10,Grade 10 - St. Augustine,Junior High Department,SAPC@0449!,"Ms. Veronica Dimaculangan, LPT",+63 917 600 313,Mr. Victor Dizon,Father,parent.109238470449@parent.sapc.edu.ph,+63 919 296 314,Pre-Provisioned (Password Change Required Upon 1st Login)
student,Angela Navarro,angela.navarro450@sapc.edu.ph,109238470450,Grade 10,Grade 10 - St. Augustine,Junior High Department,SAPC@0450!,"Ms. Veronica Dimaculangan, LPT",+63 917 601 650,Mrs. Imelda Navarro,Mother,parent.109238470450@parent.sapc.edu.ph,+63 919 297 651,Pre-Provisioned (Password Change Required Upon 1st Login)
student,Alyssa Castillo,alyssa.castillo451@sapc.edu.ph,109238470451,Grade 10,Grade 10 - St. Vincent de Paul,Junior High Department,SAPC@0451!,"Ms. Jennifer Tolentino, LPT",+63 917 602 987,Mr. Gabriel Castillo,Father,parent.109238470451@parent.sapc.edu.ph,+63 919 298 988,Pre-Provisioned (Password Change Required Upon 1st Login)
student,Rochelle Ramos,rochelle.ramos452@sapc.edu.ph,109238470452,Grade 10,Grade 10 - St. Vincent de Paul,Junior High Department,SAPC@0452!,"Ms. Jennifer Tolentino, LPT",+63 917 604 324,Mrs. Bernadette Ramos,Mother,parent.109238470452@parent.sapc.edu.ph,+63 919 300 325,Pre-Provisioned (Password Change Required Upon 1st Login)
student,Angela Morales,angela.morales453@sapc.edu.ph,109238470453,Grade 10,Grade 10 - St. Augustine,Junior High Department,SAPC@0453!,"Ms. Veronica Dimaculangan, LPT",+63 917 605 661,Mr. Manuel Morales,Father,parent.109238470453@parent.sapc.edu.ph,+63 919 301 662,Pre-Provisioned (Password Change Required Upon 1st Login)
student,Bernadette Santos,bernadette.santos454@sapc.edu.ph,109238470454,Grade 10,Grade 10 - St. Vincent de Paul,Junior High Department,SAPC@0454!,"Ms. Jennifer Tolentino, LPT",+63 917 606 998,Mrs. Cristina Santos,Mother,parent.109238470454@parent.sapc.edu.ph,+63 919 302 999,Pre-Provisioned (Password Change Required Upon 1st Login)
student,Sebastian De Leon,sebastian.de leon455@sapc.edu.ph,109238470455,Grade 10,Grade 10 - St. Augustine,Junior High Department,SAPC@0455!,"Ms. Veronica Dimaculangan, LPT",+63 917 608 335,Mr. Mario De Leon,Father,parent.109238470455@parent.sapc.edu.ph,+63 919 304 336,Pre-Provisioned (Password Change Required Upon 1st Login)
student,Camille Mercado,camille.mercado456@sapc.edu.ph,109238470456,Grade 10,Grade 10 - St. Vincent de Paul,Junior High Department,SAPC@0456!,"Ms. Jennifer Tolentino, LPT",+63 917 609 672,Mrs. Lourdes Mercado,Mother,parent.109238470456@parent.sapc.edu.ph,+63 919 305 673,Pre-Provisioned (Password Change Required Upon 1st Login)
student,Bernadette Aquino,bernadette.aquino457@sapc.edu.ph,109238470457,Grade 10,Grade 10 - St. Ignatius,Junior High Department,SAPC@0457!,"Mr. Dennis Castro, LPT",+63 917 611 009,Mr. Gerardo Aquino,Father,parent.109238470457@parent.sapc.edu.ph,+63 919 307 010,Pre-Provisioned (Password Change Required Upon 1st Login)
student,Diego Navarro,diego.navarro458@sapc.edu.ph,109238470458,Grade 10,Grade 10 - St. Augustine,Junior High Department,SAPC@0458!,"Ms. Veronica Dimaculangan, LPT",+63 917 612 346,Mrs. Elena Navarro,Mother,parent.109238470458@parent.sapc.edu.ph,+63 919 308 347,Pre-Provisioned (Password Change Required Upon 1st Login)
student,Kyle Castro,kyle.castro459@sapc.edu.ph,109238470459,Grade 10,Grade 10 - St. Thomas Aquinas,Junior High Department,SAPC@0459!,"Mr. Roberto Santos, LPT",+63 917 613 683,Mr. Ernesto Castro,Father,parent.109238470459@parent.sapc.edu.ph,+63 919 309 684,Pre-Provisioned (Password Change Required Upon 1st Login)
student,Carlos Dizon,carlos.dizon460@sapc.edu.ph,109238470460,Grade 10,Grade 10 - St. Thomas Aquinas,Junior High Department,SAPC@0460!,"Mr. Roberto Santos, LPT",+63 917 615 020,Mrs. Maricel Dizon,Mother,parent.109238470460@parent.sapc.edu.ph,+63 919 311 021,Pre-Provisioned (Password Change Required Upon 1st Login)
student,Gabriel Dimaculangan,gabriel.dimaculangan461@sapc.edu.ph,109238470461,Grade 10,Grade 10 - St. Thomas Aquinas,Junior High Department,SAPC@0461!,"Mr. Roberto Santos, LPT",+63 917 616 357,Mr. Ferdinand Dimaculangan,Father,parent.109238470461@parent.sapc.edu.ph,+63 919 312 358,Pre-Provisioned (Password Change Required Upon 1st Login)
student,Kyle Corpuz,kyle.corpuz462@sapc.edu.ph,109238470462,Grade 10,Grade 10 - St. Augustine,Junior High Department,SAPC@0462!,"Ms. Veronica Dimaculangan, LPT",+63 917 617 694,Mrs. Carmela Corpuz,Mother,parent.109238470462@parent.sapc.edu.ph,+63 919 313 695,Pre-Provisioned (Password Change Required Upon 1st Login)
student,Therese Manalo,therese.manalo463@sapc.edu.ph,109238470463,Grade 10,Grade 10 - St. Augustine,Junior High Department,SAPC@0463!,"Ms. Veronica Dimaculangan, LPT",+63 917 619 031,Mr. Carlos Manalo,Father,parent.109238470463@parent.sapc.edu.ph,+63 919 315 032,Pre-Provisioned (Password Change Required Upon 1st Login)
student,Jose Reyes,jose.reyes464@sapc.edu.ph,109238470464,Grade 10,Grade 10 - St. Thomas Aquinas,Junior High Department,SAPC@0464!,"Mr. Roberto Santos, LPT",+63 917 620 368,Mrs. Rosalinda Reyes,Mother,parent.109238470464@parent.sapc.edu.ph,+63 919 316 369,Pre-Provisioned (Password Change Required Upon 1st Login)
student,Jasmine Navarro,jasmine.navarro465@sapc.edu.ph,109238470465,Grade 10,Grade 10 - St. Vincent de Paul,Junior High Department,SAPC@0465!,"Ms. Jennifer Tolentino, LPT",+63 917 621 705,Mr. Danilo Navarro,Father,parent.109238470465@parent.sapc.edu.ph,+63 919 317 706,Pre-Provisioned (Password Change Required Upon 1st Login)
student,Mark Garcia,mark.garcia466@sapc.edu.ph,109238470466,Grade 10,Grade 10 - St. Ignatius,Junior High Department,SAPC@0466!,"Mr. Dennis Castro, LPT",+63 917 623 042,Mrs. Josephine Garcia,Mother,parent.109238470466@parent.sapc.edu.ph,+63 919 319 043,Pre-Provisioned (Password Change Required Upon 1st Login)
student,Kathryn Padilla,kathryn.padilla467@sapc.edu.ph,109238470467,Grade 10,Grade 10 - St. Vincent de Paul,Junior High Department,SAPC@0467!,"Ms. Jennifer Tolentino, LPT",+63 917 624 379,Mr. Reynaldo Padilla,Father,parent.109238470467@parent.sapc.edu.ph,+63 919 320 380,Pre-Provisioned (Password Change Required Upon 1st Login)
student,Miguel Salazar,miguel.salazar468@sapc.edu.ph,109238470468,Grade 10,Grade 10 - St. Vincent de Paul,Junior High Department,SAPC@0468!,"Ms. Jennifer Tolentino, LPT",+63 917 625 716,Mrs. Remedios Salazar,Mother,parent.109238470468@parent.sapc.edu.ph,+63 919 321 717,Pre-Provisioned (Password Change Required Upon 1st Login)
student,Sebastian Valdez,sebastian.valdez469@sapc.edu.ph,109238470469,Grade 10,Grade 10 - St. Ignatius,Junior High Department,SAPC@0469!,"Mr. Dennis Castro, LPT",+63 917 627 053,Mr. Renato Valdez,Father,parent.109238470469@parent.sapc.edu.ph,+63 919 323 054,Pre-Provisioned (Password Change Required Upon 1st Login)
student,Rita Ocampo,rita.ocampo470@sapc.edu.ph,109238470470,Grade 10,Grade 10 - St. Vincent de Paul,Junior High Department,SAPC@0470!,"Ms. Jennifer Tolentino, LPT",+63 917 628 390,Mrs. Flordeliza Ocampo,Mother,parent.109238470470@parent.sapc.edu.ph,+63 919 324 391,Pre-Provisioned (Password Change Required Upon 1st Login)
student,Angela Castillo,angela.castillo471@sapc.edu.ph,109238470471,Grade 10,Grade 10 - St. Augustine,Junior High Department,SAPC@0471!,"Ms. Veronica Dimaculangan, LPT",+63 917 629 727,Mr. Rodolfo Castillo,Father,parent.109238470471@parent.sapc.edu.ph,+63 919 325 728,Pre-Provisioned (Password Change Required Upon 1st Login)
student,Paolo Mercado,paolo.mercado472@sapc.edu.ph,109238470472,Grade 10,Grade 10 - St. Vincent de Paul,Junior High Department,SAPC@0472!,"Ms. Jennifer Tolentino, LPT",+63 917 631 064,Mrs. Cynthia Mercado,Mother,parent.109238470472@parent.sapc.edu.ph,+63 919 327 065,Pre-Provisioned (Password Change Required Upon 1st Login)
student,Hannah Aquino,hannah.aquino473@sapc.edu.ph,109238470473,Grade 10,Grade 10 - St. Thomas Aquinas,Junior High Department,SAPC@0473!,"Mr. Roberto Santos, LPT",+63 917 632 401,Mr. Nestor Aquino,Father,parent.109238470473@parent.sapc.edu.ph,+63 919 328 402,Pre-Provisioned (Password Change Required Upon 1st Login)
student,Francis San Jose,francis.san jose474@sapc.edu.ph,109238470474,Grade 10,Grade 10 - St. Vincent de Paul,Junior High Department,SAPC@0474!,"Ms. Jennifer Tolentino, LPT",+63 917 633 738,Mrs. Shirley San Jose,Mother,parent.109238470474@parent.sapc.edu.ph,+63 919 329 739,Pre-Provisioned (Password Change Required Upon 1st Login)
student,Clare Aquino,clare.aquino475@sapc.edu.ph,109238470475,Grade 10,Grade 10 - St. Ignatius,Junior High Department,SAPC@0475!,"Mr. Dennis Castro, LPT",+63 917 635 075,Mr. Jaime Aquino,Father,parent.109238470475@parent.sapc.edu.ph,+63 919 331 076,Pre-Provisioned (Password Change Required Upon 1st Login)
student,Justin Pascual,justin.pascual476@sapc.edu.ph,109238470476,Grade 10,Grade 10 - St. Thomas Aquinas,Junior High Department,SAPC@0476!,"Mr. Roberto Santos, LPT",+63 917 636 412,Mrs. Jennifer Pascual,Mother,parent.109238470476@parent.sapc.edu.ph,+63 919 332 413,Pre-Provisioned (Password Change Required Upon 1st Login)
student,Angelo Manalo,angelo.manalo477@sapc.edu.ph,109238470477,Grade 10,Grade 10 - St. Augustine,Junior High Department,SAPC@0477!,"Ms. Veronica Dimaculangan, LPT",+63 917 637 749,Mr. Cesar Manalo,Father,parent.109238470477@parent.sapc.edu.ph,+63 919 333 750,Pre-Provisioned (Password Change Required Upon 1st Login)
student,Nathan Morales,nathan.morales478@sapc.edu.ph,109238470478,Grade 10,Grade 10 - St. Ignatius,Junior High Department,SAPC@0478!,"Mr. Dennis Castro, LPT",+63 917 639 086,Mrs. Grace Morales,Mother,parent.109238470478@parent.sapc.edu.ph,+63 919 335 087,Pre-Provisioned (Password Change Required Upon 1st Login)
student,Rita Navarro,rita.navarro479@sapc.edu.ph,109238470479,Grade 10,Grade 10 - St. Augustine,Junior High Department,SAPC@0479!,"Ms. Veronica Dimaculangan, LPT",+63 917 640 423,Mr. Arnel Navarro,Father,parent.109238470479@parent.sapc.edu.ph,+63 919 336 424,Pre-Provisioned (Password Change Required Upon 1st Login)
student,Cecilia Santos,cecilia.santos480@sapc.edu.ph,109238470480,Grade 10,Grade 10 - St. Thomas Aquinas,Junior High Department,SAPC@0480!,"Mr. Roberto Santos, LPT",+63 917 641 760,Mrs. Gina Santos,Mother,parent.109238470480@parent.sapc.edu.ph,+63 919 337 761,Pre-Provisioned (Password Change Required Upon 1st Login)
student,Clarisse Salazar,clarisse.salazar481@sapc.edu.ph,109238470481,Grade 10,Grade 10 - St. Thomas Aquinas,Junior High Department,SAPC@0481!,"Mr. Roberto Santos, LPT",+63 917 643 097,Mr. Roberto Salazar,Father,parent.109238470481@parent.sapc.edu.ph,+63 919 339 098,Pre-Provisioned (Password Change Required Upon 1st Login)
student,Kathleen Dimaculangan,kathleen.dimaculangan482@sapc.edu.ph,109238470482,Grade 10,Grade 10 - St. Vincent de Paul,Junior High Department,SAPC@0482!,"Ms. Jennifer Tolentino, LPT",+63 917 644 434,Mrs. Teresa Dimaculangan,Mother,parent.109238470482@parent.sapc.edu.ph,+63 919 340 435,Pre-Provisioned (Password Change Required Upon 1st Login)
student,Christian Ocampo,christian.ocampo483@sapc.edu.ph,109238470483,Grade 10,Grade 10 - St. Thomas Aquinas,Junior High Department,SAPC@0483!,"Mr. Roberto Santos, LPT",+63 917 645 771,Mr. Edgardo Ocampo,Father,parent.109238470483@parent.sapc.edu.ph,+63 919 341 772,Pre-Provisioned (Password Change Required Upon 1st Login)
student,Janine Dimaculangan,janine.dimaculangan484@sapc.edu.ph,109238470484,Grade 10,Grade 10 - St. Thomas Aquinas,Junior High Department,SAPC@0484!,"Mr. Roberto Santos, LPT",+63 917 647 108,Mrs. Corazon Dimaculangan,Mother,parent.109238470484@parent.sapc.edu.ph,+63 919 343 109,Pre-Provisioned (Password Change Required Upon 1st Login)
student,Ethan Navarro,ethan.navarro485@sapc.edu.ph,109238470485,Grade 10,Grade 10 - St. Augustine,Junior High Department,SAPC@0485!,"Ms. Veronica Dimaculangan, LPT",+63 917 648 445,Mr. Rolando Navarro,Father,parent.109238470485@parent.sapc.edu.ph,+63 919 344 446,Pre-Provisioned (Password Change Required Upon 1st Login)
student,Ethan Pascual,ethan.pascual486@sapc.edu.ph,109238470486,Grade 10,Grade 10 - St. Augustine,Junior High Department,SAPC@0486!,"Ms. Veronica Dimaculangan, LPT",+63 917 649 782,Mrs. Rowena Pascual,Mother,parent.109238470486@parent.sapc.edu.ph,+63 919 345 783,Pre-Provisioned (Password Change Required Upon 1st Login)
student,Rafael Bautista,rafael.bautista487@sapc.edu.ph,109238470487,Grade 10,Grade 10 - St. Augustine,Junior High Department,SAPC@0487!,"Ms. Veronica Dimaculangan, LPT",+63 917 651 119,Mr. Ramon Bautista,Father,parent.109238470487@parent.sapc.edu.ph,+63 919 347 120,Pre-Provisioned (Password Change Required Upon 1st Login)
student,Camille Padilla,camille.padilla488@sapc.edu.ph,109238470488,Grade 10,Grade 10 - St. Ignatius,Junior High Department,SAPC@0488!,"Mr. Dennis Castro, LPT",+63 917 652 456,Mrs. Lorna Padilla,Mother,parent.109238470488@parent.sapc.edu.ph,+63 919 348 457,Pre-Provisioned (Password Change Required Upon 1st Login)
student,Maria Clara Lim,mariaclara.lim489@sapc.edu.ph,109238470489,Grade 10,Grade 10 - St. Vincent de Paul,Junior High Department,SAPC@0489!,"Ms. Jennifer Tolentino, LPT",+63 917 653 793,Mr. Antonio Lim,Father,parent.109238470489@parent.sapc.edu.ph,+63 919 349 794,Pre-Provisioned (Password Change Required Upon 1st Login)
student,Paolo Mercado,paolo.mercado490@sapc.edu.ph,109238470490,Grade 10,Grade 10 - St. Ignatius,Junior High Department,SAPC@0490!,"Mr. Dennis Castro, LPT",+63 917 655 130,Mrs. Mary Ann Mercado,Mother,parent.109238470490@parent.sapc.edu.ph,+63 919 351 131,Pre-Provisioned (Password Change Required Upon 1st Login)
student,Anthony Mendoza,anthony.mendoza491@sapc.edu.ph,109238470491,Grade 10,Grade 10 - St. Augustine,Junior High Department,SAPC@0491!,"Ms. Veronica Dimaculangan, LPT",+63 917 656 467,Mr. Eduardo Mendoza,Father,parent.109238470491@parent.sapc.edu.ph,+63 919 352 468,Pre-Provisioned (Password Change Required Upon 1st Login)
student,Hannah San Jose,hannah.san jose492@sapc.edu.ph,109238470492,Grade 10,Grade 10 - St. Thomas Aquinas,Junior High Department,SAPC@0492!,"Mr. Roberto Santos, LPT",+63 917 657 804,Mrs. Jocelyn San Jose,Mother,parent.109238470492@parent.sapc.edu.ph,+63 919 353 805,Pre-Provisioned (Password Change Required Upon 1st Login)
student,Joshua Lim,joshua.lim493@sapc.edu.ph,109238470493,Grade 10,Grade 10 - St. Thomas Aquinas,Junior High Department,SAPC@0493!,"Mr. Roberto Santos, LPT",+63 917 659 141,Mr. Wilfredo Lim,Father,parent.109238470493@parent.sapc.edu.ph,+63 919 355 142,Pre-Provisioned (Password Change Required Upon 1st Login)
student,Ethan Soriano,ethan.soriano494@sapc.edu.ph,109238470494,Grade 10,Grade 10 - St. Thomas Aquinas,Junior High Department,SAPC@0494!,"Mr. Roberto Santos, LPT",+63 917 660 478,Mrs. Elizabeth Soriano,Mother,parent.109238470494@parent.sapc.edu.ph,+63 919 356 479,Pre-Provisioned (Password Change Required Upon 1st Login)
student,Karl Ramos,karl.ramos495@sapc.edu.ph,109238470495,Grade 10,Grade 10 - St. Ignatius,Junior High Department,SAPC@0495!,"Mr. Dennis Castro, LPT",+63 917 661 815,Mr. Victor Ramos,Father,parent.109238470495@parent.sapc.edu.ph,+63 919 357 816,Pre-Provisioned (Password Change Required Upon 1st Login)
student,Jerome Tolentino,jerome.tolentino496@sapc.edu.ph,109238470496,Grade 10,Grade 10 - St. Ignatius,Junior High Department,SAPC@0496!,"Mr. Dennis Castro, LPT",+63 917 663 152,Mrs. Imelda Tolentino,Mother,parent.109238470496@parent.sapc.edu.ph,+63 919 359 153,Pre-Provisioned (Password Change Required Upon 1st Login)
student,Therese Rivera,therese.rivera497@sapc.edu.ph,109238470497,Grade 10,Grade 10 - St. Augustine,Junior High Department,SAPC@0497!,"Ms. Veronica Dimaculangan, LPT",+63 917 664 489,Mr. Gabriel Rivera,Father,parent.109238470497@parent.sapc.edu.ph,+63 919 360 490,Pre-Provisioned (Password Change Required Upon 1st Login)
student,Hannah Dimaculangan,hannah.dimaculangan498@sapc.edu.ph,109238470498,Grade 10,Grade 10 - St. Thomas Aquinas,Junior High Department,SAPC@0498!,"Mr. Roberto Santos, LPT",+63 917 665 826,Mrs. Bernadette Dimaculangan,Mother,parent.109238470498@parent.sapc.edu.ph,+63 919 361 827,Pre-Provisioned (Password Change Required Upon 1st Login)
student,Benedict Dela Cruz,benedict.dela cruz499@sapc.edu.ph,109238470499,Grade 10,Grade 10 - St. Thomas Aquinas,Junior High Department,SAPC@0499!,"Mr. Roberto Santos, LPT",+63 917 667 163,Mr. Manuel Dela Cruz,Father,parent.109238470499@parent.sapc.edu.ph,+63 919 363 164,Pre-Provisioned (Password Change Required Upon 1st Login)
student,Ethan Garcia,ethan.garcia500@sapc.edu.ph,109238470500,Grade 10,Grade 10 - St. Thomas Aquinas,Junior High Department,SAPC@0500!,"Mr. Roberto Santos, LPT",+63 917 668 500,Mrs. Cristina Garcia,Mother,parent.109238470500@parent.sapc.edu.ph,+63 919 364 501,Pre-Provisioned (Password Change Required Upon 1st Login)