lrn,student_name,monthly_household_income_php,income_bracket,is_4ps_beneficiary,breadwinner_occupation,financial_stress_level_1_to_5,primary_financial_stressor,daily_allowance_adequacy,student_part_time_work_status,voucher_subsidy_status,unpaid_balance_php,overdue_installments,promissory_note_active,alumni_grant_eligible,financial_assistance_recommendation
109238470001,Erika Bautista,75000,"₱50,000+ (Upper Middle/High)",False,Small Business Owner / Professional,1,None / Stable Finances,Adequate (₱100+/day),None / Full-time Student,Private Payer,0,0,False,False,Regular tuition schedule maintained with prompt quarterly payments.
109238470002,Althea Garcia,75000,"₱50,000+ (Upper Middle/High)",False,Small Business Owner / Professional,1,None / Stable Finances,Adequate (₱100+/day),None / Full-time Student,Private Payer,0,0,False,False,Regular tuition schedule maintained with prompt quarterly payments.
109238470003,Angela Padilla,75000,"₱50,000+ (Upper Middle/High)",False,Small Business Owner / Professional,1,None / Stable Finances,Adequate (₱100+/day),None / Full-time Student,Private Payer,0,0,False,False,Regular tuition schedule maintained with prompt quarterly payments.
109238470004,Angelica Salazar,75000,"₱50,000+ (Upper Middle/High)",False,Small Business Owner / Professional,1,None / Stable Finances,Adequate (₱100+/day),None / Full-time Student,Private Payer,0,0,False,False,Regular tuition schedule maintained with prompt quarterly payments.
109238470005,Chloe De Leon,28000,"₱25,000 - ₱49,999 (Middle)",False,Private Employee / BPO Agent,3,Tuition Installment Timing,Adequate (₱80-₱100/day),None / Full-time Student,ESC Scholar,4000,1,False,False,Offer flexible installment schedule for mid-term balance settlement.
109238470006,Luis San Jose,75000,"₱50,000+ (Upper Middle/High)",False,Small Business Owner / Professional,1,None / Stable Finances,Adequate (₱100+/day),None / Full-time Student,Private Payer,0,0,False,False,Regular tuition schedule maintained with prompt quarterly payments.
109238470007,Patricia Tolentino,75000,"₱50,000+ (Upper Middle/High)",False,Small Business Owner / Professional,1,None / Stable Finances,Adequate (₱100+/day),None / Full-time Student,Private Payer,0,0,False,False,Regular tuition schedule maintained with prompt quarterly payments.
109238470008,Mariel Mercado,75000,"₱50,000+ (Upper Middle/High)",False,Small Business Owner / Professional,1,None / Stable Finances,Adequate (₱100+/day),None / Full-time Student,Private Payer,0,0,False,False,Regular tuition schedule maintained with prompt quarterly payments.
109238470009,Chloe Santos,28000,"₱25,000 - ₱49,999 (Middle)",False,Private Employee / BPO Agent,3,Tuition Installment Timing,Adequate (₱80-₱100/day),None / Full-time Student,ESC Scholar,4000,1,False,False,Offer flexible installment schedule for mid-term balance settlement.
109238470010,Patricia Domingo,75000,"₱50,000+ (Upper Middle/High)",False,Small Business Owner / Professional,1,None / Stable Finances,Adequate (₱100+/day),None / Full-time Student,Private Payer,0,0,False,False,Regular tuition schedule maintained with prompt quarterly payments.
109238470011,Joshua Castillo,75000,"₱50,000+ (Upper Middle/High)",False,Small Business Owner / Professional,1,None / Stable Finances,Adequate (₱100+/day),None / Full-time Student,Private Payer,0,0,False,False,Regular tuition schedule maintained with prompt quarterly payments.
109238470012,Faith De Leon,28000,"₱25,000 - ₱49,999 (Middle)",False,Private Employee / BPO Agent,3,Tuition Installment Timing,Adequate (₱80-₱100/day),None / Full-time Student,ESC Scholar,4000,1,False,False,Offer flexible installment schedule for mid-term balance settlement.
109238470013,Patricia Corpuz,75000,"₱50,000+ (Upper Middle/High)",False,Small Business Owner / Professional,1,None / Stable Finances,Adequate (₱100+/day),None / Full-time Student,Private Payer,0,0,False,False,Regular tuition schedule maintained with prompt quarterly payments.
109238470014,Camille Castro,28000,"₱25,000 - ₱49,999 (Middle)",False,Private Employee / BPO Agent,3,Tuition Installment Timing,Adequate (₱80-₱100/day),None / Full-time Student,ESC Scholar,4000,1,False,False,Offer flexible installment schedule for mid-term balance settlement.
109238470015,Kyle Flores,75000,"₱50,000+ (Upper Middle/High)",False,Small Business Owner / Professional,1,None / Stable Finances,Adequate (₱100+/day),None / Full-time Student,Private Payer,0,0,False,False,Regular tuition schedule maintained with prompt quarterly payments.
109238470016,Mariel Dela Cruz,28000,"₱25,000 - ₱49,999 (Middle)",False,Private Employee / BPO Agent,3,Tuition Installment Timing,Adequate (₱80-₱100/day),None / Full-time Student,ESC Scholar,4000,1,False,False,Offer flexible installment schedule for mid-term balance settlement.
109238470017,Erika Navarro,28000,"₱25,000 - ₱49,999 (Middle)",False,Private Employee / BPO Agent,3,Tuition Installment Timing,Adequate (₱80-₱100/day),None / Full-time Student,ESC Scholar,4000,1,False,False,Offer flexible installment schedule for mid-term balance settlement.
109238470018,Joy Manalo,28000,"₱25,000 - ₱49,999 (Middle)",False,Private Employee / BPO Agent,3,Tuition Installment Timing,Adequate (₱80-₱100/day),None / Full-time Student,ESC Scholar,4000,1,False,False,Offer flexible installment schedule for mid-term balance settlement.
109238470019,Tristan Torres,75000,"₱50,000+ (Upper Middle/High)",False,Small Business Owner / Professional,1,None / Stable Finances,Adequate (₱100+/day),None / Full-time Student,Private Payer,0,0,False,False,Regular tuition schedule maintained with prompt quarterly payments.
109238470020,Francis Cruz,28000,"₱25,000 - ₱49,999 (Middle)",False,Private Employee / BPO Agent,3,Tuition Installment Timing,Adequate (₱80-₱100/day),None / Full-time Student,ESC Scholar,4000,1,False,False,Offer flexible installment schedule for mid-term balance settlement.
109238470021,Therese Valdez,75000,"₱50,000+ (Upper Middle/High)",False,Small Business Owner / Professional,1,None / Stable Finances,Adequate (₱100+/day),None / Full-time Student,Private Payer,0,0,False,False,Regular tuition schedule maintained with prompt quarterly payments.
109238470022,Lance Navarro,75000,"₱50,000+ (Upper Middle/High)",False,Small Business Owner / Professional,1,None / Stable Finances,Adequate (₱100+/day),None / Full-time Student,Private Payer,0,0,False,False,Regular tuition schedule maintained with prompt quarterly payments.
109238470023,Jasmine Reyes,75000,"₱50,000+ (Upper Middle/High)",False,Small Business Owner / Professional,1,None / Stable Finances,Adequate (₱100+/day),None / Full-time Student,Private Payer,0,0,False,False,Regular tuition schedule maintained with prompt quarterly payments.
109238470024,John Carlo Morales,75000,"₱50,000+ (Upper Middle/High)",False,Small Business Owner / Professional,1,None / Stable Finances,Adequate (₱100+/day),None / Full-time Student,Private Payer,0,0,False,False,Regular tuition schedule maintained with prompt quarterly payments.
109238470025,Angelica Aquino,75000,"₱50,000+ (Upper Middle/High)",False,Small Business Owner / Professional,1,None / Stable Finances,Adequate (₱100+/day),None / Full-time Student,Private Payer,0,0,False,False,Regular tuition schedule maintained with prompt quarterly payments.
109238470026,John Carlo Valdez,75000,"₱50,000+ (Upper Middle/High)",False,Small Business Owner / Professional,1,None / Stable Finances,Adequate (₱100+/day),None / Full-time Student,Private Payer,0,0,False,False,Regular tuition schedule maintained with prompt quarterly payments.
109238470027,Hannah Aquino,75000,"₱50,000+ (Upper Middle/High)",False,Small Business Owner / Professional,1,None / Stable Finances,Adequate (₱100+/day),None / Full-time Student,Private Payer,0,0,False,False,Regular tuition schedule maintained with prompt quarterly payments.
109238470028,Nicole Cruz,75000,"₱50,000+ (Upper Middle/High)",False,Small Business Owner / Professional,1,None / Stable Finances,Adequate (₱100+/day),None / Full-time Student,Private Payer,0,0,False,False,Regular tuition schedule maintained with prompt quarterly payments.
109238470029,Bianca Flores,28000,"₱25,000 - ₱49,999 (Middle)",False,Private Employee / BPO Agent,3,Tuition Installment Timing,Adequate (₱80-₱100/day),None / Full-time Student,ESC Scholar,4000,1,False,False,Offer flexible installment schedule for mid-term balance settlement.
109238470030,Nathan Reyes,28000,"₱25,000 - ₱49,999 (Middle)",False,Private Employee / BPO Agent,3,Tuition Installment Timing,Adequate (₱80-₱100/day),None / Full-time Student,ESC Scholar,4000,1,False,False,Offer flexible installment schedule for mid-term balance settlement.
109238470031,Francis Alcantara,28000,"₱25,000 - ₱49,999 (Middle)",False,Private Employee / BPO Agent,3,Tuition Installment Timing,Adequate (₱80-₱100/day),None / Full-time Student,ESC Scholar,4000,1,False,False,Offer flexible installment schedule for mid-term balance settlement.
109238470032,Lance Gonzales,28000,"₱25,000 - ₱49,999 (Middle)",False,Private Employee / BPO Agent,3,Tuition Installment Timing,Adequate (₱80-₱100/day),None / Full-time Student,ESC Scholar,4000,1,False,False,Offer flexible installment schedule for mid-term balance settlement.
109238470033,Gabriel Flores,75000,"₱50,000+ (Upper Middle/High)",False,Small Business Owner / Professional,1,None / Stable Finances,Adequate (₱100+/day),None / Full-time Student,Private Payer,0,0,False,False,Regular tuition schedule maintained with prompt quarterly payments.
109238470034,Bernadette Dela Cruz,28000,"₱25,000 - ₱49,999 (Middle)",False,Private Employee / BPO Agent,3,Tuition Installment Timing,Adequate (₱80-₱100/day),None / Full-time Student,ESC Scholar,4000,1,False,False,Offer flexible installment schedule for mid-term balance settlement.
109238470035,Chloe Navarro,75000,"₱50,000+ (Upper Middle/High)",False,Small Business Owner / Professional,1,None / Stable Finances,Adequate (₱100+/day),None / Full-time Student,Private Payer,0,0,False,False,Regular tuition schedule maintained with prompt quarterly payments.
109238470036,Maria Clara Aquino,75000,"₱50,000+ (Upper Middle/High)",False,Small Business Owner / Professional,1,None / Stable Finances,Adequate (₱100+/day),None / Full-time Student,Private Payer,0,0,False,False,Regular tuition schedule maintained with prompt quarterly payments.
109238470037,Bernadette Pascual,28000,"₱25,000 - ₱49,999 (Middle)",False,Private Employee / BPO Agent,3,Tuition Installment Timing,Adequate (₱80-₱100/day),None / Full-time Student,ESC Scholar,4000,1,False,False,Offer flexible installment schedule for mid-term balance settlement.
109238470038,Therese Alcantara,28000,"₱25,000 - ₱49,999 (Middle)",False,Private Employee / BPO Agent,3,Tuition Installment Timing,Adequate (₱80-₱100/day),None / Full-time Student,ESC Scholar,4000,1,False,False,Offer flexible installment schedule for mid-term balance settlement.
109238470039,Vanessa De Leon,75000,"₱50,000+ (Upper Middle/High)",False,Small Business Owner / Professional,1,None / Stable Finances,Adequate (₱100+/day),None / Full-time Student,Private Payer,0,0,False,False,Regular tuition schedule maintained with prompt quarterly payments.
109238470040,Hannah Mercado,75000,"₱50,000+ (Upper Middle/High)",False,Small Business Owner / Professional,1,None / Stable Finances,Adequate (₱100+/day),None / Full-time Student,Private Payer,0,0,False,False,Regular tuition schedule maintained with prompt quarterly payments.
109238470041,Angelo Cruz,75000,"₱50,000+ (Upper Middle/High)",False,Small Business Owner / Professional,1,None / Stable Finances,Adequate (₱100+/day),None / Full-time Student,Private Payer,0,0,False,False,Regular tuition schedule maintained with prompt quarterly payments.
109238470042,Joaquin Morales,28000,"₱25,000 - ₱49,999 (Middle)",False,Private Employee / BPO Agent,3,Tuition Installment Timing,Adequate (₱80-₱100/day),None / Full-time Student,ESC Scholar,4000,1,False,False,Offer flexible installment schedule for mid-term balance settlement.
109238470043,Andrea Dela Cruz,75000,"₱50,000+ (Upper Middle/High)",False,Small Business Owner / Professional,1,None / Stable Finances,Adequate (₱100+/day),None / Full-time Student,Private Payer,0,0,False,False,Regular tuition schedule maintained with prompt quarterly payments.
109238470044,Patricia Mercado,75000,"₱50,000+ (Upper Middle/High)",False,Small Business Owner / Professional,1,None / Stable Finances,Adequate (₱100+/day),None / Full-time Student,Private Payer,0,0,False,False,Regular tuition schedule maintained with prompt quarterly payments.
109238470045,Gabriel Reyes,11500,"Below ₱10,000 (Low Income)",True,Small Sari-Sari Store Vendor / Tricycle Driver,5,Household Debt & Micro-loan Obligations,Tight (₱40-₱60/day),Working Student (10-15 hrs/wk - High Fatigue Burden),ESC Scholar,14500,3,True,True,Endorse student for Alumni Educational Assistance Subsidy and provide subsidized daily meal coupons.
109238470046,Jasmine Padilla,75000,"₱50,000+ (Upper Middle/High)",False,Small Business Owner / Professional,1,None / Stable Finances,Adequate (₱100+/day),None / Full-time Student,Private Payer,0,0,False,False,Regular tuition schedule maintained with prompt quarterly payments.
109238470047,Mariel Pascual,75000,"₱50,000+ (Upper Middle/High)",False,Small Business Owner / Professional,1,None / Stable Finances,Adequate (₱100+/day),None / Full-time Student,Private Payer,0,0,False,False,Regular tuition schedule maintained with prompt quarterly payments.
109238470048,Jose Domingo,75000,"₱50,000+ (Upper Middle/High)",False,Small Business Owner / Professional,1,None / Stable Finances,Adequate (₱100+/day),None / Full-time Student,Private Payer,0,0,False,False,Regular tuition schedule maintained with prompt quarterly payments.
109238470049,Chloe Dizon,75000,"₱50,000+ (Upper Middle/High)",False,Small Business Owner / Professional,1,None / Stable Finances,Adequate (₱100+/day),None / Full-time Student,Private Payer,0,0,False,False,Regular tuition schedule maintained with prompt quarterly payments.
109238470050,Kathryn Bautista,75000,"₱50,000+ (Upper Middle/High)",False,Small Business Owner / Professional,1,None / Stable Finances,Adequate (₱100+/day),None / Full-time Student,Private Payer,0,0,False,False,Regular tuition schedule maintained with prompt quarterly payments.
109238470051,Christian Manalo,28000,"₱25,000 - ₱49,999 (Middle)",False,Private Employee / BPO Agent,3,Tuition Installment Timing,Adequate (₱80-₱100/day),None / Full-time Student,ESC Scholar,4000,1,False,False,Offer flexible installment schedule for mid-term balance settlement.
109238470052,Jerome Villanueva,75000,"₱50,000+ (Upper Middle/High)",False,Small Business Owner / Professional,1,None / Stable Finances,Adequate (₱100+/day),None / Full-time Student,Private Payer,0,0,False,False,Regular tuition schedule maintained with prompt quarterly payments.
109238470053,Karl Valdez,28000,"₱25,000 - ₱49,999 (Middle)",False,Private Employee / BPO Agent,3,Tuition Installment Timing,Adequate (₱80-₱100/day),None / Full-time Student,ESC Scholar,4000,1,False,False,Offer flexible installment schedule for mid-term balance settlement.
109238470054,Ethan Dela Cruz,75000,"₱50,000+ (Upper Middle/High)",False,Small Business Owner / Professional,1,None / Stable Finances,Adequate (₱100+/day),None / Full-time Student,Private Payer,0,0,False,False,Regular tuition schedule maintained with prompt quarterly payments.
109238470055,Rochelle Tolentino,75000,"₱50,000+ (Upper Middle/High)",False,Small Business Owner / Professional,1,None / Stable Finances,Adequate (₱100+/day),None / Full-time Student,Private Payer,0,0,False,False,Regular tuition schedule maintained with prompt quarterly payments.
109238470056,Chloe Mercado,28000,"₱25,000 - ₱49,999 (Middle)",False,Private Employee / BPO Agent,3,Tuition Installment Timing,Adequate (₱80-₱100/day),None / Full-time Student,ESC Scholar,4000,1,False,False,Offer flexible installment schedule for mid-term balance settlement.
109238470057,Cecilia De Leon,75000,"₱50,000+ (Upper Middle/High)",False,Small Business Owner / Professional,1,None / Stable Finances,Adequate (₱100+/day),None / Full-time Student,Private Payer,0,0,False,False,Regular tuition schedule maintained with prompt quarterly payments.
109238470058,Simon Pascual,28000,"₱25,000 - ₱49,999 (Middle)",False,Private Employee / BPO Agent,3,Tuition Installment Timing,Adequate (₱80-₱100/day),None / Full-time Student,ESC Scholar,4000,1,False,False,Offer flexible installment schedule for mid-term balance settlement.
109238470059,Mark Torres,75000,"₱50,000+ (Upper Middle/High)",False,Small Business Owner / Professional,1,None / Stable Finances,Adequate (₱100+/day),None / Full-time Student,Private Payer,0,0,False,False,Regular tuition schedule maintained with prompt quarterly payments.
109238470060,Rochelle Domingo,75000,"₱50,000+ (Upper Middle/High)",False,Small Business Owner / Professional,1,None / Stable Finances,Adequate (₱100+/day),None / Full-time Student,Private Payer,0,0,False,False,Regular tuition schedule maintained with prompt quarterly payments.
109238470061,Mariel Tolentino,11500,"Below ₱10,000 (Low Income)",True,Small Sari-Sari Store Vendor / Tricycle Driver,5,Household Debt & Micro-loan Obligations,Tight (₱40-₱60/day),Working Student (10-15 hrs/wk - High Fatigue Burden),ESC Scholar,14500,3,True,True,Endorse student for Alumni Educational Assistance Subsidy and provide subsidized daily meal coupons.
109238470062,Andrea Ocampo,28000,"₱25,000 - ₱49,999 (Middle)",False,Private Employee / BPO Agent,3,Tuition Installment Timing,Adequate (₱80-₱100/day),None / Full-time Student,ESC Scholar,4000,1,False,False,Offer flexible installment schedule for mid-term balance settlement.
109238470063,Justin Santiago,75000,"₱50,000+ (Upper Middle/High)",False,Small Business Owner / Professional,1,None / Stable Finances,Adequate (₱100+/day),None / Full-time Student,Private Payer,0,0,False,False,Regular tuition schedule maintained with prompt quarterly payments.
109238470064,Paolo Villanueva,75000,"₱50,000+ (Upper Middle/High)",False,Small Business Owner / Professional,1,None / Stable Finances,Adequate (₱100+/day),None / Full-time Student,Private Payer,0,0,False,False,Regular tuition schedule maintained with prompt quarterly payments.
109238470065,Diego Alcantara,75000,"₱50,000+ (Upper Middle/High)",False,Small Business Owner / Professional,1,None / Stable Finances,Adequate (₱100+/day),None / Full-time Student,Private Payer,0,0,False,False,Regular tuition schedule maintained with prompt quarterly payments.
109238470066,Angelo Flores,28000,"₱25,000 - ₱49,999 (Middle)",False,Private Employee / BPO Agent,3,Tuition Installment Timing,Adequate (₱80-₱100/day),None / Full-time Student,ESC Scholar,4000,1,False,False,Offer flexible installment schedule for mid-term balance settlement.
109238470067,Joaquin Navarro,75000,"₱50,000+ (Upper Middle/High)",False,Small Business Owner / Professional,1,None / Stable Finances,Adequate (₱100+/day),None / Full-time Student,Private Payer,0,0,False,False,Regular tuition schedule maintained with prompt quarterly payments.
109238470068,Benedict Villanueva,75000,"₱50,000+ (Upper Middle/High)",False,Small Business Owner / Professional,1,None / Stable Finances,Adequate (₱100+/day),None / Full-time Student,Private Payer,0,0,False,False,Regular tuition schedule maintained with prompt quarterly payments.
109238470069,Andrea San Jose,75000,"₱50,000+ (Upper Middle/High)",False,Small Business Owner / Professional,1,None / Stable Finances,Adequate (₱100+/day),None / Full-time Student,Private Payer,0,0,False,False,Regular tuition schedule maintained with prompt quarterly payments.
109238470070,Erika Ramos,75000,"₱50,000+ (Upper Middle/High)",False,Small Business Owner / Professional,1,None / Stable Finances,Adequate (₱100+/day),None / Full-time Student,Private Payer,0,0,False,False,Regular tuition schedule maintained with prompt quarterly payments.
109238470071,Angelo Pascual,11500,"Below ₱10,000 (Low Income)",True,Small Sari-Sari Store Vendor / Tricycle Driver,5,Household Debt & Micro-loan Obligations,Tight (₱40-₱60/day),Working Student (10-15 hrs/wk - High Fatigue Burden),ESC Scholar,14500,3,True,True,Endorse student for Alumni Educational Assistance Subsidy and provide subsidized daily meal coupons.
109238470072,Lance Garcia,75000,"₱50,000+ (Upper Middle/High)",False,Small Business Owner / Professional,1,None / Stable Finances,Adequate (₱100+/day),None / Full-time Student,Private Payer,0,0,False,False,Regular tuition schedule maintained with prompt quarterly payments.
109238470073,Anthony Manalo,75000,"₱50,000+ (Upper Middle/High)",False,Small Business Owner / Professional,1,None / Stable Finances,Adequate (₱100+/day),None / Full-time Student,Private Payer,0,0,False,False,Regular tuition schedule maintained with prompt quarterly payments.
109238470074,Matthew Bautista,75000,"₱50,000+ (Upper Middle/High)",False,Small Business Owner / Professional,1,None / Stable Finances,Adequate (₱100+/day),None / Full-time Student,Private Payer,0,0,False,False,Regular tuition schedule maintained with prompt quarterly payments.
109238470075,Erika Cruz,11500,"Below ₱10,000 (Low Income)",True,Small Sari-Sari Store Vendor / Tricycle Driver,5,Household Debt & Micro-loan Obligations,Tight (₱40-₱60/day),Working Student (10-15 hrs/wk - High Fatigue Burden),ESC Scholar,14500,3,True,True,Endorse student for Alumni Educational Assistance Subsidy and provide subsidized daily meal coupons.
109238470076,Liza Soriano,75000,"₱50,000+ (Upper Middle/High)",False,Small Business Owner / Professional,1,None / Stable Finances,Adequate (₱100+/day),None / Full-time Student,Private Payer,0,0,False,False,Regular tuition schedule maintained with prompt quarterly payments.
109238470077,Therese Castro,75000,"₱50,000+ (Upper Middle/High)",False,Small Business Owner / Professional,1,None / Stable Finances,Adequate (₱100+/day),None / Full-time Student,Private Payer,0,0,False,False,Regular tuition schedule maintained with prompt quarterly payments.
109238470078,Anthony Gonzales,75000,"₱50,000+ (Upper Middle/High)",False,Small Business Owner / Professional,1,None / Stable Finances,Adequate (₱100+/day),None / Full-time Student,Private Payer,0,0,False,False,Regular tuition schedule maintained with prompt quarterly payments.
109238470079,Joy Corpuz,75000,"₱50,000+ (Upper Middle/High)",False,Small Business Owner / Professional,1,None / Stable Finances,Adequate (₱100+/day),None / Full-time Student,Private Payer,0,0,False,False,Regular tuition schedule maintained with prompt quarterly payments.
109238470080,Daniel Salazar,75000,"₱50,000+ (Upper Middle/High)",False,Small Business Owner / Professional,1,None / Stable Finances,Adequate (₱100+/day),None / Full-time Student,Private Payer,0,0,False,False,Regular tuition schedule maintained with prompt quarterly payments.
109238470081,Simon Castro,75000,"₱50,000+ (Upper Middle/High)",False,Small Business Owner / Professional,1,None / Stable Finances,Adequate (₱100+/day),None / Full-time Student,Private Payer,0,0,False,False,Regular tuition schedule maintained with prompt quarterly payments.
109238470082,Adrian Lim,75000,"₱50,000+ (Upper Middle/High)",False,Small Business Owner / Professional,1,None / Stable Finances,Adequate (₱100+/day),None / Full-time Student,Private Payer,0,0,False,False,Regular tuition schedule maintained with prompt quarterly payments.
109238470083,Andrea Gonzales,75000,"₱50,000+ (Upper Middle/High)",False,Small Business Owner / Professional,1,None / Stable Finances,Adequate (₱100+/day),None / Full-time Student,Private Payer,0,0,False,False,Regular tuition schedule maintained with prompt quarterly payments.
109238470084,Trisha San Jose,28000,"₱25,000 - ₱49,999 (Middle)",False,Private Employee / BPO Agent,3,Tuition Installment Timing,Adequate (₱80-₱100/day),None / Full-time Student,ESC Scholar,4000,1,False,False,Offer flexible installment schedule for mid-term balance settlement.
109238470085,Cecilia Ocampo,75000,"₱50,000+ (Upper Middle/High)",False,Small Business Owner / Professional,1,None / Stable Finances,Adequate (₱100+/day),None / Full-time Student,Private Payer,0,0,False,False,Regular tuition schedule maintained with prompt quarterly payments.
109238470086,Sebastian Dimaculangan,75000,"₱50,000+ (Upper Middle/High)",False,Small Business Owner / Professional,1,None / Stable Finances,Adequate (₱100+/day),None / Full-time Student,Private Payer,0,0,False,False,Regular tuition schedule maintained with prompt quarterly payments.
109238470087,Mariel Ocampo,28000,"₱25,000 - ₱49,999 (Middle)",False,Private Employee / BPO Agent,3,Tuition Installment Timing,Adequate (₱80-₱100/day),None / Full-time Student,ESC Scholar,4000,1,False,False,Offer flexible installment schedule for mid-term balance settlement.
109238470088,Lorenzo Alcantara,11500,"Below ₱10,000 (Low Income)",True,Small Sari-Sari Store Vendor / Tricycle Driver,5,Household Debt & Micro-loan Obligations,Tight (₱40-₱60/day),Working Student (10-15 hrs/wk - High Fatigue Burden),ESC Scholar,14500,3,True,True,Endorse student for Alumni Educational Assistance Subsidy and provide subsidized daily meal coupons.
109238470089,Simon Ramos,75000,"₱50,000+ (Upper Middle/High)",False,Small Business Owner / Professional,1,None / Stable Finances,Adequate (₱100+/day),None / Full-time Student,Private Payer,0,0,False,False,Regular tuition schedule maintained with prompt quarterly payments.
109238470090,Rita Cruz,75000,"₱50,000+ (Upper Middle/High)",False,Small Business Owner / Professional,1,None / Stable Finances,Adequate (₱100+/day),None / Full-time Student,Private Payer,0,0,False,False,Regular tuition schedule maintained with prompt quarterly payments.
109238470091,Cedric Lim,75000,"₱50,000+ (Upper Middle/High)",False,Small Business Owner / Professional,1,None / Stable Finances,Adequate (₱100+/day),None / Full-time Student,Private Payer,0,0,False,False,Regular tuition schedule maintained with prompt quarterly payments.
109238470092,Gabriel De Leon,75000,"₱50,000+ (Upper Middle/High)",False,Small Business Owner / Professional,1,None / Stable Finances,Adequate (₱100+/day),None / Full-time Student,Private Payer,0,0,False,False,Regular tuition schedule maintained with prompt quarterly payments.
109238470093,Liza Domingo,75000,"₱50,000+ (Upper Middle/High)",False,Small Business Owner / Professional,1,None / Stable Finances,Adequate (₱100+/day),None / Full-time Student,Private Payer,0,0,False,False,Regular tuition schedule maintained with prompt quarterly payments.
109238470094,Justin Mercado,75000,"₱50,000+ (Upper Middle/High)",False,Small Business Owner / Professional,1,None / Stable Finances,Adequate (₱100+/day),None / Full-time Student,Private Payer,0,0,False,False,Regular tuition schedule maintained with prompt quarterly payments.
109238470095,Angelo Morales,75000,"₱50,000+ (Upper Middle/High)",False,Small Business Owner / Professional,1,None / Stable Finances,Adequate (₱100+/day),None / Full-time Student,Private Payer,0,0,False,False,Regular tuition schedule maintained with prompt quarterly payments.
109238470096,Jerome Padilla,75000,"₱50,000+ (Upper Middle/High)",False,Small Business Owner / Professional,1,None / Stable Finances,Adequate (₱100+/day),None / Full-time Student,Private Payer,0,0,False,False,Regular tuition schedule maintained with prompt quarterly payments.
109238470097,Joshua Salazar,75000,"₱50,000+ (Upper Middle/High)",False,Small Business Owner / Professional,1,None / Stable Finances,Adequate (₱100+/day),None / Full-time Student,Private Payer,0,0,False,False,Regular tuition schedule maintained with prompt quarterly payments.
109238470098,Sofia Soriano,28000,"₱25,000 - ₱49,999 (Middle)",False,Private Employee / BPO Agent,3,Tuition Installment Timing,Adequate (₱80-₱100/day),None / Full-time Student,ESC Scholar,4000,1,False,False,Offer flexible installment schedule for mid-term balance settlement.
109238470099,Liza Aquino,11500,"Below ₱10,000 (Low Income)",True,Small Sari-Sari Store Vendor / Tricycle Driver,5,Household Debt & Micro-loan Obligations,Tight (₱40-₱60/day),Working Student (10-15 hrs/wk - High Fatigue Burden),ESC Scholar,14500,3,True,True,Endorse student for Alumni Educational Assistance Subsidy and provide subsidized daily meal coupons.
109238470100,Justin Aquino,75000,"₱50,000+ (Upper Middle/High)",False,Small Business Owner / Professional,1,None / Stable Finances,Adequate (₱100+/day),None / Full-time Student,Private Payer,0,0,False,False,Regular tuition schedule maintained with prompt quarterly payments.
109238470101,Sebastian Aquino,75000,"₱50,000+ (Upper Middle/High)",False,Small Business Owner / Professional,1,None / Stable Finances,Adequate (₱100+/day),None / Full-time Student,Private Payer,0,0,False,False,Regular tuition schedule maintained with prompt quarterly payments.
109238470102,Lucas Soriano,28000,"₱25,000 - ₱49,999 (Middle)",False,Private Employee / BPO Agent,3,Tuition Installment Timing,Adequate (₱80-₱100/day),None / Full-time Student,ESC Scholar,4000,1,False,False,Offer flexible installment schedule for mid-term balance settlement.
109238470103,Luis Dimaculangan,28000,"₱25,000 - ₱49,999 (Middle)",False,Private Employee / BPO Agent,3,Tuition Installment Timing,Adequate (₱80-₱100/day),None / Full-time Student,ESC Scholar,4000,1,False,False,Offer flexible installment schedule for mid-term balance settlement.
109238470104,Emman Reyes,75000,"₱50,000+ (Upper Middle/High)",False,Small Business Owner / Professional,1,None / Stable Finances,Adequate (₱100+/day),None / Full-time Student,Private Payer,0,0,False,False,Regular tuition schedule maintained with prompt quarterly payments.
109238470105,Kathleen Santos,75000,"₱50,000+ (Upper Middle/High)",False,Small Business Owner / Professional,1,None / Stable Finances,Adequate (₱100+/day),None / Full-time Student,Private Payer,0,0,False,False,Regular tuition schedule maintained with prompt quarterly payments.
109238470106,Angela San Jose,75000,"₱50,000+ (Upper Middle/High)",False,Small Business Owner / Professional,1,None / Stable Finances,Adequate (₱100+/day),None / Full-time Student,Private Payer,0,0,False,False,Regular tuition schedule maintained with prompt quarterly payments.
109238470107,Clare Castillo,75000,"₱50,000+ (Upper Middle/High)",False,Small Business Owner / Professional,1,None / Stable Finances,Adequate (₱100+/day),None / Full-time Student,Private Payer,0,0,False,False,Regular tuition schedule maintained with prompt quarterly payments.
109238470108,Princess Mae Rivera,75000,"₱50,000+ (Upper Middle/High)",False,Small Business Owner / Professional,1,None / Stable Finances,Adequate (₱100+/day),None / Full-time Student,Private Payer,0,0,False,False,Regular tuition schedule maintained with prompt quarterly payments.
109238470109,Dominic Villanueva,75000,"₱50,000+ (Upper Middle/High)",False,Small Business Owner / Professional,1,None / Stable Finances,Adequate (₱100+/day),None / Full-time Student,Private Payer,0,0,False,False,Regular tuition schedule maintained with prompt quarterly payments.
109238470110,Angelo Alcantara,75000,"₱50,000+ (Upper Middle/High)",False,Small Business Owner / Professional,1,None / Stable Finances,Adequate (₱100+/day),None / Full-time Student,Private Payer,0,0,False,False,Regular tuition schedule maintained with prompt quarterly payments.
109238470111,John Carlo De Leon,75000,"₱50,000+ (Upper Middle/High)",False,Small Business Owner / Professional,1,None / Stable Finances,Adequate (₱100+/day),None / Full-time Student,Private Payer,0,0,False,False,Regular tuition schedule maintained with prompt quarterly payments.
109238470112,Cedric Torres,28000,"₱25,000 - ₱49,999 (Middle)",False,Private Employee / BPO Agent,3,Tuition Installment Timing,Adequate (₱80-₱100/day),None / Full-time Student,ESC Scholar,4000,1,False,False,Offer flexible installment schedule for mid-term balance settlement.
109238470113,Faith Santiago,28000,"₱25,000 - ₱49,999 (Middle)",False,Private Employee / BPO Agent,3,Tuition Installment Timing,Adequate (₱80-₱100/day),None / Full-time Student,ESC Scholar,4000,1,False,False,Offer flexible installment schedule for mid-term balance settlement.
109238470114,Martin Dela Cruz,28000,"₱25,000 - ₱49,999 (Middle)",False,Private Employee / BPO Agent,3,Tuition Installment Timing,Adequate (₱80-₱100/day),None / Full-time Student,ESC Scholar,4000,1,False,False,Offer flexible installment schedule for mid-term balance settlement.
109238470115,Andrea Pascual,28000,"₱25,000 - ₱49,999 (Middle)",False,Private Employee / BPO Agent,3,Tuition Installment Timing,Adequate (₱80-₱100/day),None / Full-time Student,ESC Scholar,4000,1,False,False,Offer flexible installment schedule for mid-term balance settlement.
109238470116,Benedict Flores,75000,"₱50,000+ (Upper Middle/High)",False,Small Business Owner / Professional,1,None / Stable Finances,Adequate (₱100+/day),None / Full-time Student,Private Payer,0,0,False,False,Regular tuition schedule maintained with prompt quarterly payments.
109238470117,Carlos Soriano,75000,"₱50,000+ (Upper Middle/High)",False,Small Business Owner / Professional,1,None / Stable Finances,Adequate (₱100+/day),None / Full-time Student,Private Payer,0,0,False,False,Regular tuition schedule maintained with prompt quarterly payments.
109238470118,Vanessa Dizon,75000,"₱50,000+ (Upper Middle/High)",False,Small Business Owner / Professional,1,None / Stable Finances,Adequate (₱100+/day),None / Full-time Student,Private Payer,0,0,False,False,Regular tuition schedule maintained with prompt quarterly payments.
109238470119,Kathryn Villanueva,28000,"₱25,000 - ₱49,999 (Middle)",False,Private Employee / BPO Agent,3,Tuition Installment Timing,Adequate (₱80-₱100/day),None / Full-time Student,ESC Scholar,4000,1,False,False,Offer flexible installment schedule for mid-term balance settlement.
109238470120,Karl Lim,75000,"₱50,000+ (Upper Middle/High)",False,Small Business Owner / Professional,1,None / Stable Finances,Adequate (₱100+/day),None / Full-time Student,Private Payer,0,0,False,False,Regular tuition schedule maintained with prompt quarterly payments.
109238470121,Adrian De Leon,75000,"₱50,000+ (Upper Middle/High)",False,Small Business Owner / Professional,1,None / Stable Finances,Adequate (₱100+/day),None / Full-time Student,Private Payer,0,0,False,False,Regular tuition schedule maintained with prompt quarterly payments.
109238470122,Christian Gonzales,75000,"₱50,000+ (Upper Middle/High)",False,Small Business Owner / Professional,1,None / Stable Finances,Adequate (₱100+/day),None / Full-time Student,Private Payer,0,0,False,False,Regular tuition schedule maintained with prompt quarterly payments.
109238470123,Samantha Nicole Castillo,28000,"₱25,000 - ₱49,999 (Middle)",False,Private Employee / BPO Agent,3,Tuition Installment Timing,Adequate (₱80-₱100/day),None / Full-time Student,ESC Scholar,4000,1,False,False,Offer flexible installment schedule for mid-term balance settlement.
109238470124,Rochelle Mercado,75000,"₱50,000+ (Upper Middle/High)",False,Small Business Owner / Professional,1,None / Stable Finances,Adequate (₱100+/day),None / Full-time Student,Private Payer,0,0,False,False,Regular tuition schedule maintained with prompt quarterly payments.
109238470125,Lance Villanueva,75000,"₱50,000+ (Upper Middle/High)",False,Small Business Owner / Professional,1,None / Stable Finances,Adequate (₱100+/day),None / Full-time Student,Private Payer,0,0,False,False,Regular tuition schedule maintained with prompt quarterly payments.
109238470126,Justin San Jose,28000,"₱25,000 - ₱49,999 (Middle)",False,Private Employee / BPO Agent,3,Tuition Installment Timing,Adequate (₱80-₱100/day),None / Full-time Student,ESC Scholar,4000,1,False,False,Offer flexible installment schedule for mid-term balance settlement.
109238470127,Cedric Bautista,75000,"₱50,000+ (Upper Middle/High)",False,Small Business Owner / Professional,1,None / Stable Finances,Adequate (₱100+/day),None / Full-time Student,Private Payer,0,0,False,False,Regular tuition schedule maintained with prompt quarterly payments.
109238470128,Maria Clara Manalo,75000,"₱50,000+ (Upper Middle/High)",False,Small Business Owner / Professional,1,None / Stable Finances,Adequate (₱100+/day),None / Full-time Student,Private Payer,0,0,False,False,Regular tuition schedule maintained with prompt quarterly payments.
109238470129,Vanessa Dizon,75000,"₱50,000+ (Upper Middle/High)",False,Small Business Owner / Professional,1,None / Stable Finances,Adequate (₱100+/day),None / Full-time Student,Private Payer,0,0,False,False,Regular tuition schedule maintained with prompt quarterly payments.
109238470130,Tristan Morales,75000,"₱50,000+ (Upper Middle/High)",False,Small Business Owner / Professional,1,None / Stable Finances,Adequate (₱100+/day),None / Full-time Student,Private Payer,0,0,False,False,Regular tuition schedule maintained with prompt quarterly payments.
109238470131,Daniel Dimaculangan,28000,"₱25,000 - ₱49,999 (Middle)",False,Private Employee / BPO Agent,3,Tuition Installment Timing,Adequate (₱80-₱100/day),None / Full-time Student,ESC Scholar,4000,1,False,False,Offer flexible installment schedule for mid-term balance settlement.
109238470132,Therese Santiago,75000,"₱50,000+ (Upper Middle/High)",False,Small Business Owner / Professional,1,None / Stable Finances,Adequate (₱100+/day),None / Full-time Student,Private Payer,0,0,False,False,Regular tuition schedule maintained with prompt quarterly payments.
109238470133,Anthony Rivera,75000,"₱50,000+ (Upper Middle/High)",False,Small Business Owner / Professional,1,None / Stable Finances,Adequate (₱100+/day),None / Full-time Student,Private Payer,0,0,False,False,Regular tuition schedule maintained with prompt quarterly payments.
109238470134,Matthew Valdez,75000,"₱50,000+ (Upper Middle/High)",False,Small Business Owner / Professional,1,None / Stable Finances,Adequate (₱100+/day),None / Full-time Student,Private Payer,0,0,False,False,Regular tuition schedule maintained with prompt quarterly payments.
109238470135,Angela Mendoza,75000,"₱50,000+ (Upper Middle/High)",False,Small Business Owner / Professional,1,None / Stable Finances,Adequate (₱100+/day),None / Full-time Student,Private Payer,0,0,False,False,Regular tuition schedule maintained with prompt quarterly payments.
109238470136,Anthony Cruz,75000,"₱50,000+ (Upper Middle/High)",False,Small Business Owner / Professional,1,None / Stable Finances,Adequate (₱100+/day),None / Full-time Student,Private Payer,0,0,False,False,Regular tuition schedule maintained with prompt quarterly payments.
109238470137,Camille Manalo,75000,"₱50,000+ (Upper Middle/High)",False,Small Business Owner / Professional,1,None / Stable Finances,Adequate (₱100+/day),None / Full-time Student,Private Payer,0,0,False,False,Regular tuition schedule maintained with prompt quarterly payments.
109238470138,Elijah Gonzales,75000,"₱50,000+ (Upper Middle/High)",False,Small Business Owner / Professional,1,None / Stable Finances,Adequate (₱100+/day),None / Full-time Student,Private Payer,0,0,False,False,Regular tuition schedule maintained with prompt quarterly payments.
109238470139,Bianca Dizon,75000,"₱50,000+ (Upper Middle/High)",False,Small Business Owner / Professional,1,None / Stable Finances,Adequate (₱100+/day),None / Full-time Student,Private Payer,0,0,False,False,Regular tuition schedule maintained with prompt quarterly payments.
109238470140,Therese Manalo,75000,"₱50,000+ (Upper Middle/High)",False,Small Business Owner / Professional,1,None / Stable Finances,Adequate (₱100+/day),None / Full-time Student,Private Payer,0,0,False,False,Regular tuition schedule maintained with prompt quarterly payments.
109238470141,Simon San Jose,75000,"₱50,000+ (Upper Middle/High)",False,Small Business Owner / Professional,1,None / Stable Finances,Adequate (₱100+/day),None / Full-time Student,Private Payer,0,0,False,False,Regular tuition schedule maintained with prompt quarterly payments.
109238470142,Patricia Torres,75000,"₱50,000+ (Upper Middle/High)",False,Small Business Owner / Professional,1,None / Stable Finances,Adequate (₱100+/day),None / Full-time Student,Private Payer,0,0,False,False,Regular tuition schedule maintained with prompt quarterly payments.
109238470143,Anthony Aquino,28000,"₱25,000 - ₱49,999 (Middle)",False,Private Employee / BPO Agent,3,Tuition Installment Timing,Adequate (₱80-₱100/day),None / Full-time Student,ESC Scholar,4000,1,False,False,Offer flexible installment schedule for mid-term balance settlement.
109238470144,Clare Castro,75000,"₱50,000+ (Upper Middle/High)",False,Small Business Owner / Professional,1,None / Stable Finances,Adequate (₱100+/day),None / Full-time Student,Private Payer,0,0,False,False,Regular tuition schedule maintained with prompt quarterly payments.
109238470145,Samantha Nicole Castillo,75000,"₱50,000+ (Upper Middle/High)",False,Small Business Owner / Professional,1,None / Stable Finances,Adequate (₱100+/day),None / Full-time Student,Private Payer,0,0,False,False,Regular tuition schedule maintained with prompt quarterly payments.
109238470146,Sebastian Torres,75000,"₱50,000+ (Upper Middle/High)",False,Small Business Owner / Professional,1,None / Stable Finances,Adequate (₱100+/day),None / Full-time Student,Private Payer,0,0,False,False,Regular tuition schedule maintained with prompt quarterly payments.
109238470147,Vincent Ocampo,11500,"Below ₱10,000 (Low Income)",True,Small Sari-Sari Store Vendor / Tricycle Driver,5,Household Debt & Micro-loan Obligations,Tight (₱40-₱60/day),Working Student (10-15 hrs/wk - High Fatigue Burden),ESC Scholar,14500,3,True,True,Endorse student for Alumni Educational Assistance Subsidy and provide subsidized daily meal coupons.
109238470148,Rochelle San Jose,75000,"₱50,000+ (Upper Middle/High)",False,Small Business Owner / Professional,1,None / Stable Finances,Adequate (₱100+/day),None / Full-time Student,Private Payer,0,0,False,False,Regular tuition schedule maintained with prompt quarterly payments.
109238470149,Patricia De Leon,28000,"₱25,000 - ₱49,999 (Middle)",False,Private Employee / BPO Agent,3,Tuition Installment Timing,Adequate (₱80-₱100/day),None / Full-time Student,ESC Scholar,4000,1,False,False,Offer flexible installment schedule for mid-term balance settlement.
109238470150,Joshua Flores,28000,"₱25,000 - ₱49,999 (Middle)",False,Private Employee / BPO Agent,3,Tuition Installment Timing,Adequate (₱80-₱100/day),None / Full-time Student,ESC Scholar,4000,1,False,False,Offer flexible installment schedule for mid-term balance settlement.
109238470151,Sofia De Leon,28000,"₱25,000 - ₱49,999 (Middle)",False,Private Employee / BPO Agent,3,Tuition Installment Timing,Adequate (₱80-₱100/day),None / Full-time Student,ESC Scholar,4000,1,False,False,Offer flexible installment schedule for mid-term balance settlement.
109238470152,Bea De Leon,75000,"₱50,000+ (Upper Middle/High)",False,Small Business Owner / Professional,1,None / Stable Finances,Adequate (₱100+/day),None / Full-time Student,Private Payer,0,0,False,False,Regular tuition schedule maintained with prompt quarterly payments.
109238470153,Justin Alcantara,28000,"₱25,000 - ₱49,999 (Middle)",False,Private Employee / BPO Agent,3,Tuition Installment Timing,Adequate (₱80-₱100/day),None / Full-time Student,ESC Scholar,4000,1,False,False,Offer flexible installment schedule for mid-term balance settlement.
109238470154,Kathleen Soriano,75000,"₱50,000+ (Upper Middle/High)",False,Small Business Owner / Professional,1,None / Stable Finances,Adequate (₱100+/day),None / Full-time Student,Private Payer,0,0,False,False,Regular tuition schedule maintained with prompt quarterly payments.
109238470155,Cedric Gonzales,75000,"₱50,000+ (Upper Middle/High)",False,Small Business Owner / Professional,1,None / Stable Finances,Adequate (₱100+/day),None / Full-time Student,Private Payer,0,0,False,False,Regular tuition schedule maintained with prompt quarterly payments.
109238470156,Sebastian Dimaculangan,75000,"₱50,000+ (Upper Middle/High)",False,Small Business Owner / Professional,1,None / Stable Finances,Adequate (₱100+/day),None / Full-time Student,Private Payer,0,0,False,False,Regular tuition schedule maintained with prompt quarterly payments.
109238470157,Lucas Domingo,28000,"₱25,000 - ₱49,999 (Middle)",False,Private Employee / BPO Agent,3,Tuition Installment Timing,Adequate (₱80-₱100/day),None / Full-time Student,ESC Scholar,4000,1,False,False,Offer flexible installment schedule for mid-term balance settlement.
109238470158,Matthew Cruz,75000,"₱50,000+ (Upper Middle/High)",False,Small Business Owner / Professional,1,None / Stable Finances,Adequate (₱100+/day),None / Full-time Student,Private Payer,0,0,False,False,Regular tuition schedule maintained with prompt quarterly payments.
109238470159,Dominic Castro,75000,"₱50,000+ (Upper Middle/High)",False,Small Business Owner / Professional,1,None / Stable Finances,Adequate (₱100+/day),None / Full-time Student,Private Payer,0,0,False,False,Regular tuition schedule maintained with prompt quarterly payments.
109238470160,Camille Lim,75000,"₱50,000+ (Upper Middle/High)",False,Small Business Owner / Professional,1,None / Stable Finances,Adequate (₱100+/day),None / Full-time Student,Private Payer,0,0,False,False,Regular tuition schedule maintained with prompt quarterly payments.
109238470161,Diego Tolentino,11500,"Below ₱10,000 (Low Income)",True,Small Sari-Sari Store Vendor / Tricycle Driver,5,Household Debt & Micro-loan Obligations,Tight (₱40-₱60/day),Working Student (10-15 hrs/wk - High Fatigue Burden),ESC Scholar,14500,3,True,True,Endorse student for Alumni Educational Assistance Subsidy and provide subsidized daily meal coupons.
109238470162,Matthew Cruz,28000,"₱25,000 - ₱49,999 (Middle)",False,Private Employee / BPO Agent,3,Tuition Installment Timing,Adequate (₱80-₱100/day),None / Full-time Student,ESC Scholar,4000,1,False,False,Offer flexible installment schedule for mid-term balance settlement.
109238470163,Chloe Torres,28000,"₱25,000 - ₱49,999 (Middle)",False,Private Employee / BPO Agent,3,Tuition Installment Timing,Adequate (₱80-₱100/day),None / Full-time Student,ESC Scholar,4000,1,False,False,Offer flexible installment schedule for mid-term balance settlement.
109238470164,Daniel Manalo,75000,"₱50,000+ (Upper Middle/High)",False,Small Business Owner / Professional,1,None / Stable Finances,Adequate (₱100+/day),None / Full-time Student,Private Payer,0,0,False,False,Regular tuition schedule maintained with prompt quarterly payments.
109238470165,Matthew Tolentino,75000,"₱50,000+ (Upper Middle/High)",False,Small Business Owner / Professional,1,None / Stable Finances,Adequate (₱100+/day),None / Full-time Student,Private Payer,0,0,False,False,Regular tuition schedule maintained with prompt quarterly payments.
109238470166,Diego Lim,75000,"₱50,000+ (Upper Middle/High)",False,Small Business Owner / Professional,1,None / Stable Finances,Adequate (₱100+/day),None / Full-time Student,Private Payer,0,0,False,False,Regular tuition schedule maintained with prompt quarterly payments.
109238470167,Adrian Ramos,11500,"Below ₱10,000 (Low Income)",True,Small Sari-Sari Store Vendor / Tricycle Driver,5,Household Debt & Micro-loan Obligations,Tight (₱40-₱60/day),Working Student (10-15 hrs/wk - High Fatigue Burden),ESC Scholar,14500,3,True,True,Endorse student for Alumni Educational Assistance Subsidy and provide subsidized daily meal coupons.
109238470168,Rochelle Corpuz,75000,"₱50,000+ (Upper Middle/High)",False,Small Business Owner / Professional,1,None / Stable Finances,Adequate (₱100+/day),None / Full-time Student,Private Payer,0,0,False,False,Regular tuition schedule maintained with prompt quarterly payments.
109238470169,Samantha Nicole Villanueva,75000,"₱50,000+ (Upper Middle/High)",False,Small Business Owner / Professional,1,None / Stable Finances,Adequate (₱100+/day),None / Full-time Student,Private Payer,0,0,False,False,Regular tuition schedule maintained with prompt quarterly payments.
109238470170,Martin Dela Cruz,11500,"Below ₱10,000 (Low Income)",True,Small Sari-Sari Store Vendor / Tricycle Driver,5,Household Debt & Micro-loan Obligations,Tight (₱40-₱60/day),Working Student (10-15 hrs/wk - High Fatigue Burden),ESC Scholar,14500,3,True,True,Endorse student for Alumni Educational Assistance Subsidy and provide subsidized daily meal coupons.
109238470171,Trisha Padilla,75000,"₱50,000+ (Upper Middle/High)",False,Small Business Owner / Professional,1,None / Stable Finances,Adequate (₱100+/day),None / Full-time Student,Private Payer,0,0,False,False,Regular tuition schedule maintained with prompt quarterly payments.
109238470172,Miguel Castillo,75000,"₱50,000+ (Upper Middle/High)",False,Small Business Owner / Professional,1,None / Stable Finances,Adequate (₱100+/day),None / Full-time Student,Private Payer,0,0,False,False,Regular tuition schedule maintained with prompt quarterly payments.
109238470173,Jose Reyes,11500,"Below ₱10,000 (Low Income)",True,Small Sari-Sari Store Vendor / Tricycle Driver,5,Household Debt & Micro-loan Obligations,Tight (₱40-₱60/day),Working Student (10-15 hrs/wk - High Fatigue Burden),ESC Scholar,14500,3,True,True,Endorse student for Alumni Educational Assistance Subsidy and provide subsidized daily meal coupons.
109238470174,Lorenzo Ramos,75000,"₱50,000+ (Upper Middle/High)",False,Small Business Owner / Professional,1,None / Stable Finances,Adequate (₱100+/day),None / Full-time Student,Private Payer,0,0,False,False,Regular tuition schedule maintained with prompt quarterly payments.
109238470175,Matthew Domingo,75000,"₱50,000+ (Upper Middle/High)",False,Small Business Owner / Professional,1,None / Stable Finances,Adequate (₱100+/day),None / Full-time Student,Private Payer,0,0,False,False,Regular tuition schedule maintained with prompt quarterly payments.
109238470176,Jasmine Cruz,28000,"₱25,000 - ₱49,999 (Middle)",False,Private Employee / BPO Agent,3,Tuition Installment Timing,Adequate (₱80-₱100/day),None / Full-time Student,ESC Scholar,4000,1,False,False,Offer flexible installment schedule for mid-term balance settlement.
109238470177,Angelica Ocampo,75000,"₱50,000+ (Upper Middle/High)",False,Small Business Owner / Professional,1,None / Stable Finances,Adequate (₱100+/day),None / Full-time Student,Private Payer,0,0,False,False,Regular tuition schedule maintained with prompt quarterly payments.
109238470178,Janine Mendoza,75000,"₱50,000+ (Upper Middle/High)",False,Small Business Owner / Professional,1,None / Stable Finances,Adequate (₱100+/day),None / Full-time Student,Private Payer,0,0,False,False,Regular tuition schedule maintained with prompt quarterly payments.
109238470179,Clarisse Reyes,75000,"₱50,000+ (Upper Middle/High)",False,Small Business Owner / Professional,1,None / Stable Finances,Adequate (₱100+/day),None / Full-time Student,Private Payer,0,0,False,False,Regular tuition schedule maintained with prompt quarterly payments.
109238470180,Adrian Garcia,75000,"₱50,000+ (Upper Middle/High)",False,Small Business Owner / Professional,1,None / Stable Finances,Adequate (₱100+/day),None / Full-time Student,Private Payer,0,0,False,False,Regular tuition schedule maintained with prompt quarterly payments.
109238470181,Patricia De Leon,11500,"Below ₱10,000 (Low Income)",True,Small Sari-Sari Store Vendor / Tricycle Driver,5,Household Debt & Micro-loan Obligations,Tight (₱40-₱60/day),Working Student (10-15 hrs/wk - High Fatigue Burden),ESC Scholar,14500,3,True,True,Endorse student for Alumni Educational Assistance Subsidy and provide subsidized daily meal coupons.
109238470182,Kathryn Castro,28000,"₱25,000 - ₱49,999 (Middle)",False,Private Employee / BPO Agent,3,Tuition Installment Timing,Adequate (₱80-₱100/day),None / Full-time Student,ESC Scholar,4000,1,False,False,Offer flexible installment schedule for mid-term balance settlement.
109238470183,Kathryn Tolentino,28000,"₱25,000 - ₱49,999 (Middle)",False,Private Employee / BPO Agent,3,Tuition Installment Timing,Adequate (₱80-₱100/day),None / Full-time Student,ESC Scholar,4000,1,False,False,Offer flexible installment schedule for mid-term balance settlement.
109238470184,Justin Ramos,75000,"₱50,000+ (Upper Middle/High)",False,Small Business Owner / Professional,1,None / Stable Finances,Adequate (₱100+/day),None / Full-time Student,Private Payer,0,0,False,False,Regular tuition schedule maintained with prompt quarterly payments.
109238470185,Cecilia Mendoza,75000,"₱50,000+ (Upper Middle/High)",False,Small Business Owner / Professional,1,None / Stable Finances,Adequate (₱100+/day),None / Full-time Student,Private Payer,0,0,False,False,Regular tuition schedule maintained with prompt quarterly payments.
109238470186,Lorenzo Santos,75000,"₱50,000+ (Upper Middle/High)",False,Small Business Owner / Professional,1,None / Stable Finances,Adequate (₱100+/day),None / Full-time Student,Private Payer,0,0,False,False,Regular tuition schedule maintained with prompt quarterly payments.
109238470187,Camille Dela Cruz,28000,"₱25,000 - ₱49,999 (Middle)",False,Private Employee / BPO Agent,3,Tuition Installment Timing,Adequate (₱80-₱100/day),None / Full-time Student,ESC Scholar,4000,1,False,False,Offer flexible installment schedule for mid-term balance settlement.
109238470188,Francis Lim,75000,"₱50,000+ (Upper Middle/High)",False,Small Business Owner / Professional,1,None / Stable Finances,Adequate (₱100+/day),None / Full-time Student,Private Payer,0,0,False,False,Regular tuition schedule maintained with prompt quarterly payments.
109238470189,Lance Garcia,28000,"₱25,000 - ₱49,999 (Middle)",False,Private Employee / BPO Agent,3,Tuition Installment Timing,Adequate (₱80-₱100/day),None / Full-time Student,ESC Scholar,4000,1,False,False,Offer flexible installment schedule for mid-term balance settlement.
109238470190,Paolo Torres,28000,"₱25,000 - ₱49,999 (Middle)",False,Private Employee / BPO Agent,3,Tuition Installment Timing,Adequate (₱80-₱100/day),None / Full-time Student,ESC Scholar,4000,1,False,False,Offer flexible installment schedule for mid-term balance settlement.
109238470191,Angela Navarro,75000,"₱50,000+ (Upper Middle/High)",False,Small Business Owner / Professional,1,None / Stable Finances,Adequate (₱100+/day),None / Full-time Student,Private Payer,0,0,False,False,Regular tuition schedule maintained with prompt quarterly payments.
109238470192,Andrea Mendoza,75000,"₱50,000+ (Upper Middle/High)",False,Small Business Owner / Professional,1,None / Stable Finances,Adequate (₱100+/day),None / Full-time Student,Private Payer,0,0,False,False,Regular tuition schedule maintained with prompt quarterly payments.
109238470193,Grace Manalo,75000,"₱50,000+ (Upper Middle/High)",False,Small Business Owner / Professional,1,None / Stable Finances,Adequate (₱100+/day),None / Full-time Student,Private Payer,0,0,False,False,Regular tuition schedule maintained with prompt quarterly payments.
109238470194,Camille Santos,75000,"₱50,000+ (Upper Middle/High)",False,Small Business Owner / Professional,1,None / Stable Finances,Adequate (₱100+/day),None / Full-time Student,Private Payer,0,0,False,False,Regular tuition schedule maintained with prompt quarterly payments.
109238470195,Rafael Corpuz,75000,"₱50,000+ (Upper Middle/High)",False,Small Business Owner / Professional,1,None / Stable Finances,Adequate (₱100+/day),None / Full-time Student,Private Payer,0,0,False,False,Regular tuition schedule maintained with prompt quarterly payments.
109238470196,Angelica Soriano,75000,"₱50,000+ (Upper Middle/High)",False,Small Business Owner / Professional,1,None / Stable Finances,Adequate (₱100+/day),None / Full-time Student,Private Payer,0,0,False,False,Regular tuition schedule maintained with prompt quarterly payments.
109238470197,Andrea Cruz,75000,"₱50,000+ (Upper Middle/High)",False,Small Business Owner / Professional,1,None / Stable Finances,Adequate (₱100+/day),None / Full-time Student,Private Payer,0,0,False,False,Regular tuition schedule maintained with prompt quarterly payments.
109238470198,Joy Padilla,75000,"₱50,000+ (Upper Middle/High)",False,Small Business Owner / Professional,1,None / Stable Finances,Adequate (₱100+/day),None / Full-time Student,Private Payer,0,0,False,False,Regular tuition schedule maintained with prompt quarterly payments.
109238470199,Clarisse De Leon,75000,"₱50,000+ (Upper Middle/High)",False,Small Business Owner / Professional,1,None / Stable Finances,Adequate (₱100+/day),None / Full-time Student,Private Payer,0,0,False,False,Regular tuition schedule maintained with prompt quarterly payments.
109238470200,Lorenzo Reyes,75000,"₱50,000+ (Upper Middle/High)",False,Small Business Owner / Professional,1,None / Stable Finances,Adequate (₱100+/day),None / Full-time Student,Private Payer,0,0,False,False,Regular tuition schedule maintained with prompt quarterly payments.
109238470201,Therese Soriano,75000,"₱50,000+ (Upper Middle/High)",False,Small Business Owner / Professional,1,None / Stable Finances,Adequate (₱100+/day),None / Full-time Student,Private Payer,0,0,False,False,Regular tuition schedule maintained with prompt quarterly payments.
109238470202,Jerome Padilla,75000,"₱50,000+ (Upper Middle/High)",False,Small Business Owner / Professional,1,None / Stable Finances,Adequate (₱100+/day),None / Full-time Student,Private Payer,0,0,False,False,Regular tuition schedule maintained with prompt quarterly payments.
109238470203,Carlos Santos,28000,"₱25,000 - ₱49,999 (Middle)",False,Private Employee / BPO Agent,3,Tuition Installment Timing,Adequate (₱80-₱100/day),None / Full-time Student,ESC Scholar,4000,1,False,False,Offer flexible installment schedule for mid-term balance settlement.
109238470204,Adrian Flores,75000,"₱50,000+ (Upper Middle/High)",False,Small Business Owner / Professional,1,None / Stable Finances,Adequate (₱100+/day),None / Full-time Student,Private Payer,0,0,False,False,Regular tuition schedule maintained with prompt quarterly payments.
109238470205,Lance Valdez,28000,"₱25,000 - ₱49,999 (Middle)",False,Private Employee / BPO Agent,3,Tuition Installment Timing,Adequate (₱80-₱100/day),None / Full-time Student,ESC Scholar,4000,1,False,False,Offer flexible installment schedule for mid-term balance settlement.
109238470206,Bianca Torres,28000,"₱25,000 - ₱49,999 (Middle)",False,Private Employee / BPO Agent,3,Tuition Installment Timing,Adequate (₱80-₱100/day),None / Full-time Student,ESC Scholar,4000,1,False,False,Offer flexible installment schedule for mid-term balance settlement.
109238470207,Anthony Bautista,28000,"₱25,000 - ₱49,999 (Middle)",False,Private Employee / BPO Agent,3,Tuition Installment Timing,Adequate (₱80-₱100/day),None / Full-time Student,ESC Scholar,4000,1,False,False,Offer flexible installment schedule for mid-term balance settlement.
109238470208,Anthony Aquino,28000,"₱25,000 - ₱49,999 (Middle)",False,Private Employee / BPO Agent,3,Tuition Installment Timing,Adequate (₱80-₱100/day),None / Full-time Student,ESC Scholar,4000,1,False,False,Offer flexible installment schedule for mid-term balance settlement.
109238470209,Elijah Manalo,75000,"₱50,000+ (Upper Middle/High)",False,Small Business Owner / Professional,1,None / Stable Finances,Adequate (₱100+/day),None / Full-time Student,Private Payer,0,0,False,False,Regular tuition schedule maintained with prompt quarterly payments.
109238470210,Therese Navarro,75000,"₱50,000+ (Upper Middle/High)",False,Small Business Owner / Professional,1,None / Stable Finances,Adequate (₱100+/day),None / Full-time Student,Private Payer,0,0,False,False,Regular tuition schedule maintained with prompt quarterly payments.
109238470211,Tristan Villanueva,75000,"₱50,000+ (Upper Middle/High)",False,Small Business Owner / Professional,1,None / Stable Finances,Adequate (₱100+/day),None / Full-time Student,Private Payer,0,0,False,False,Regular tuition schedule maintained with prompt quarterly payments.
109238470212,Angelica Padilla,75000,"₱50,000+ (Upper Middle/High)",False,Small Business Owner / Professional,1,None / Stable Finances,Adequate (₱100+/day),None / Full-time Student,Private Payer,0,0,False,False,Regular tuition schedule maintained with prompt quarterly payments.
109238470213,Angelo Bautista,75000,"₱50,000+ (Upper Middle/High)",False,Small Business Owner / Professional,1,None / Stable Finances,Adequate (₱100+/day),None / Full-time Student,Private Payer,0,0,False,False,Regular tuition schedule maintained with prompt quarterly payments.
109238470214,Lorenzo Aquino,28000,"₱25,000 - ₱49,999 (Middle)",False,Private Employee / BPO Agent,3,Tuition Installment Timing,Adequate (₱80-₱100/day),None / Full-time Student,ESC Scholar,4000,1,False,False,Offer flexible installment schedule for mid-term balance settlement.
109238470215,Grace Pascual,75000,"₱50,000+ (Upper Middle/High)",False,Small Business Owner / Professional,1,None / Stable Finances,Adequate (₱100+/day),None / Full-time Student,Private Payer,0,0,False,False,Regular tuition schedule maintained with prompt quarterly payments.
109238470216,Miguel Cruz,75000,"₱50,000+ (Upper Middle/High)",False,Small Business Owner / Professional,1,None / Stable Finances,Adequate (₱100+/day),None / Full-time Student,Private Payer,0,0,False,False,Regular tuition schedule maintained with prompt quarterly payments.
109238470217,Karl Santiago,75000,"₱50,000+ (Upper Middle/High)",False,Small Business Owner / Professional,1,None / Stable Finances,Adequate (₱100+/day),None / Full-time Student,Private Payer,0,0,False,False,Regular tuition schedule maintained with prompt quarterly payments.
109238470218,Joshua Padilla,75000,"₱50,000+ (Upper Middle/High)",False,Small Business Owner / Professional,1,None / Stable Finances,Adequate (₱100+/day),None / Full-time Student,Private Payer,0,0,False,False,Regular tuition schedule maintained with prompt quarterly payments.
109238470219,Rafael Villanueva,28000,"₱25,000 - ₱49,999 (Middle)",False,Private Employee / BPO Agent,3,Tuition Installment Timing,Adequate (₱80-₱100/day),None / Full-time Student,ESC Scholar,4000,1,False,False,Offer flexible installment schedule for mid-term balance settlement.
109238470220,Camille Domingo,75000,"₱50,000+ (Upper Middle/High)",False,Small Business Owner / Professional,1,None / Stable Finances,Adequate (₱100+/day),None / Full-time Student,Private Payer,0,0,False,False,Regular tuition schedule maintained with prompt quarterly payments.
109238470221,Erika Dimaculangan,11500,"Below ₱10,000 (Low Income)",True,Small Sari-Sari Store Vendor / Tricycle Driver,5,Household Debt & Micro-loan Obligations,Tight (₱40-₱60/day),Working Student (10-15 hrs/wk - High Fatigue Burden),ESC Scholar,14500,3,True,True,Endorse student for Alumni Educational Assistance Subsidy and provide subsidized daily meal coupons.
109238470222,Matthew Ocampo,28000,"₱25,000 - ₱49,999 (Middle)",False,Private Employee / BPO Agent,3,Tuition Installment Timing,Adequate (₱80-₱100/day),None / Full-time Student,ESC Scholar,4000,1,False,False,Offer flexible installment schedule for mid-term balance settlement.
109238470223,Alyssa Rivera,11500,"Below ₱10,000 (Low Income)",True,Small Sari-Sari Store Vendor / Tricycle Driver,5,Household Debt & Micro-loan Obligations,Tight (₱40-₱60/day),Working Student (10-15 hrs/wk - High Fatigue Burden),ESC Scholar,14500,3,True,True,Endorse student for Alumni Educational Assistance Subsidy and provide subsidized daily meal coupons.
109238470224,Sebastian Villanueva,28000,"₱25,000 - ₱49,999 (Middle)",False,Private Employee / BPO Agent,3,Tuition Installment Timing,Adequate (₱80-₱100/day),None / Full-time Student,ESC Scholar,4000,1,False,False,Offer flexible installment schedule for mid-term balance settlement.
109238470225,Cecilia Mercado,75000,"₱50,000+ (Upper Middle/High)",False,Small Business Owner / Professional,1,None / Stable Finances,Adequate (₱100+/day),None / Full-time Student,Private Payer,0,0,False,False,Regular tuition schedule maintained with prompt quarterly payments.
109238470226,Jerome Reyes,75000,"₱50,000+ (Upper Middle/High)",False,Small Business Owner / Professional,1,None / Stable Finances,Adequate (₱100+/day),None / Full-time Student,Private Payer,0,0,False,False,Regular tuition schedule maintained with prompt quarterly payments.
109238470227,Francis Ocampo,75000,"₱50,000+ (Upper Middle/High)",False,Small Business Owner / Professional,1,None / Stable Finances,Adequate (₱100+/day),None / Full-time Student,Private Payer,0,0,False,False,Regular tuition schedule maintained with prompt quarterly payments.
109238470228,Joshua Santiago,75000,"₱50,000+ (Upper Middle/High)",False,Small Business Owner / Professional,1,None / Stable Finances,Adequate (₱100+/day),None / Full-time Student,Private Payer,0,0,False,False,Regular tuition schedule maintained with prompt quarterly payments.
109238470229,Mark Mendoza,75000,"₱50,000+ (Upper Middle/High)",False,Small Business Owner / Professional,1,None / Stable Finances,Adequate (₱100+/day),None / Full-time Student,Private Payer,0,0,False,False,Regular tuition schedule maintained with prompt quarterly payments.
109238470230,Chloe Navarro,75000,"₱50,000+ (Upper Middle/High)",False,Small Business Owner / Professional,1,None / Stable Finances,Adequate (₱100+/day),None / Full-time Student,Private Payer,0,0,False,False,Regular tuition schedule maintained with prompt quarterly payments.
109238470231,Faith Navarro,75000,"₱50,000+ (Upper Middle/High)",False,Small Business Owner / Professional,1,None / Stable Finances,Adequate (₱100+/day),None / Full-time Student,Private Payer,0,0,False,False,Regular tuition schedule maintained with prompt quarterly payments.
109238470232,Nathan Torres,28000,"₱25,000 - ₱49,999 (Middle)",False,Private Employee / BPO Agent,3,Tuition Installment Timing,Adequate (₱80-₱100/day),None / Full-time Student,ESC Scholar,4000,1,False,False,Offer flexible installment schedule for mid-term balance settlement.
109238470233,Andrea Ramos,75000,"₱50,000+ (Upper Middle/High)",False,Small Business Owner / Professional,1,None / Stable Finances,Adequate (₱100+/day),None / Full-time Student,Private Payer,0,0,False,False,Regular tuition schedule maintained with prompt quarterly payments.
109238470234,Elijah Lim,75000,"₱50,000+ (Upper Middle/High)",False,Small Business Owner / Professional,1,None / Stable Finances,Adequate (₱100+/day),None / Full-time Student,Private Payer,0,0,False,False,Regular tuition schedule maintained with prompt quarterly payments.
109238470235,Andrea Rivera,75000,"₱50,000+ (Upper Middle/High)",False,Small Business Owner / Professional,1,None / Stable Finances,Adequate (₱100+/day),None / Full-time Student,Private Payer,0,0,False,False,Regular tuition schedule maintained with prompt quarterly payments.
109238470236,Mariel Rivera,75000,"₱50,000+ (Upper Middle/High)",False,Small Business Owner / Professional,1,None / Stable Finances,Adequate (₱100+/day),None / Full-time Student,Private Payer,0,0,False,False,Regular tuition schedule maintained with prompt quarterly payments.
109238470237,Vincent Santiago,75000,"₱50,000+ (Upper Middle/High)",False,Small Business Owner / Professional,1,None / Stable Finances,Adequate (₱100+/day),None / Full-time Student,Private Payer,0,0,False,False,Regular tuition schedule maintained with prompt quarterly payments.
109238470238,Diego Pascual,75000,"₱50,000+ (Upper Middle/High)",False,Small Business Owner / Professional,1,None / Stable Finances,Adequate (₱100+/day),None / Full-time Student,Private Payer,0,0,False,False,Regular tuition schedule maintained with prompt quarterly payments.
109238470239,Benedict Rivera,75000,"₱50,000+ (Upper Middle/High)",False,Small Business Owner / Professional,1,None / Stable Finances,Adequate (₱100+/day),None / Full-time Student,Private Payer,0,0,False,False,Regular tuition schedule maintained with prompt quarterly payments.
109238470240,Janine Domingo,75000,"₱50,000+ (Upper Middle/High)",False,Small Business Owner / Professional,1,None / Stable Finances,Adequate (₱100+/day),None / Full-time Student,Private Payer,0,0,False,False,Regular tuition schedule maintained with prompt quarterly payments.
109238470241,Benedict Padilla,75000,"₱50,000+ (Upper Middle/High)",False,Small Business Owner / Professional,1,None / Stable Finances,Adequate (₱100+/day),None / Full-time Student,Private Payer,0,0,False,False,Regular tuition schedule maintained with prompt quarterly payments.
109238470242,Joy Salazar,75000,"₱50,000+ (Upper Middle/High)",False,Small Business Owner / Professional,1,None / Stable Finances,Adequate (₱100+/day),None / Full-time Student,Private Payer,0,0,False,False,Regular tuition schedule maintained with prompt quarterly payments.
109238470243,Francis Bautista,75000,"₱50,000+ (Upper Middle/High)",False,Small Business Owner / Professional,1,None / Stable Finances,Adequate (₱100+/day),None / Full-time Student,Private Payer,0,0,False,False,Regular tuition schedule maintained with prompt quarterly payments.
109238470244,Emman Ramos,75000,"₱50,000+ (Upper Middle/High)",False,Small Business Owner / Professional,1,None / Stable Finances,Adequate (₱100+/day),None / Full-time Student,Private Payer,0,0,False,False,Regular tuition schedule maintained with prompt quarterly payments.
109238470245,Cedric Corpuz,28000,"₱25,000 - ₱49,999 (Middle)",False,Private Employee / BPO Agent,3,Tuition Installment Timing,Adequate (₱80-₱100/day),None / Full-time Student,ESC Scholar,4000,1,False,False,Offer flexible installment schedule for mid-term balance settlement.
109238470246,Simon Garcia,28000,"₱25,000 - ₱49,999 (Middle)",False,Private Employee / BPO Agent,3,Tuition Installment Timing,Adequate (₱80-₱100/day),None / Full-time Student,ESC Scholar,4000,1,False,False,Offer flexible installment schedule for mid-term balance settlement.
109238470247,Justin Padilla,28000,"₱25,000 - ₱49,999 (Middle)",False,Private Employee / BPO Agent,3,Tuition Installment Timing,Adequate (₱80-₱100/day),None / Full-time Student,ESC Scholar,4000,1,False,False,Offer flexible installment schedule for mid-term balance settlement.
109238470248,John Carlo Dela Cruz,28000,"₱25,000 - ₱49,999 (Middle)",False,Private Employee / BPO Agent,3,Tuition Installment Timing,Adequate (₱80-₱100/day),None / Full-time Student,ESC Scholar,4000,1,False,False,Offer flexible installment schedule for mid-term balance settlement.
109238470249,Alyssa Santiago,75000,"₱50,000+ (Upper Middle/High)",False,Small Business Owner / Professional,1,None / Stable Finances,Adequate (₱100+/day),None / Full-time Student,Private Payer,0,0,False,False,Regular tuition schedule maintained with prompt quarterly payments.
109238470250,Chloe Soriano,75000,"₱50,000+ (Upper Middle/High)",False,Small Business Owner / Professional,1,None / Stable Finances,Adequate (₱100+/day),None / Full-time Student,Private Payer,0,0,False,False,Regular tuition schedule maintained with prompt quarterly payments.
109238470251,Mariel Ramos,75000,"₱50,000+ (Upper Middle/High)",False,Small Business Owner / Professional,1,None / Stable Finances,Adequate (₱100+/day),None / Full-time Student,Private Payer,0,0,False,False,Regular tuition schedule maintained with prompt quarterly payments.
109238470252,Karl Castillo,75000,"₱50,000+ (Upper Middle/High)",False,Small Business Owner / Professional,1,None / Stable Finances,Adequate (₱100+/day),None / Full-time Student,Private Payer,0,0,False,False,Regular tuition schedule maintained with prompt quarterly payments.
109238470253,Justin Aquino,75000,"₱50,000+ (Upper Middle/High)",False,Small Business Owner / Professional,1,None / Stable Finances,Adequate (₱100+/day),None / Full-time Student,Private Payer,0,0,False,False,Regular tuition schedule maintained with prompt quarterly payments.
109238470254,Alyssa Castillo,75000,"₱50,000+ (Upper Middle/High)",False,Small Business Owner / Professional,1,None / Stable Finances,Adequate (₱100+/day),None / Full-time Student,Private Payer,0,0,False,False,Regular tuition schedule maintained with prompt quarterly payments.
109238470255,Elijah Tolentino,75000,"₱50,000+ (Upper Middle/High)",False,Small Business Owner / Professional,1,None / Stable Finances,Adequate (₱100+/day),None / Full-time Student,Private Payer,0,0,False,False,Regular tuition schedule maintained with prompt quarterly payments.
109238470256,Martin Santiago,28000,"₱25,000 - ₱49,999 (Middle)",False,Private Employee / BPO Agent,3,Tuition Installment Timing,Adequate (₱80-₱100/day),None / Full-time Student,ESC Scholar,4000,1,False,False,Offer flexible installment schedule for mid-term balance settlement.
109238470257,Andrea De Leon,28000,"₱25,000 - ₱49,999 (Middle)",False,Private Employee / BPO Agent,3,Tuition Installment Timing,Adequate (₱80-₱100/day),None / Full-time Student,ESC Scholar,4000,1,False,False,Offer flexible installment schedule for mid-term balance settlement.
109238470258,Justin Dimaculangan,75000,"₱50,000+ (Upper Middle/High)",False,Small Business Owner / Professional,1,None / Stable Finances,Adequate (₱100+/day),None / Full-time Student,Private Payer,0,0,False,False,Regular tuition schedule maintained with prompt quarterly payments.
109238470259,Christian Castro,28000,"₱25,000 - ₱49,999 (Middle)",False,Private Employee / BPO Agent,3,Tuition Installment Timing,Adequate (₱80-₱100/day),None / Full-time Student,ESC Scholar,4000,1,False,False,Offer flexible installment schedule for mid-term balance settlement.
109238470260,Alyssa Soriano,75000,"₱50,000+ (Upper Middle/High)",False,Small Business Owner / Professional,1,None / Stable Finances,Adequate (₱100+/day),None / Full-time Student,Private Payer,0,0,False,False,Regular tuition schedule maintained with prompt quarterly payments.
109238470261,Princess Mae Villanueva,28000,"₱25,000 - ₱49,999 (Middle)",False,Private Employee / BPO Agent,3,Tuition Installment Timing,Adequate (₱80-₱100/day),None / Full-time Student,ESC Scholar,4000,1,False,False,Offer flexible installment schedule for mid-term balance settlement.
109238470262,Benedict Flores,75000,"₱50,000+ (Upper Middle/High)",False,Small Business Owner / Professional,1,None / Stable Finances,Adequate (₱100+/day),None / Full-time Student,Private Payer,0,0,False,False,Regular tuition schedule maintained with prompt quarterly payments.
109238470263,Jerome Flores,75000,"₱50,000+ (Upper Middle/High)",False,Small Business Owner / Professional,1,None / Stable Finances,Adequate (₱100+/day),None / Full-time Student,Private Payer,0,0,False,False,Regular tuition schedule maintained with prompt quarterly payments.
109238470264,Jasmine Gonzales,75000,"₱50,000+ (Upper Middle/High)",False,Small Business Owner / Professional,1,None / Stable Finances,Adequate (₱100+/day),None / Full-time Student,Private Payer,0,0,False,False,Regular tuition schedule maintained with prompt quarterly payments.
109238470265,Liza Garcia,28000,"₱25,000 - ₱49,999 (Middle)",False,Private Employee / BPO Agent,3,Tuition Installment Timing,Adequate (₱80-₱100/day),None / Full-time Student,ESC Scholar,4000,1,False,False,Offer flexible installment schedule for mid-term balance settlement.
109238470266,Christian Navarro,75000,"₱50,000+ (Upper Middle/High)",False,Small Business Owner / Professional,1,None / Stable Finances,Adequate (₱100+/day),None / Full-time Student,Private Payer,0,0,False,False,Regular tuition schedule maintained with prompt quarterly payments.
109238470267,Paolo Mendoza,28000,"₱25,000 - ₱49,999 (Middle)",False,Private Employee / BPO Agent,3,Tuition Installment Timing,Adequate (₱80-₱100/day),None / Full-time Student,ESC Scholar,4000,1,False,False,Offer flexible installment schedule for mid-term balance settlement.
109238470268,Joshua San Jose,75000,"₱50,000+ (Upper Middle/High)",False,Small Business Owner / Professional,1,None / Stable Finances,Adequate (₱100+/day),None / Full-time Student,Private Payer,0,0,False,False,Regular tuition schedule maintained with prompt quarterly payments.
109238470269,Anthony Mendoza,75000,"₱50,000+ (Upper Middle/High)",False,Small Business Owner / Professional,1,None / Stable Finances,Adequate (₱100+/day),None / Full-time Student,Private Payer,0,0,False,False,Regular tuition schedule maintained with prompt quarterly payments.
109238470270,Vanessa Mendoza,28000,"₱25,000 - ₱49,999 (Middle)",False,Private Employee / BPO Agent,3,Tuition Installment Timing,Adequate (₱80-₱100/day),None / Full-time Student,ESC Scholar,4000,1,False,False,Offer flexible installment schedule for mid-term balance settlement.
109238470271,Bernadette De Leon,75000,"₱50,000+ (Upper Middle/High)",False,Small Business Owner / Professional,1,None / Stable Finances,Adequate (₱100+/day),None / Full-time Student,Private Payer,0,0,False,False,Regular tuition schedule maintained with prompt quarterly payments.
109238470272,Cecilia Bautista,28000,"₱25,000 - ₱49,999 (Middle)",False,Private Employee / BPO Agent,3,Tuition Installment Timing,Adequate (₱80-₱100/day),None / Full-time Student,ESC Scholar,4000,1,False,False,Offer flexible installment schedule for mid-term balance settlement.
109238470273,Nicole Rivera,28000,"₱25,000 - ₱49,999 (Middle)",False,Private Employee / BPO Agent,3,Tuition Installment Timing,Adequate (₱80-₱100/day),None / Full-time Student,ESC Scholar,4000,1,False,False,Offer flexible installment schedule for mid-term balance settlement.
109238470274,Joaquin Domingo,75000,"₱50,000+ (Upper Middle/High)",False,Small Business Owner / Professional,1,None / Stable Finances,Adequate (₱100+/day),None / Full-time Student,Private Payer,0,0,False,False,Regular tuition schedule maintained with prompt quarterly payments.
109238470275,Kathleen Corpuz,28000,"₱25,000 - ₱49,999 (Middle)",False,Private Employee / BPO Agent,3,Tuition Installment Timing,Adequate (₱80-₱100/day),None / Full-time Student,ESC Scholar,4000,1,False,False,Offer flexible installment schedule for mid-term balance settlement.
109238470276,Benedict Flores,75000,"₱50,000+ (Upper Middle/High)",False,Small Business Owner / Professional,1,None / Stable Finances,Adequate (₱100+/day),None / Full-time Student,Private Payer,0,0,False,False,Regular tuition schedule maintained with prompt quarterly payments.
109238470277,Nicole Castro,75000,"₱50,000+ (Upper Middle/High)",False,Small Business Owner / Professional,1,None / Stable Finances,Adequate (₱100+/day),None / Full-time Student,Private Payer,0,0,False,False,Regular tuition schedule maintained with prompt quarterly payments.
109238470278,Karl Garcia,28000,"₱25,000 - ₱49,999 (Middle)",False,Private Employee / BPO Agent,3,Tuition Installment Timing,Adequate (₱80-₱100/day),None / Full-time Student,ESC Scholar,4000,1,False,False,Offer flexible installment schedule for mid-term balance settlement.
109238470279,Chloe Cruz,75000,"₱50,000+ (Upper Middle/High)",False,Small Business Owner / Professional,1,None / Stable Finances,Adequate (₱100+/day),None / Full-time Student,Private Payer,0,0,False,False,Regular tuition schedule maintained with prompt quarterly payments.
109238470280,Timothy Corpuz,75000,"₱50,000+ (Upper Middle/High)",False,Small Business Owner / Professional,1,None / Stable Finances,Adequate (₱100+/day),None / Full-time Student,Private Payer,0,0,False,False,Regular tuition schedule maintained with prompt quarterly payments.
109238470281,Grace San Jose,75000,"₱50,000+ (Upper Middle/High)",False,Small Business Owner / Professional,1,None / Stable Finances,Adequate (₱100+/day),None / Full-time Student,Private Payer,0,0,False,False,Regular tuition schedule maintained with prompt quarterly payments.
109238470282,Patricia Tolentino,28000,"₱25,000 - ₱49,999 (Middle)",False,Private Employee / BPO Agent,3,Tuition Installment Timing,Adequate (₱80-₱100/day),None / Full-time Student,ESC Scholar,4000,1,False,False,Offer flexible installment schedule for mid-term balance settlement.
109238470283,Jasmine Lim,75000,"₱50,000+ (Upper Middle/High)",False,Small Business Owner / Professional,1,None / Stable Finances,Adequate (₱100+/day),None / Full-time Student,Private Payer,0,0,False,False,Regular tuition schedule maintained with prompt quarterly payments.
109238470284,Grace Tolentino,75000,"₱50,000+ (Upper Middle/High)",False,Small Business Owner / Professional,1,None / Stable Finances,Adequate (₱100+/day),None / Full-time Student,Private Payer,0,0,False,False,Regular tuition schedule maintained with prompt quarterly payments.
109238470285,Alyssa Salazar,75000,"₱50,000+ (Upper Middle/High)",False,Small Business Owner / Professional,1,None / Stable Finances,Adequate (₱100+/day),None / Full-time Student,Private Payer,0,0,False,False,Regular tuition schedule maintained with prompt quarterly payments.
109238470286,Maria Clara Aquino,75000,"₱50,000+ (Upper Middle/High)",False,Small Business Owner / Professional,1,None / Stable Finances,Adequate (₱100+/day),None / Full-time Student,Private Payer,0,0,False,False,Regular tuition schedule maintained with prompt quarterly payments.
109238470287,Carlos Castillo,28000,"₱25,000 - ₱49,999 (Middle)",False,Private Employee / BPO Agent,3,Tuition Installment Timing,Adequate (₱80-₱100/day),None / Full-time Student,ESC Scholar,4000,1,False,False,Offer flexible installment schedule for mid-term balance settlement.
109238470288,Maria Clara Manalo,75000,"₱50,000+ (Upper Middle/High)",False,Small Business Owner / Professional,1,None / Stable Finances,Adequate (₱100+/day),None / Full-time Student,Private Payer,0,0,False,False,Regular tuition schedule maintained with prompt quarterly payments.
109238470289,Jasmine Bautista,28000,"₱25,000 - ₱49,999 (Middle)",False,Private Employee / BPO Agent,3,Tuition Installment Timing,Adequate (₱80-₱100/day),None / Full-time Student,ESC Scholar,4000,1,False,False,Offer flexible installment schedule for mid-term balance settlement.
109238470290,Nicole Alcantara,75000,"₱50,000+ (Upper Middle/High)",False,Small Business Owner / Professional,1,None / Stable Finances,Adequate (₱100+/day),None / Full-time Student,Private Payer,0,0,False,False,Regular tuition schedule maintained with prompt quarterly payments.
109238470291,Mark Santiago,28000,"₱25,000 - ₱49,999 (Middle)",False,Private Employee / BPO Agent,3,Tuition Installment Timing,Adequate (₱80-₱100/day),None / Full-time Student,ESC Scholar,4000,1,False,False,Offer flexible installment schedule for mid-term balance settlement.
109238470292,Mark Lim,75000,"₱50,000+ (Upper Middle/High)",False,Small Business Owner / Professional,1,None / Stable Finances,Adequate (₱100+/day),None / Full-time Student,Private Payer,0,0,False,False,Regular tuition schedule maintained with prompt quarterly payments.
109238470293,Clare Mendoza,28000,"₱25,000 - ₱49,999 (Middle)",False,Private Employee / BPO Agent,3,Tuition Installment Timing,Adequate (₱80-₱100/day),None / Full-time Student,ESC Scholar,4000,1,False,False,Offer flexible installment schedule for mid-term balance settlement.
109238470294,Bea Flores,28000,"₱25,000 - ₱49,999 (Middle)",False,Private Employee / BPO Agent,3,Tuition Installment Timing,Adequate (₱80-₱100/day),None / Full-time Student,ESC Scholar,4000,1,False,False,Offer flexible installment schedule for mid-term balance settlement.
109238470295,Cedric Torres,28000,"₱25,000 - ₱49,999 (Middle)",False,Private Employee / BPO Agent,3,Tuition Installment Timing,Adequate (₱80-₱100/day),None / Full-time Student,ESC Scholar,4000,1,False,False,Offer flexible installment schedule for mid-term balance settlement.
109238470296,Chloe Corpuz,75000,"₱50,000+ (Upper Middle/High)",False,Small Business Owner / Professional,1,None / Stable Finances,Adequate (₱100+/day),None / Full-time Student,Private Payer,0,0,False,False,Regular tuition schedule maintained with prompt quarterly payments.
109238470297,Sofia Morales,75000,"₱50,000+ (Upper Middle/High)",False,Small Business Owner / Professional,1,None / Stable Finances,Adequate (₱100+/day),None / Full-time Student,Private Payer,0,0,False,False,Regular tuition schedule maintained with prompt quarterly payments.
109238470298,Vincent Tolentino,75000,"₱50,000+ (Upper Middle/High)",False,Small Business Owner / Professional,1,None / Stable Finances,Adequate (₱100+/day),None / Full-time Student,Private Payer,0,0,False,False,Regular tuition schedule maintained with prompt quarterly payments.
109238470299,Jasmine Ocampo,28000,"₱25,000 - ₱49,999 (Middle)",False,Private Employee / BPO Agent,3,Tuition Installment Timing,Adequate (₱80-₱100/day),None / Full-time Student,ESC Scholar,4000,1,False,False,Offer flexible installment schedule for mid-term balance settlement.
109238470300,Lorenzo Castro,28000,"₱25,000 - ₱49,999 (Middle)",False,Private Employee / BPO Agent,3,Tuition Installment Timing,Adequate (₱80-₱100/day),None / Full-time Student,ESC Scholar,4000,1,False,False,Offer flexible installment schedule for mid-term balance settlement.
109238470301,Therese Flores,28000,"₱25,000 - ₱49,999 (Middle)",False,Private Employee / BPO Agent,3,Tuition Installment Timing,Adequate (₱80-₱100/day),None / Full-time Student,ESC Scholar,4000,1,False,False,Offer flexible installment schedule for mid-term balance settlement.
109238470302,Samantha Nicole Santiago,75000,"₱50,000+ (Upper Middle/High)",False,Small Business Owner / Professional,1,None / Stable Finances,Adequate (₱100+/day),None / Full-time Student,Private Payer,0,0,False,False,Regular tuition schedule maintained with prompt quarterly payments.
109238470303,Angelo Aquino,11500,"Below ₱10,000 (Low Income)",True,Small Sari-Sari Store Vendor / Tricycle Driver,5,Household Debt & Micro-loan Obligations,Tight (₱40-₱60/day),Working Student (10-15 hrs/wk - High Fatigue Burden),ESC Scholar,14500,3,True,True,Endorse student for Alumni Educational Assistance Subsidy and provide subsidized daily meal coupons.
109238470304,Dominic Gonzales,75000,"₱50,000+ (Upper Middle/High)",False,Small Business Owner / Professional,1,None / Stable Finances,Adequate (₱100+/day),None / Full-time Student,Private Payer,0,0,False,False,Regular tuition schedule maintained with prompt quarterly payments.
109238470305,Trisha Santiago,75000,"₱50,000+ (Upper Middle/High)",False,Small Business Owner / Professional,1,None / Stable Finances,Adequate (₱100+/day),None / Full-time Student,Private Payer,0,0,False,False,Regular tuition schedule maintained with prompt quarterly payments.
109238470306,Bea Alcantara,28000,"₱25,000 - ₱49,999 (Middle)",False,Private Employee / BPO Agent,3,Tuition Installment Timing,Adequate (₱80-₱100/day),None / Full-time Student,ESC Scholar,4000,1,False,False,Offer flexible installment schedule for mid-term balance settlement.
109238470307,Joshua Padilla,75000,"₱50,000+ (Upper Middle/High)",False,Small Business Owner / Professional,1,None / Stable Finances,Adequate (₱100+/day),None / Full-time Student,Private Payer,0,0,False,False,Regular tuition schedule maintained with prompt quarterly payments.
109238470308,Patricia Pascual,28000,"₱25,000 - ₱49,999 (Middle)",False,Private Employee / BPO Agent,3,Tuition Installment Timing,Adequate (₱80-₱100/day),None / Full-time Student,ESC Scholar,4000,1,False,False,Offer flexible installment schedule for mid-term balance settlement.
109238470309,Princess Mae Mercado,75000,"₱50,000+ (Upper Middle/High)",False,Small Business Owner / Professional,1,None / Stable Finances,Adequate (₱100+/day),None / Full-time Student,Private Payer,0,0,False,False,Regular tuition schedule maintained with prompt quarterly payments.
109238470310,Clarisse Rivera,28000,"₱25,000 - ₱49,999 (Middle)",False,Private Employee / BPO Agent,3,Tuition Installment Timing,Adequate (₱80-₱100/day),None / Full-time Student,ESC Scholar,4000,1,False,False,Offer flexible installment schedule for mid-term balance settlement.
109238470311,Lorenzo Salazar,75000,"₱50,000+ (Upper Middle/High)",False,Small Business Owner / Professional,1,None / Stable Finances,Adequate (₱100+/day),None / Full-time Student,Private Payer,0,0,False,False,Regular tuition schedule maintained with prompt quarterly payments.
109238470312,Vincent Alcantara,75000,"₱50,000+ (Upper Middle/High)",False,Small Business Owner / Professional,1,None / Stable Finances,Adequate (₱100+/day),None / Full-time Student,Private Payer,0,0,False,False,Regular tuition schedule maintained with prompt quarterly payments.
109238470313,Patricia Tolentino,28000,"₱25,000 - ₱49,999 (Middle)",False,Private Employee / BPO Agent,3,Tuition Installment Timing,Adequate (₱80-₱100/day),None / Full-time Student,ESC Scholar,4000,1,False,False,Offer flexible installment schedule for mid-term balance settlement.
109238470314,Daniel Aquino,28000,"₱25,000 - ₱49,999 (Middle)",False,Private Employee / BPO Agent,3,Tuition Installment Timing,Adequate (₱80-₱100/day),None / Full-time Student,ESC Scholar,4000,1,False,False,Offer flexible installment schedule for mid-term balance settlement.
109238470315,Faith Flores,11500,"Below ₱10,000 (Low Income)",True,Small Sari-Sari Store Vendor / Tricycle Driver,5,Household Debt & Micro-loan Obligations,Tight (₱40-₱60/day),Working Student (10-15 hrs/wk - High Fatigue Burden),ESC Scholar,14500,3,True,True,Endorse student for Alumni Educational Assistance Subsidy and provide subsidized daily meal coupons.
109238470316,Dominic Dela Cruz,75000,"₱50,000+ (Upper Middle/High)",False,Small Business Owner / Professional,1,None / Stable Finances,Adequate (₱100+/day),None / Full-time Student,Private Payer,0,0,False,False,Regular tuition schedule maintained with prompt quarterly payments.
109238470317,Kyle Bautista,75000,"₱50,000+ (Upper Middle/High)",False,Small Business Owner / Professional,1,None / Stable Finances,Adequate (₱100+/day),None / Full-time Student,Private Payer,0,0,False,False,Regular tuition schedule maintained with prompt quarterly payments.
109238470318,Elijah Lim,75000,"₱50,000+ (Upper Middle/High)",False,Small Business Owner / Professional,1,None / Stable Finances,Adequate (₱100+/day),None / Full-time Student,Private Payer,0,0,False,False,Regular tuition schedule maintained with prompt quarterly payments.
109238470319,Clare Aquino,75000,"₱50,000+ (Upper Middle/High)",False,Small Business Owner / Professional,1,None / Stable Finances,Adequate (₱100+/day),None / Full-time Student,Private Payer,0,0,False,False,Regular tuition schedule maintained with prompt quarterly payments.
109238470320,Althea Castillo,11500,"Below ₱10,000 (Low Income)",True,Small Sari-Sari Store Vendor / Tricycle Driver,5,Household Debt & Micro-loan Obligations,Tight (₱40-₱60/day),Working Student (10-15 hrs/wk - High Fatigue Burden),ESC Scholar,14500,3,True,True,Endorse student for Alumni Educational Assistance Subsidy and provide subsidized daily meal coupons.
109238470321,Cedric Castillo,75000,"₱50,000+ (Upper Middle/High)",False,Small Business Owner / Professional,1,None / Stable Finances,Adequate (₱100+/day),None / Full-time Student,Private Payer,0,0,False,False,Regular tuition schedule maintained with prompt quarterly payments.
109238470322,Faith Santos,75000,"₱50,000+ (Upper Middle/High)",False,Small Business Owner / Professional,1,None / Stable Finances,Adequate (₱100+/day),None / Full-time Student,Private Payer,0,0,False,False,Regular tuition schedule maintained with prompt quarterly payments.
109238470323,Matthew Dela Cruz,75000,"₱50,000+ (Upper Middle/High)",False,Small Business Owner / Professional,1,None / Stable Finances,Adequate (₱100+/day),None / Full-time Student,Private Payer,0,0,False,False,Regular tuition schedule maintained with prompt quarterly payments.
109238470324,Ethan Torres,28000,"₱25,000 - ₱49,999 (Middle)",False,Private Employee / BPO Agent,3,Tuition Installment Timing,Adequate (₱80-₱100/day),None / Full-time Student,ESC Scholar,4000,1,False,False,Offer flexible installment schedule for mid-term balance settlement.
109238470325,Lance Soriano,75000,"₱50,000+ (Upper Middle/High)",False,Small Business Owner / Professional,1,None / Stable Finances,Adequate (₱100+/day),None / Full-time Student,Private Payer,0,0,False,False,Regular tuition schedule maintained with prompt quarterly payments.
109238470326,Benedict Corpuz,75000,"₱50,000+ (Upper Middle/High)",False,Small Business Owner / Professional,1,None / Stable Finances,Adequate (₱100+/day),None / Full-time Student,Private Payer,0,0,False,False,Regular tuition schedule maintained with prompt quarterly payments.
109238470327,Bea Mercado,28000,"₱25,000 - ₱49,999 (Middle)",False,Private Employee / BPO Agent,3,Tuition Installment Timing,Adequate (₱80-₱100/day),None / Full-time Student,ESC Scholar,4000,1,False,False,Offer flexible installment schedule for mid-term balance settlement.
109238470328,Andrea Garcia,28000,"₱25,000 - ₱49,999 (Middle)",False,Private Employee / BPO Agent,3,Tuition Installment Timing,Adequate (₱80-₱100/day),None / Full-time Student,ESC Scholar,4000,1,False,False,Offer flexible installment schedule for mid-term balance settlement.
109238470329,Janine Villanueva,75000,"₱50,000+ (Upper Middle/High)",False,Small Business Owner / Professional,1,None / Stable Finances,Adequate (₱100+/day),None / Full-time Student,Private Payer,0,0,False,False,Regular tuition schedule maintained with prompt quarterly payments.
109238470330,Therese Castillo,75000,"₱50,000+ (Upper Middle/High)",False,Small Business Owner / Professional,1,None / Stable Finances,Adequate (₱100+/day),None / Full-time Student,Private Payer,0,0,False,False,Regular tuition schedule maintained with prompt quarterly payments.
109238470331,Ethan Torres,75000,"₱50,000+ (Upper Middle/High)",False,Small Business Owner / Professional,1,None / Stable Finances,Adequate (₱100+/day),None / Full-time Student,Private Payer,0,0,False,False,Regular tuition schedule maintained with prompt quarterly payments.
109238470332,Trisha Garcia,75000,"₱50,000+ (Upper Middle/High)",False,Small Business Owner / Professional,1,None / Stable Finances,Adequate (₱100+/day),None / Full-time Student,Private Payer,0,0,False,False,Regular tuition schedule maintained with prompt quarterly payments.
109238470333,Adrian Reyes,75000,"₱50,000+ (Upper Middle/High)",False,Small Business Owner / Professional,1,None / Stable Finances,Adequate (₱100+/day),None / Full-time Student,Private Payer,0,0,False,False,Regular tuition schedule maintained with prompt quarterly payments.
109238470334,Joy Navarro,75000,"₱50,000+ (Upper Middle/High)",False,Small Business Owner / Professional,1,None / Stable Finances,Adequate (₱100+/day),None / Full-time Student,Private Payer,0,0,False,False,Regular tuition schedule maintained with prompt quarterly payments.
109238470335,Angelo Mendoza,75000,"₱50,000+ (Upper Middle/High)",False,Small Business Owner / Professional,1,None / Stable Finances,Adequate (₱100+/day),None / Full-time Student,Private Payer,0,0,False,False,Regular tuition schedule maintained with prompt quarterly payments.
109238470336,Angelo Alcantara,75000,"₱50,000+ (Upper Middle/High)",False,Small Business Owner / Professional,1,None / Stable Finances,Adequate (₱100+/day),None / Full-time Student,Private Payer,0,0,False,False,Regular tuition schedule maintained with prompt quarterly payments.
109238470337,Clarisse Mercado,75000,"₱50,000+ (Upper Middle/High)",False,Small Business Owner / Professional,1,None / Stable Finances,Adequate (₱100+/day),None / Full-time Student,Private Payer,0,0,False,False,Regular tuition schedule maintained with prompt quarterly payments.
109238470338,Andrea Soriano,75000,"₱50,000+ (Upper Middle/High)",False,Small Business Owner / Professional,1,None / Stable Finances,Adequate (₱100+/day),None / Full-time Student,Private Payer,0,0,False,False,Regular tuition schedule maintained with prompt quarterly payments.
109238470339,Camille Reyes,75000,"₱50,000+ (Upper Middle/High)",False,Small Business Owner / Professional,1,None / Stable Finances,Adequate (₱100+/day),None / Full-time Student,Private Payer,0,0,False,False,Regular tuition schedule maintained with prompt quarterly payments.
109238470340,Bernadette Alcantara,75000,"₱50,000+ (Upper Middle/High)",False,Small Business Owner / Professional,1,None / Stable Finances,Adequate (₱100+/day),None / Full-time Student,Private Payer,0,0,False,False,Regular tuition schedule maintained with prompt quarterly payments.
109238470341,John Carlo Dimaculangan,75000,"₱50,000+ (Upper Middle/High)",False,Small Business Owner / Professional,1,None / Stable Finances,Adequate (₱100+/day),None / Full-time Student,Private Payer,0,0,False,False,Regular tuition schedule maintained with prompt quarterly payments.
109238470342,Joy Mendoza,28000,"₱25,000 - ₱49,999 (Middle)",False,Private Employee / BPO Agent,3,Tuition Installment Timing,Adequate (₱80-₱100/day),None / Full-time Student,ESC Scholar,4000,1,False,False,Offer flexible installment schedule for mid-term balance settlement.
109238470343,Matthew Ramos,75000,"₱50,000+ (Upper Middle/High)",False,Small Business Owner / Professional,1,None / Stable Finances,Adequate (₱100+/day),None / Full-time Student,Private Payer,0,0,False,False,Regular tuition schedule maintained with prompt quarterly payments.
109238470344,Alyssa Santiago,75000,"₱50,000+ (Upper Middle/High)",False,Small Business Owner / Professional,1,None / Stable Finances,Adequate (₱100+/day),None / Full-time Student,Private Payer,0,0,False,False,Regular tuition schedule maintained with prompt quarterly payments.
109238470345,Nathan Manalo,75000,"₱50,000+ (Upper Middle/High)",False,Small Business Owner / Professional,1,None / Stable Finances,Adequate (₱100+/day),None / Full-time Student,Private Payer,0,0,False,False,Regular tuition schedule maintained with prompt quarterly payments.
109238470346,Jose Alcantara,28000,"₱25,000 - ₱49,999 (Middle)",False,Private Employee / BPO Agent,3,Tuition Installment Timing,Adequate (₱80-₱100/day),None / Full-time Student,ESC Scholar,4000,1,False,False,Offer flexible installment schedule for mid-term balance settlement.
109238470347,Martin Santos,75000,"₱50,000+ (Upper Middle/High)",False,Small Business Owner / Professional,1,None / Stable Finances,Adequate (₱100+/day),None / Full-time Student,Private Payer,0,0,False,False,Regular tuition schedule maintained with prompt quarterly payments.
109238470348,Lorenzo Mercado,75000,"₱50,000+ (Upper Middle/High)",False,Small Business Owner / Professional,1,None / Stable Finances,Adequate (₱100+/day),None / Full-time Student,Private Payer,0,0,False,False,Regular tuition schedule maintained with prompt quarterly payments.
109238470349,Gabriel Dimaculangan,11500,"Below ₱10,000 (Low Income)",True,Small Sari-Sari Store Vendor / Tricycle Driver,5,Household Debt & Micro-loan Obligations,Tight (₱40-₱60/day),Working Student (10-15 hrs/wk - High Fatigue Burden),ESC Scholar,14500,3,True,True,Endorse student for Alumni Educational Assistance Subsidy and provide subsidized daily meal coupons.
109238470350,Simon Pascual,75000,"₱50,000+ (Upper Middle/High)",False,Small Business Owner / Professional,1,None / Stable Finances,Adequate (₱100+/day),None / Full-time Student,Private Payer,0,0,False,False,Regular tuition schedule maintained with prompt quarterly payments.
109238470351,Clarisse Gonzales,75000,"₱50,000+ (Upper Middle/High)",False,Small Business Owner / Professional,1,None / Stable Finances,Adequate (₱100+/day),None / Full-time Student,Private Payer,0,0,False,False,Regular tuition schedule maintained with prompt quarterly payments.
109238470352,Rochelle Garcia,28000,"₱25,000 - ₱49,999 (Middle)",False,Private Employee / BPO Agent,3,Tuition Installment Timing,Adequate (₱80-₱100/day),None / Full-time Student,ESC Scholar,4000,1,False,False,Offer flexible installment schedule for mid-term balance settlement.
109238470353,Emman Tolentino,75000,"₱50,000+ (Upper Middle/High)",False,Small Business Owner / Professional,1,None / Stable Finances,Adequate (₱100+/day),None / Full-time Student,Private Payer,0,0,False,False,Regular tuition schedule maintained with prompt quarterly payments.
109238470354,Camille Gonzales,75000,"₱50,000+ (Upper Middle/High)",False,Small Business Owner / Professional,1,None / Stable Finances,Adequate (₱100+/day),None / Full-time Student,Private Payer,0,0,False,False,Regular tuition schedule maintained with prompt quarterly payments.
109238470355,Bernadette Tolentino,75000,"₱50,000+ (Upper Middle/High)",False,Small Business Owner / Professional,1,None / Stable Finances,Adequate (₱100+/day),None / Full-time Student,Private Payer,0,0,False,False,Regular tuition schedule maintained with prompt quarterly payments.
109238470356,Jasmine Dela Cruz,28000,"₱25,000 - ₱49,999 (Middle)",False,Private Employee / BPO Agent,3,Tuition Installment Timing,Adequate (₱80-₱100/day),None / Full-time Student,ESC Scholar,4000,1,False,False,Offer flexible installment schedule for mid-term balance settlement.
109238470357,Jose Dela Cruz,75000,"₱50,000+ (Upper Middle/High)",False,Small Business Owner / Professional,1,None / Stable Finances,Adequate (₱100+/day),None / Full-time Student,Private Payer,0,0,False,False,Regular tuition schedule maintained with prompt quarterly payments.
109238470358,Kathleen Morales,75000,"₱50,000+ (Upper Middle/High)",False,Small Business Owner / Professional,1,None / Stable Finances,Adequate (₱100+/day),None / Full-time Student,Private Payer,0,0,False,False,Regular tuition schedule maintained with prompt quarterly payments.
109238470359,Kathleen Ramos,28000,"₱25,000 - ₱49,999 (Middle)",False,Private Employee / BPO Agent,3,Tuition Installment Timing,Adequate (₱80-₱100/day),None / Full-time Student,ESC Scholar,4000,1,False,False,Offer flexible installment schedule for mid-term balance settlement.
109238470360,Timothy Dela Cruz,75000,"₱50,000+ (Upper Middle/High)",False,Small Business Owner / Professional,1,None / Stable Finances,Adequate (₱100+/day),None / Full-time Student,Private Payer,0,0,False,False,Regular tuition schedule maintained with prompt quarterly payments.
109238470361,Simon Manalo,75000,"₱50,000+ (Upper Middle/High)",False,Small Business Owner / Professional,1,None / Stable Finances,Adequate (₱100+/day),None / Full-time Student,Private Payer,0,0,False,False,Regular tuition schedule maintained with prompt quarterly payments.
109238470362,Adrian Santos,75000,"₱50,000+ (Upper Middle/High)",False,Small Business Owner / Professional,1,None / Stable Finances,Adequate (₱100+/day),None / Full-time Student,Private Payer,0,0,False,False,Regular tuition schedule maintained with prompt quarterly payments.
109238470363,Francis Lim,75000,"₱50,000+ (Upper Middle/High)",False,Small Business Owner / Professional,1,None / Stable Finances,Adequate (₱100+/day),None / Full-time Student,Private Payer,0,0,False,False,Regular tuition schedule maintained with prompt quarterly payments.
109238470364,Chloe Soriano,75000,"₱50,000+ (Upper Middle/High)",False,Small Business Owner / Professional,1,None / Stable Finances,Adequate (₱100+/day),None / Full-time Student,Private Payer,0,0,False,False,Regular tuition schedule maintained with prompt quarterly payments.
109238470365,Kyle Villanueva,11500,"Below ₱10,000 (Low Income)",True,Small Sari-Sari Store Vendor / Tricycle Driver,5,Household Debt & Micro-loan Obligations,Tight (₱40-₱60/day),Working Student (10-15 hrs/wk - High Fatigue Burden),ESC Scholar,14500,3,True,True,Endorse student for Alumni Educational Assistance Subsidy and provide subsidized daily meal coupons.
109238470366,Francis Salazar,75000,"₱50,000+ (Upper Middle/High)",False,Small Business Owner / Professional,1,None / Stable Finances,Adequate (₱100+/day),None / Full-time Student,Private Payer,0,0,False,False,Regular tuition schedule maintained with prompt quarterly payments.
109238470367,Daniel Mendoza,75000,"₱50,000+ (Upper Middle/High)",False,Small Business Owner / Professional,1,None / Stable Finances,Adequate (₱100+/day),None / Full-time Student,Private Payer,0,0,False,False,Regular tuition schedule maintained with prompt quarterly payments.
109238470368,Justin Lim,75000,"₱50,000+ (Upper Middle/High)",False,Small Business Owner / Professional,1,None / Stable Finances,Adequate (₱100+/day),None / Full-time Student,Private Payer,0,0,False,False,Regular tuition schedule maintained with prompt quarterly payments.
109238470369,Martin Alcantara,75000,"₱50,000+ (Upper Middle/High)",False,Small Business Owner / Professional,1,None / Stable Finances,Adequate (₱100+/day),None / Full-time Student,Private Payer,0,0,False,False,Regular tuition schedule maintained with prompt quarterly payments.
109238470370,Ethan Mendoza,75000,"₱50,000+ (Upper Middle/High)",False,Small Business Owner / Professional,1,None / Stable Finances,Adequate (₱100+/day),None / Full-time Student,Private Payer,0,0,False,False,Regular tuition schedule maintained with prompt quarterly payments.
109238470371,Trisha Mercado,75000,"₱50,000+ (Upper Middle/High)",False,Small Business Owner / Professional,1,None / Stable Finances,Adequate (₱100+/day),None / Full-time Student,Private Payer,0,0,False,False,Regular tuition schedule maintained with prompt quarterly payments.
109238470372,Bernadette Santiago,75000,"₱50,000+ (Upper Middle/High)",False,Small Business Owner / Professional,1,None / Stable Finances,Adequate (₱100+/day),None / Full-time Student,Private Payer,0,0,False,False,Regular tuition schedule maintained with prompt quarterly payments.
109238470373,Simon Dela Cruz,28000,"₱25,000 - ₱49,999 (Middle)",False,Private Employee / BPO Agent,3,Tuition Installment Timing,Adequate (₱80-₱100/day),None / Full-time Student,ESC Scholar,4000,1,False,False,Offer flexible installment schedule for mid-term balance settlement.
109238470374,Mark Pascual,75000,"₱50,000+ (Upper Middle/High)",False,Small Business Owner / Professional,1,None / Stable Finances,Adequate (₱100+/day),None / Full-time Student,Private Payer,0,0,False,False,Regular tuition schedule maintained with prompt quarterly payments.
109238470375,Nicole Mendoza,75000,"₱50,000+ (Upper Middle/High)",False,Small Business Owner / Professional,1,None / Stable Finances,Adequate (₱100+/day),None / Full-time Student,Private Payer,0,0,False,False,Regular tuition schedule maintained with prompt quarterly payments.
109238470376,Liza Castillo,28000,"₱25,000 - ₱49,999 (Middle)",False,Private Employee / BPO Agent,3,Tuition Installment Timing,Adequate (₱80-₱100/day),None / Full-time Student,ESC Scholar,4000,1,False,False,Offer flexible installment schedule for mid-term balance settlement.
109238470377,Cecilia Lim,28000,"₱25,000 - ₱49,999 (Middle)",False,Private Employee / BPO Agent,3,Tuition Installment Timing,Adequate (₱80-₱100/day),None / Full-time Student,ESC Scholar,4000,1,False,False,Offer flexible installment schedule for mid-term balance settlement.
109238470378,Cedric Gonzales,75000,"₱50,000+ (Upper Middle/High)",False,Small Business Owner / Professional,1,None / Stable Finances,Adequate (₱100+/day),None / Full-time Student,Private Payer,0,0,False,False,Regular tuition schedule maintained with prompt quarterly payments.
109238470379,Bea Lim,28000,"₱25,000 - ₱49,999 (Middle)",False,Private Employee / BPO Agent,3,Tuition Installment Timing,Adequate (₱80-₱100/day),None / Full-time Student,ESC Scholar,4000,1,False,False,Offer flexible installment schedule for mid-term balance settlement.
109238470380,Christian Corpuz,28000,"₱25,000 - ₱49,999 (Middle)",False,Private Employee / BPO Agent,3,Tuition Installment Timing,Adequate (₱80-₱100/day),None / Full-time Student,ESC Scholar,4000,1,False,False,Offer flexible installment schedule for mid-term balance settlement.
109238470381,Angelo Castro,75000,"₱50,000+ (Upper Middle/High)",False,Small Business Owner / Professional,1,None / Stable Finances,Adequate (₱100+/day),None / Full-time Student,Private Payer,0,0,False,False,Regular tuition schedule maintained with prompt quarterly payments.
109238470382,Andrea Villanueva,75000,"₱50,000+ (Upper Middle/High)",False,Small Business Owner / Professional,1,None / Stable Finances,Adequate (₱100+/day),None / Full-time Student,Private Payer,0,0,False,False,Regular tuition schedule maintained with prompt quarterly payments.
109238470383,Ethan Torres,28000,"₱25,000 - ₱49,999 (Middle)",False,Private Employee / BPO Agent,3,Tuition Installment Timing,Adequate (₱80-₱100/day),None / Full-time Student,ESC Scholar,4000,1,False,False,Offer flexible installment schedule for mid-term balance settlement.
109238470384,Erika Alcantara,28000,"₱25,000 - ₱49,999 (Middle)",False,Private Employee / BPO Agent,3,Tuition Installment Timing,Adequate (₱80-₱100/day),None / Full-time Student,ESC Scholar,4000,1,False,False,Offer flexible installment schedule for mid-term balance settlement.
109238470385,Lance Villanueva,75000,"₱50,000+ (Upper Middle/High)",False,Small Business Owner / Professional,1,None / Stable Finances,Adequate (₱100+/day),None / Full-time Student,Private Payer,0,0,False,False,Regular tuition schedule maintained with prompt quarterly payments.
109238470386,Angelo Valdez,11500,"Below ₱10,000 (Low Income)",True,Small Sari-Sari Store Vendor / Tricycle Driver,5,Household Debt & Micro-loan Obligations,Tight (₱40-₱60/day),Working Student (10-15 hrs/wk - High Fatigue Burden),ESC Scholar,14500,3,True,True,Endorse student for Alumni Educational Assistance Subsidy and provide subsidized daily meal coupons.
109238470387,Jerome Castro,75000,"₱50,000+ (Upper Middle/High)",False,Small Business Owner / Professional,1,None / Stable Finances,Adequate (₱100+/day),None / Full-time Student,Private Payer,0,0,False,False,Regular tuition schedule maintained with prompt quarterly payments.
109238470388,Simon Dela Cruz,75000,"₱50,000+ (Upper Middle/High)",False,Small Business Owner / Professional,1,None / Stable Finances,Adequate (₱100+/day),None / Full-time Student,Private Payer,0,0,False,False,Regular tuition schedule maintained with prompt quarterly payments.
109238470389,Benedict Lim,28000,"₱25,000 - ₱49,999 (Middle)",False,Private Employee / BPO Agent,3,Tuition Installment Timing,Adequate (₱80-₱100/day),None / Full-time Student,ESC Scholar,4000,1,False,False,Offer flexible installment schedule for mid-term balance settlement.
109238470390,Martin Mendoza,75000,"₱50,000+ (Upper Middle/High)",False,Small Business Owner / Professional,1,None / Stable Finances,Adequate (₱100+/day),None / Full-time Student,Private Payer,0,0,False,False,Regular tuition schedule maintained with prompt quarterly payments.
109238470391,Anthony Padilla,75000,"₱50,000+ (Upper Middle/High)",False,Small Business Owner / Professional,1,None / Stable Finances,Adequate (₱100+/day),None / Full-time Student,Private Payer,0,0,False,False,Regular tuition schedule maintained with prompt quarterly payments.
109238470392,Elijah Cruz,28000,"₱25,000 - ₱49,999 (Middle)",False,Private Employee / BPO Agent,3,Tuition Installment Timing,Adequate (₱80-₱100/day),None / Full-time Student,ESC Scholar,4000,1,False,False,Offer flexible installment schedule for mid-term balance settlement.
109238470393,Bea Ramos,75000,"₱50,000+ (Upper Middle/High)",False,Small Business Owner / Professional,1,None / Stable Finances,Adequate (₱100+/day),None / Full-time Student,Private Payer,0,0,False,False,Regular tuition schedule maintained with prompt quarterly payments.
109238470394,Princess Mae Santos,75000,"₱50,000+ (Upper Middle/High)",False,Small Business Owner / Professional,1,None / Stable Finances,Adequate (₱100+/day),None / Full-time Student,Private Payer,0,0,False,False,Regular tuition schedule maintained with prompt quarterly payments.
109238470395,Dominic Castro,75000,"₱50,000+ (Upper Middle/High)",False,Small Business Owner / Professional,1,None / Stable Finances,Adequate (₱100+/day),None / Full-time Student,Private Payer,0,0,False,False,Regular tuition schedule maintained with prompt quarterly payments.
109238470396,Clarisse Mercado,75000,"₱50,000+ (Upper Middle/High)",False,Small Business Owner / Professional,1,None / Stable Finances,Adequate (₱100+/day),None / Full-time Student,Private Payer,0,0,False,False,Regular tuition schedule maintained with prompt quarterly payments.
109238470397,Justin Bautista,75000,"₱50,000+ (Upper Middle/High)",False,Small Business Owner / Professional,1,None / Stable Finances,Adequate (₱100+/day),None / Full-time Student,Private Payer,0,0,False,False,Regular tuition schedule maintained with prompt quarterly payments.
109238470398,Jose Santos,75000,"₱50,000+ (Upper Middle/High)",False,Small Business Owner / Professional,1,None / Stable Finances,Adequate (₱100+/day),None / Full-time Student,Private Payer,0,0,False,False,Regular tuition schedule maintained with prompt quarterly payments.
109238470399,Gabriel Lim,75000,"₱50,000+ (Upper Middle/High)",False,Small Business Owner / Professional,1,None / Stable Finances,Adequate (₱100+/day),None / Full-time Student,Private Payer,0,0,False,False,Regular tuition schedule maintained with prompt quarterly payments.
109238470400,Jose Ramos,75000,"₱50,000+ (Upper Middle/High)",False,Small Business Owner / Professional,1,None / Stable Finances,Adequate (₱100+/day),None / Full-time Student,Private Payer,0,0,False,False,Regular tuition schedule maintained with prompt quarterly payments.
109238470401,Karl Bautista,75000,"₱50,000+ (Upper Middle/High)",False,Small Business Owner / Professional,1,None / Stable Finances,Adequate (₱100+/day),None / Full-time Student,Private Payer,0,0,False,False,Regular tuition schedule maintained with prompt quarterly payments.
109238470402,Timothy Padilla,75000,"₱50,000+ (Upper Middle/High)",False,Small Business Owner / Professional,1,None / Stable Finances,Adequate (₱100+/day),None / Full-time Student,Private Payer,0,0,False,False,Regular tuition schedule maintained with prompt quarterly payments.
109238470403,Ethan Bautista,28000,"₱25,000 - ₱49,999 (Middle)",False,Private Employee / BPO Agent,3,Tuition Installment Timing,Adequate (₱80-₱100/day),None / Full-time Student,ESC Scholar,4000,1,False,False,Offer flexible installment schedule for mid-term balance settlement.
109238470404,Adrian Aquino,75000,"₱50,000+ (Upper Middle/High)",False,Small Business Owner / Professional,1,None / Stable Finances,Adequate (₱100+/day),None / Full-time Student,Private Payer,0,0,False,False,Regular tuition schedule maintained with prompt quarterly payments.
109238470405,Jerome Bautista,75000,"₱50,000+ (Upper Middle/High)",False,Small Business Owner / Professional,1,None / Stable Finances,Adequate (₱100+/day),None / Full-time Student,Private Payer,0,0,False,False,Regular tuition schedule maintained with prompt quarterly payments.
109238470406,Jerome Torres,28000,"₱25,000 - ₱49,999 (Middle)",False,Private Employee / BPO Agent,3,Tuition Installment Timing,Adequate (₱80-₱100/day),None / Full-time Student,ESC Scholar,4000,1,False,False,Offer flexible installment schedule for mid-term balance settlement.
109238470407,Cecilia De Leon,75000,"₱50,000+ (Upper Middle/High)",False,Small Business Owner / Professional,1,None / Stable Finances,Adequate (₱100+/day),None / Full-time Student,Private Payer,0,0,False,False,Regular tuition schedule maintained with prompt quarterly payments.
109238470408,Clarisse Gonzales,28000,"₱25,000 - ₱49,999 (Middle)",False,Private Employee / BPO Agent,3,Tuition Installment Timing,Adequate (₱80-₱100/day),None / Full-time Student,ESC Scholar,4000,1,False,False,Offer flexible installment schedule for mid-term balance settlement.
109238470409,John Carlo Domingo,75000,"₱50,000+ (Upper Middle/High)",False,Small Business Owner / Professional,1,None / Stable Finances,Adequate (₱100+/day),None / Full-time Student,Private Payer,0,0,False,False,Regular tuition schedule maintained with prompt quarterly payments.
109238470410,Ethan Navarro,28000,"₱25,000 - ₱49,999 (Middle)",False,Private Employee / BPO Agent,3,Tuition Installment Timing,Adequate (₱80-₱100/day),None / Full-time Student,ESC Scholar,4000,1,False,False,Offer flexible installment schedule for mid-term balance settlement.
109238470411,Lance Torres,28000,"₱25,000 - ₱49,999 (Middle)",False,Private Employee / BPO Agent,3,Tuition Installment Timing,Adequate (₱80-₱100/day),None / Full-time Student,ESC Scholar,4000,1,False,False,Offer flexible installment schedule for mid-term balance settlement.
109238470412,Matthew Domingo,75000,"₱50,000+ (Upper Middle/High)",False,Small Business Owner / Professional,1,None / Stable Finances,Adequate (₱100+/day),None / Full-time Student,Private Payer,0,0,False,False,Regular tuition schedule maintained with prompt quarterly payments.
109238470413,Emman Reyes,75000,"₱50,000+ (Upper Middle/High)",False,Small Business Owner / Professional,1,None / Stable Finances,Adequate (₱100+/day),None / Full-time Student,Private Payer,0,0,False,False,Regular tuition schedule maintained with prompt quarterly payments.
109238470414,Nathan Cruz,75000,"₱50,000+ (Upper Middle/High)",False,Small Business Owner / Professional,1,None / Stable Finances,Adequate (₱100+/day),None / Full-time Student,Private Payer,0,0,False,False,Regular tuition schedule maintained with prompt quarterly payments.
109238470415,Kathryn Morales,75000,"₱50,000+ (Upper Middle/High)",False,Small Business Owner / Professional,1,None / Stable Finances,Adequate (₱100+/day),None / Full-time Student,Private Payer,0,0,False,False,Regular tuition schedule maintained with prompt quarterly payments.
109238470416,Alyssa Morales,11500,"Below ₱10,000 (Low Income)",True,Small Sari-Sari Store Vendor / Tricycle Driver,5,Household Debt & Micro-loan Obligations,Tight (₱40-₱60/day),Working Student (10-15 hrs/wk - High Fatigue Burden),ESC Scholar,14500,3,True,True,Endorse student for Alumni Educational Assistance Subsidy and provide subsidized daily meal coupons.
109238470417,Nicole Santos,11500,"Below ₱10,000 (Low Income)",True,Small Sari-Sari Store Vendor / Tricycle Driver,5,Household Debt & Micro-loan Obligations,Tight (₱40-₱60/day),Working Student (10-15 hrs/wk - High Fatigue Burden),ESC Scholar,14500,3,True,True,Endorse student for Alumni Educational Assistance Subsidy and provide subsidized daily meal coupons.
109238470418,Rita Ocampo,75000,"₱50,000+ (Upper Middle/High)",False,Small Business Owner / Professional,1,None / Stable Finances,Adequate (₱100+/day),None / Full-time Student,Private Payer,0,0,False,False,Regular tuition schedule maintained with prompt quarterly payments.
109238470419,Andrea Aquino,75000,"₱50,000+ (Upper Middle/High)",False,Small Business Owner / Professional,1,None / Stable Finances,Adequate (₱100+/day),None / Full-time Student,Private Payer,0,0,False,False,Regular tuition schedule maintained with prompt quarterly payments.
109238470420,Karl Rivera,28000,"₱25,000 - ₱49,999 (Middle)",False,Private Employee / BPO Agent,3,Tuition Installment Timing,Adequate (₱80-₱100/day),None / Full-time Student,ESC Scholar,4000,1,False,False,Offer flexible installment schedule for mid-term balance settlement.
109238470421,Simon Rivera,75000,"₱50,000+ (Upper Middle/High)",False,Small Business Owner / Professional,1,None / Stable Finances,Adequate (₱100+/day),None / Full-time Student,Private Payer,0,0,False,False,Regular tuition schedule maintained with prompt quarterly payments.
109238470422,Princess Mae Lim,75000,"₱50,000+ (Upper Middle/High)",False,Small Business Owner / Professional,1,None / Stable Finances,Adequate (₱100+/day),None / Full-time Student,Private Payer,0,0,False,False,Regular tuition schedule maintained with prompt quarterly payments.
109238470423,Joy San Jose,75000,"₱50,000+ (Upper Middle/High)",False,Small Business Owner / Professional,1,None / Stable Finances,Adequate (₱100+/day),None / Full-time Student,Private Payer,0,0,False,False,Regular tuition schedule maintained with prompt quarterly payments.
109238470424,Patricia Castillo,75000,"₱50,000+ (Upper Middle/High)",False,Small Business Owner / Professional,1,None / Stable Finances,Adequate (₱100+/day),None / Full-time Student,Private Payer,0,0,False,False,Regular tuition schedule maintained with prompt quarterly payments.
109238470425,Bernadette Ramos,75000,"₱50,000+ (Upper Middle/High)",False,Small Business Owner / Professional,1,None / Stable Finances,Adequate (₱100+/day),None / Full-time Student,Private Payer,0,0,False,False,Regular tuition schedule maintained with prompt quarterly payments.
109238470426,Princess Mae Dela Cruz,28000,"₱25,000 - ₱49,999 (Middle)",False,Private Employee / BPO Agent,3,Tuition Installment Timing,Adequate (₱80-₱100/day),None / Full-time Student,ESC Scholar,4000,1,False,False,Offer flexible installment schedule for mid-term balance settlement.
109238470427,Kyle Ramos,75000,"₱50,000+ (Upper Middle/High)",False,Small Business Owner / Professional,1,None / Stable Finances,Adequate (₱100+/day),None / Full-time Student,Private Payer,0,0,False,False,Regular tuition schedule maintained with prompt quarterly payments.
109238470428,Patricia Cruz,75000,"₱50,000+ (Upper Middle/High)",False,Small Business Owner / Professional,1,None / Stable Finances,Adequate (₱100+/day),None / Full-time Student,Private Payer,0,0,False,False,Regular tuition schedule maintained with prompt quarterly payments.
109238470429,Christian Flores,75000,"₱50,000+ (Upper Middle/High)",False,Small Business Owner / Professional,1,None / Stable Finances,Adequate (₱100+/day),None / Full-time Student,Private Payer,0,0,False,False,Regular tuition schedule maintained with prompt quarterly payments.
109238470430,Rafael Garcia,75000,"₱50,000+ (Upper Middle/High)",False,Small Business Owner / Professional,1,None / Stable Finances,Adequate (₱100+/day),None / Full-time Student,Private Payer,0,0,False,False,Regular tuition schedule maintained with prompt quarterly payments.
109238470431,Carlos Aquino,28000,"₱25,000 - ₱49,999 (Middle)",False,Private Employee / BPO Agent,3,Tuition Installment Timing,Adequate (₱80-₱100/day),None / Full-time Student,ESC Scholar,4000,1,False,False,Offer flexible installment schedule for mid-term balance settlement.
109238470432,Clare Castillo,28000,"₱25,000 - ₱49,999 (Middle)",False,Private Employee / BPO Agent,3,Tuition Installment Timing,Adequate (₱80-₱100/day),None / Full-time Student,ESC Scholar,4000,1,False,False,Offer flexible installment schedule for mid-term balance settlement.
109238470433,Maria Clara Gonzales,75000,"₱50,000+ (Upper Middle/High)",False,Small Business Owner / Professional,1,None / Stable Finances,Adequate (₱100+/day),None / Full-time Student,Private Payer,0,0,False,False,Regular tuition schedule maintained with prompt quarterly payments.
109238470434,Bea Navarro,28000,"₱25,000 - ₱49,999 (Middle)",False,Private Employee / BPO Agent,3,Tuition Installment Timing,Adequate (₱80-₱100/day),None / Full-time Student,ESC Scholar,4000,1,False,False,Offer flexible installment schedule for mid-term balance settlement.
109238470435,Dominic Villanueva,28000,"₱25,000 - ₱49,999 (Middle)",False,Private Employee / BPO Agent,3,Tuition Installment Timing,Adequate (₱80-₱100/day),None / Full-time Student,ESC Scholar,4000,1,False,False,Offer flexible installment schedule for mid-term balance settlement.
109238470436,Mariel Garcia,75000,"₱50,000+ (Upper Middle/High)",False,Small Business Owner / Professional,1,None / Stable Finances,Adequate (₱100+/day),None / Full-time Student,Private Payer,0,0,False,False,Regular tuition schedule maintained with prompt quarterly payments.
109238470437,Gabriel San Jose,75000,"₱50,000+ (Upper Middle/High)",False,Small Business Owner / Professional,1,None / Stable Finances,Adequate (₱100+/day),None / Full-time Student,Private Payer,0,0,False,False,Regular tuition schedule maintained with prompt quarterly payments.
109238470438,Nicole San Jose,75000,"₱50,000+ (Upper Middle/High)",False,Small Business Owner / Professional,1,None / Stable Finances,Adequate (₱100+/day),None / Full-time Student,Private Payer,0,0,False,False,Regular tuition schedule maintained with prompt quarterly payments.
109238470439,Elijah Tolentino,75000,"₱50,000+ (Upper Middle/High)",False,Small Business Owner / Professional,1,None / Stable Finances,Adequate (₱100+/day),None / Full-time Student,Private Payer,0,0,False,False,Regular tuition schedule maintained with prompt quarterly payments.
109238470440,Martin Bautista,75000,"₱50,000+ (Upper Middle/High)",False,Small Business Owner / Professional,1,None / Stable Finances,Adequate (₱100+/day),None / Full-time Student,Private Payer,0,0,False,False,Regular tuition schedule maintained with prompt quarterly payments.
109238470441,Patricia Villanueva,75000,"₱50,000+ (Upper Middle/High)",False,Small Business Owner / Professional,1,None / Stable Finances,Adequate (₱100+/day),None / Full-time Student,Private Payer,0,0,False,False,Regular tuition schedule maintained with prompt quarterly payments.
109238470442,Rochelle Pascual,75000,"₱50,000+ (Upper Middle/High)",False,Small Business Owner / Professional,1,None / Stable Finances,Adequate (₱100+/day),None / Full-time Student,Private Payer,0,0,False,False,Regular tuition schedule maintained with prompt quarterly payments.
109238470443,Benedict Lim,28000,"₱25,000 - ₱49,999 (Middle)",False,Private Employee / BPO Agent,3,Tuition Installment Timing,Adequate (₱80-₱100/day),None / Full-time Student,ESC Scholar,4000,1,False,False,Offer flexible installment schedule for mid-term balance settlement.
109238470444,Martin Valdez,28000,"₱25,000 - ₱49,999 (Middle)",False,Private Employee / BPO Agent,3,Tuition Installment Timing,Adequate (₱80-₱100/day),None / Full-time Student,ESC Scholar,4000,1,False,False,Offer flexible installment schedule for mid-term balance settlement.
109238470445,Timothy Dela Cruz,11500,"Below ₱10,000 (Low Income)",True,Small Sari-Sari Store Vendor / Tricycle Driver,5,Household Debt & Micro-loan Obligations,Tight (₱40-₱60/day),Working Student (10-15 hrs/wk - High Fatigue Burden),ESC Scholar,14500,3,True,True,Endorse student for Alumni Educational Assistance Subsidy and provide subsidized daily meal coupons.
109238470446,Dominic Aquino,28000,"₱25,000 - ₱49,999 (Middle)",False,Private Employee / BPO Agent,3,Tuition Installment Timing,Adequate (₱80-₱100/day),None / Full-time Student,ESC Scholar,4000,1,False,False,Offer flexible installment schedule for mid-term balance settlement.
109238470447,Lorenzo Navarro,75000,"₱50,000+ (Upper Middle/High)",False,Small Business Owner / Professional,1,None / Stable Finances,Adequate (₱100+/day),None / Full-time Student,Private Payer,0,0,False,False,Regular tuition schedule maintained with prompt quarterly payments.
109238470448,Bernadette Santiago,75000,"₱50,000+ (Upper Middle/High)",False,Small Business Owner / Professional,1,None / Stable Finances,Adequate (₱100+/day),None / Full-time Student,Private Payer,0,0,False,False,Regular tuition schedule maintained with prompt quarterly payments.
109238470449,John Carlo Dizon,75000,"₱50,000+ (Upper Middle/High)",False,Small Business Owner / Professional,1,None / Stable Finances,Adequate (₱100+/day),None / Full-time Student,Private Payer,0,0,False,False,Regular tuition schedule maintained with prompt quarterly payments.
109238470450,Angela Navarro,75000,"₱50,000+ (Upper Middle/High)",False,Small Business Owner / Professional,1,None / Stable Finances,Adequate (₱100+/day),None / Full-time Student,Private Payer,0,0,False,False,Regular tuition schedule maintained with prompt quarterly payments.
109238470451,Alyssa Castillo,75000,"₱50,000+ (Upper Middle/High)",False,Small Business Owner / Professional,1,None / Stable Finances,Adequate (₱100+/day),None / Full-time Student,Private Payer,0,0,False,False,Regular tuition schedule maintained with prompt quarterly payments.
109238470452,Rochelle Ramos,28000,"₱25,000 - ₱49,999 (Middle)",False,Private Employee / BPO Agent,3,Tuition Installment Timing,Adequate (₱80-₱100/day),None / Full-time Student,ESC Scholar,4000,1,False,False,Offer flexible installment schedule for mid-term balance settlement.
109238470453,Angela Morales,75000,"₱50,000+ (Upper Middle/High)",False,Small Business Owner / Professional,1,None / Stable Finances,Adequate (₱100+/day),None / Full-time Student,Private Payer,0,0,False,False,Regular tuition schedule maintained with prompt quarterly payments.
109238470454,Bernadette Santos,75000,"₱50,000+ (Upper Middle/High)",False,Small Business Owner / Professional,1,None / Stable Finances,Adequate (₱100+/day),None / Full-time Student,Private Payer,0,0,False,False,Regular tuition schedule maintained with prompt quarterly payments.
109238470455,Sebastian De Leon,11500,"Below ₱10,000 (Low Income)",True,Small Sari-Sari Store Vendor / Tricycle Driver,5,Household Debt & Micro-loan Obligations,Tight (₱40-₱60/day),Working Student (10-15 hrs/wk - High Fatigue Burden),ESC Scholar,14500,3,True,True,Endorse student for Alumni Educational Assistance Subsidy and provide subsidized daily meal coupons.
109238470456,Camille Mercado,28000,"₱25,000 - ₱49,999 (Middle)",False,Private Employee / BPO Agent,3,Tuition Installment Timing,Adequate (₱80-₱100/day),None / Full-time Student,ESC Scholar,4000,1,False,False,Offer flexible installment schedule for mid-term balance settlement.
109238470457,Bernadette Aquino,75000,"₱50,000+ (Upper Middle/High)",False,Small Business Owner / Professional,1,None / Stable Finances,Adequate (₱100+/day),None / Full-time Student,Private Payer,0,0,False,False,Regular tuition schedule maintained with prompt quarterly payments.
109238470458,Diego Navarro,75000,"₱50,000+ (Upper Middle/High)",False,Small Business Owner / Professional,1,None / Stable Finances,Adequate (₱100+/day),None / Full-time Student,Private Payer,0,0,False,False,Regular tuition schedule maintained with prompt quarterly payments.
109238470459,Kyle Castro,75000,"₱50,000+ (Upper Middle/High)",False,Small Business Owner / Professional,1,None / Stable Finances,Adequate (₱100+/day),None / Full-time Student,Private Payer,0,0,False,False,Regular tuition schedule maintained with prompt quarterly payments.
109238470460,Carlos Dizon,75000,"₱50,000+ (Upper Middle/High)",False,Small Business Owner / Professional,1,None / Stable Finances,Adequate (₱100+/day),None / Full-time Student,Private Payer,0,0,False,False,Regular tuition schedule maintained with prompt quarterly payments.
109238470461,Gabriel Dimaculangan,28000,"₱25,000 - ₱49,999 (Middle)",False,Private Employee / BPO Agent,3,Tuition Installment Timing,Adequate (₱80-₱100/day),None / Full-time Student,ESC Scholar,4000,1,False,False,Offer flexible installment schedule for mid-term balance settlement.
109238470462,Kyle Corpuz,75000,"₱50,000+ (Upper Middle/High)",False,Small Business Owner / Professional,1,None / Stable Finances,Adequate (₱100+/day),None / Full-time Student,Private Payer,0,0,False,False,Regular tuition schedule maintained with prompt quarterly payments.
109238470463,Therese Manalo,75000,"₱50,000+ (Upper Middle/High)",False,Small Business Owner / Professional,1,None / Stable Finances,Adequate (₱100+/day),None / Full-time Student,Private Payer,0,0,False,False,Regular tuition schedule maintained with prompt quarterly payments.
109238470464,Jose Reyes,75000,"₱50,000+ (Upper Middle/High)",False,Small Business Owner / Professional,1,None / Stable Finances,Adequate (₱100+/day),None / Full-time Student,Private Payer,0,0,False,False,Regular tuition schedule maintained with prompt quarterly payments.
109238470465,Jasmine Navarro,75000,"₱50,000+ (Upper Middle/High)",False,Small Business Owner / Professional,1,None / Stable Finances,Adequate (₱100+/day),None / Full-time Student,Private Payer,0,0,False,False,Regular tuition schedule maintained with prompt quarterly payments.
109238470466,Mark Garcia,75000,"₱50,000+ (Upper Middle/High)",False,Small Business Owner / Professional,1,None / Stable Finances,Adequate (₱100+/day),None / Full-time Student,Private Payer,0,0,False,False,Regular tuition schedule maintained with prompt quarterly payments.
109238470467,Kathryn Padilla,75000,"₱50,000+ (Upper Middle/High)",False,Small Business Owner / Professional,1,None / Stable Finances,Adequate (₱100+/day),None / Full-time Student,Private Payer,0,0,False,False,Regular tuition schedule maintained with prompt quarterly payments.
109238470468,Miguel Salazar,75000,"₱50,000+ (Upper Middle/High)",False,Small Business Owner / Professional,1,None / Stable Finances,Adequate (₱100+/day),None / Full-time Student,Private Payer,0,0,False,False,Regular tuition schedule maintained with prompt quarterly payments.
109238470469,Sebastian Valdez,28000,"₱25,000 - ₱49,999 (Middle)",False,Private Employee / BPO Agent,3,Tuition Installment Timing,Adequate (₱80-₱100/day),None / Full-time Student,ESC Scholar,4000,1,False,False,Offer flexible installment schedule for mid-term balance settlement.
109238470470,Rita Ocampo,75000,"₱50,000+ (Upper Middle/High)",False,Small Business Owner / Professional,1,None / Stable Finances,Adequate (₱100+/day),None / Full-time Student,Private Payer,0,0,False,False,Regular tuition schedule maintained with prompt quarterly payments.
109238470471,Angela Castillo,75000,"₱50,000+ (Upper Middle/High)",False,Small Business Owner / Professional,1,None / Stable Finances,Adequate (₱100+/day),None / Full-time Student,Private Payer,0,0,False,False,Regular tuition schedule maintained with prompt quarterly payments.
109238470472,Paolo Mercado,75000,"₱50,000+ (Upper Middle/High)",False,Small Business Owner / Professional,1,None / Stable Finances,Adequate (₱100+/day),None / Full-time Student,Private Payer,0,0,False,False,Regular tuition schedule maintained with prompt quarterly payments.
109238470473,Hannah Aquino,75000,"₱50,000+ (Upper Middle/High)",False,Small Business Owner / Professional,1,None / Stable Finances,Adequate (₱100+/day),None / Full-time Student,Private Payer,0,0,False,False,Regular tuition schedule maintained with prompt quarterly payments.
109238470474,Francis San Jose,75000,"₱50,000+ (Upper Middle/High)",False,Small Business Owner / Professional,1,None / Stable Finances,Adequate (₱100+/day),None / Full-time Student,Private Payer,0,0,False,False,Regular tuition schedule maintained with prompt quarterly payments.
109238470475,Clare Aquino,75000,"₱50,000+ (Upper Middle/High)",False,Small Business Owner / Professional,1,None / Stable Finances,Adequate (₱100+/day),None / Full-time Student,Private Payer,0,0,False,False,Regular tuition schedule maintained with prompt quarterly payments.
109238470476,Justin Pascual,75000,"₱50,000+ (Upper Middle/High)",False,Small Business Owner / Professional,1,None / Stable Finances,Adequate (₱100+/day),None / Full-time Student,Private Payer,0,0,False,False,Regular tuition schedule maintained with prompt quarterly payments.
109238470477,Angelo Manalo,28000,"₱25,000 - ₱49,999 (Middle)",False,Private Employee / BPO Agent,3,Tuition Installment Timing,Adequate (₱80-₱100/day),None / Full-time Student,ESC Scholar,4000,1,False,False,Offer flexible installment schedule for mid-term balance settlement.
109238470478,Nathan Morales,75000,"₱50,000+ (Upper Middle/High)",False,Small Business Owner / Professional,1,None / Stable Finances,Adequate (₱100+/day),None / Full-time Student,Private Payer,0,0,False,False,Regular tuition schedule maintained with prompt quarterly payments.
109238470479,Rita Navarro,75000,"₱50,000+ (Upper Middle/High)",False,Small Business Owner / Professional,1,None / Stable Finances,Adequate (₱100+/day),None / Full-time Student,Private Payer,0,0,False,False,Regular tuition schedule maintained with prompt quarterly payments.
109238470480,Cecilia Santos,11500,"Below ₱10,000 (Low Income)",True,Small Sari-Sari Store Vendor / Tricycle Driver,5,Household Debt & Micro-loan Obligations,Tight (₱40-₱60/day),Working Student (10-15 hrs/wk - High Fatigue Burden),ESC Scholar,14500,3,True,True,Endorse student for Alumni Educational Assistance Subsidy and provide subsidized daily meal coupons.
109238470481,Clarisse Salazar,28000,"₱25,000 - ₱49,999 (Middle)",False,Private Employee / BPO Agent,3,Tuition Installment Timing,Adequate (₱80-₱100/day),None / Full-time Student,ESC Scholar,4000,1,False,False,Offer flexible installment schedule for mid-term balance settlement.
109238470482,Kathleen Dimaculangan,28000,"₱25,000 - ₱49,999 (Middle)",False,Private Employee / BPO Agent,3,Tuition Installment Timing,Adequate (₱80-₱100/day),None / Full-time Student,ESC Scholar,4000,1,False,False,Offer flexible installment schedule for mid-term balance settlement.
109238470483,Christian Ocampo,75000,"₱50,000+ (Upper Middle/High)",False,Small Business Owner / Professional,1,None / Stable Finances,Adequate (₱100+/day),None / Full-time Student,Private Payer,0,0,False,False,Regular tuition schedule maintained with prompt quarterly payments.
109238470484,Janine Dimaculangan,75000,"₱50,000+ (Upper Middle/High)",False,Small Business Owner / Professional,1,None / Stable Finances,Adequate (₱100+/day),None / Full-time Student,Private Payer,0,0,False,False,Regular tuition schedule maintained with prompt quarterly payments.
109238470485,Ethan Navarro,75000,"₱50,000+ (Upper Middle/High)",False,Small Business Owner / Professional,1,None / Stable Finances,Adequate (₱100+/day),None / Full-time Student,Private Payer,0,0,False,False,Regular tuition schedule maintained with prompt quarterly payments.
109238470486,Ethan Pascual,75000,"₱50,000+ (Upper Middle/High)",False,Small Business Owner / Professional,1,None / Stable Finances,Adequate (₱100+/day),None / Full-time Student,Private Payer,0,0,False,False,Regular tuition schedule maintained with prompt quarterly payments.
109238470487,Rafael Bautista,75000,"₱50,000+ (Upper Middle/High)",False,Small Business Owner / Professional,1,None / Stable Finances,Adequate (₱100+/day),None / Full-time Student,Private Payer,0,0,False,False,Regular tuition schedule maintained with prompt quarterly payments.
109238470488,Camille Padilla,75000,"₱50,000+ (Upper Middle/High)",False,Small Business Owner / Professional,1,None / Stable Finances,Adequate (₱100+/day),None / Full-time Student,Private Payer,0,0,False,False,Regular tuition schedule maintained with prompt quarterly payments.
109238470489,Maria Clara Lim,75000,"₱50,000+ (Upper Middle/High)",False,Small Business Owner / Professional,1,None / Stable Finances,Adequate (₱100+/day),None / Full-time Student,Private Payer,0,0,False,False,Regular tuition schedule maintained with prompt quarterly payments.
109238470490,Paolo Mercado,75000,"₱50,000+ (Upper Middle/High)",False,Small Business Owner / Professional,1,None / Stable Finances,Adequate (₱100+/day),None / Full-time Student,Private Payer,0,0,False,False,Regular tuition schedule maintained with prompt quarterly payments.
109238470491,Anthony Mendoza,75000,"₱50,000+ (Upper Middle/High)",False,Small Business Owner / Professional,1,None / Stable Finances,Adequate (₱100+/day),None / Full-time Student,Private Payer,0,0,False,False,Regular tuition schedule maintained with prompt quarterly payments.
109238470492,Hannah San Jose,11500,"Below ₱10,000 (Low Income)",True,Small Sari-Sari Store Vendor / Tricycle Driver,5,Household Debt & Micro-loan Obligations,Tight (₱40-₱60/day),Working Student (10-15 hrs/wk - High Fatigue Burden),ESC Scholar,14500,3,True,True,Endorse student for Alumni Educational Assistance Subsidy and provide subsidized daily meal coupons.
109238470493,Joshua Lim,28000,"₱25,000 - ₱49,999 (Middle)",False,Private Employee / BPO Agent,3,Tuition Installment Timing,Adequate (₱80-₱100/day),None / Full-time Student,ESC Scholar,4000,1,False,False,Offer flexible installment schedule for mid-term balance settlement.
109238470494,Ethan Soriano,75000,"₱50,000+ (Upper Middle/High)",False,Small Business Owner / Professional,1,None / Stable Finances,Adequate (₱100+/day),None / Full-time Student,Private Payer,0,0,False,False,Regular tuition schedule maintained with prompt quarterly payments.
109238470495,Karl Ramos,75000,"₱50,000+ (Upper Middle/High)",False,Small Business Owner / Professional,1,None / Stable Finances,Adequate (₱100+/day),None / Full-time Student,Private Payer,0,0,False,False,Regular tuition schedule maintained with prompt quarterly payments.
109238470496,Jerome Tolentino,75000,"₱50,000+ (Upper Middle/High)",False,Small Business Owner / Professional,1,None / Stable Finances,Adequate (₱100+/day),None / Full-time Student,Private Payer,0,0,False,False,Regular tuition schedule maintained with prompt quarterly payments.
109238470497,Therese Rivera,28000,"₱25,000 - ₱49,999 (Middle)",False,Private Employee / BPO Agent,3,Tuition Installment Timing,Adequate (₱80-₱100/day),None / Full-time Student,ESC Scholar,4000,1,False,False,Offer flexible installment schedule for mid-term balance settlement.
109238470498,Hannah Dimaculangan,28000,"₱25,000 - ₱49,999 (Middle)",False,Private Employee / BPO Agent,3,Tuition Installment Timing,Adequate (₱80-₱100/day),None / Full-time Student,ESC Scholar,4000,1,False,False,Offer flexible installment schedule for mid-term balance settlement.
109238470499,Benedict Dela Cruz,75000,"₱50,000+ (Upper Middle/High)",False,Small Business Owner / Professional,1,None / Stable Finances,Adequate (₱100+/day),None / Full-time Student,Private Payer,0,0,False,False,Regular tuition schedule maintained with prompt quarterly payments.
109238470500,Ethan Garcia,11500,"Below ₱10,000 (Low Income)",True,Small Sari-Sari Store Vendor / Tricycle Driver,5,Household Debt & Micro-loan Obligations,Tight (₱40-₱60/day),Working Student (10-15 hrs/wk - High Fatigue Burden),ESC Scholar,14500,3,True,True,Endorse student for Alumni Educational Assistance Subsidy and provide subsidized daily meal coupons.
