lrn,student_name,birth_order,is_eldest_child,siblings_count,ofw_parent_status,parent_marital_status,single_parent_status,living_arrangement,is_4ps_beneficiary,primary_caregiver_relationship,household_monthly_income_bracket,parent_educational_attainment,guardian_contact_rating,parent_conference_attended,domestic_distress_flag,adviser_notes
109238470001,Erika Bautista,Middle,False,2,None,Married / Intact,False,With Both Parents,False,Both Parents,"₱25,000 - ₱49,999 (Middle)",College Degree,High,True,False,Both parents present and maintain regular communication with class adviser.
109238470002,Althea Garcia,Middle,False,2,None,Married / Intact,False,With Both Parents,False,Both Parents,"₱25,000 - ₱49,999 (Middle)",College Degree,High,True,False,Both parents present and maintain regular communication with class adviser.
109238470003,Angela Padilla,Eldest,True,4,None,Married / Intact,False,With Both Parents,False,Both Parents,"₱25,000 - ₱49,999 (Middle)",College Degree,High,True,False,Both parents present and maintain regular communication with class adviser.
109238470004,Angelica Salazar,Middle,False,2,None,Married / Intact,False,With Both Parents,False,Both Parents,"₱25,000 - ₱49,999 (Middle)",College Degree,High,True,False,Both parents present and maintain regular communication with class adviser.
109238470005,Chloe De Leon,Middle,False,2,None,Married / Intact,False,With Both Parents,False,Both Parents,"₱25,000 - ₱49,999 (Middle)",College Degree,High,True,False,Both parents present and maintain regular communication with class adviser.
109238470006,Luis San Jose,Eldest,True,4,None,Married / Intact,False,With Both Parents,False,Both Parents,"₱25,000 - ₱49,999 (Middle)",College Degree,High,True,False,Both parents present and maintain regular communication with class adviser.
109238470007,Patricia Tolentino,Middle,False,2,None,Married / Intact,False,With Both Parents,False,Both Parents,"₱25,000 - ₱49,999 (Middle)",College Degree,High,True,False,Both parents present and maintain regular communication with class adviser.
109238470008,Mariel Mercado,Middle,False,2,None,Married / Intact,False,With Both Parents,False,Both Parents,"₱25,000 - ₱49,999 (Middle)",College Degree,High,True,False,Both parents present and maintain regular communication with class adviser.
109238470009,Chloe Santos,Eldest,True,4,None,Married / Intact,False,With Both Parents,False,Both Parents,"₱25,000 - ₱49,999 (Middle)",College Degree,High,True,False,Both parents present and maintain regular communication with class adviser.
109238470010,Patricia Domingo,Middle,False,2,None,Married / Intact,False,With Both Parents,False,Both Parents,"₱25,000 - ₱49,999 (Middle)",College Degree,High,True,False,Both parents present and maintain regular communication with class adviser.
109238470011,Joshua Castillo,Middle,False,2,None,Married / Intact,False,With Both Parents,False,Both Parents,"₱25,000 - ₱49,999 (Middle)",College Degree,High,True,False,Both parents present and maintain regular communication with class adviser.
109238470012,Faith De Leon,Eldest,True,4,None,Married / Intact,False,With Both Parents,False,Both Parents,"₱25,000 - ₱49,999 (Middle)",College Degree,High,True,False,Both parents present and maintain regular communication with class adviser.
109238470013,Patricia Corpuz,Middle,False,2,None,Married / Intact,False,With Both Parents,False,Both Parents,"₱25,000 - ₱49,999 (Middle)",College Degree,High,True,False,Both parents present and maintain regular communication with class adviser.
109238470014,Camille Castro,Middle,False,2,Father OFW,Married / Intact,False,With Relatives / Extended,True,Grandmother / Aunt,"Below ₱10,000 (Low Income)",High School,Unresponsive,False,True,Both parents overseas/working long shifts; student shoulders heavy sibling domestic duties (panganay burden).
109238470015,Kyle Flores,Eldest,True,4,None,Married / Intact,False,With Both Parents,False,Both Parents,"₱25,000 - ₱49,999 (Middle)",College Degree,High,True,False,Both parents present and maintain regular communication with class adviser.
109238470016,Mariel Dela Cruz,Middle,False,2,Father OFW,Married / Intact,False,With Relatives / Extended,True,Grandmother / Aunt,"Below ₱10,000 (Low Income)",High School,Unresponsive,False,True,Both parents overseas/working long shifts; student shoulders heavy sibling domestic duties (panganay burden).
109238470017,Erika Navarro,Middle,False,2,None,Married / Intact,False,With Both Parents,False,Both Parents,"₱25,000 - ₱49,999 (Middle)",College Degree,High,True,False,Both parents present and maintain regular communication with class adviser.
109238470018,Joy Manalo,Eldest,True,4,None,Married / Intact,False,With Both Parents,False,Both Parents,"₱25,000 - ₱49,999 (Middle)",College Degree,High,True,False,Both parents present and maintain regular communication with class adviser.
109238470019,Tristan Torres,Middle,False,2,None,Married / Intact,False,With Both Parents,False,Both Parents,"₱25,000 - ₱49,999 (Middle)",College Degree,High,True,False,Both parents present and maintain regular communication with class adviser.
109238470020,Francis Cruz,Middle,False,2,Father OFW,Married / Intact,False,With Relatives / Extended,True,Grandmother / Aunt,"Below ₱10,000 (Low Income)",High School,Unresponsive,False,True,Both parents overseas/working long shifts; student shoulders heavy sibling domestic duties (panganay burden).
109238470021,Therese Valdez,Eldest,True,4,None,Married / Intact,False,With Both Parents,False,Both Parents,"₱25,000 - ₱49,999 (Middle)",College Degree,High,True,False,Both parents present and maintain regular communication with class adviser.
109238470022,Lance Navarro,Middle,False,2,None,Married / Intact,False,With Both Parents,False,Both Parents,"₱25,000 - ₱49,999 (Middle)",College Degree,High,True,False,Both parents present and maintain regular communication with class adviser.
109238470023,Jasmine Reyes,Middle,False,2,None,Married / Intact,False,With Both Parents,False,Both Parents,"₱25,000 - ₱49,999 (Middle)",College Degree,High,True,False,Both parents present and maintain regular communication with class adviser.
109238470024,John Carlo Morales,Eldest,True,4,None,Married / Intact,False,With Both Parents,False,Both Parents,"₱25,000 - ₱49,999 (Middle)",College Degree,High,True,False,Both parents present and maintain regular communication with class adviser.
109238470025,Angelica Aquino,Middle,False,2,None,Married / Intact,False,With Both Parents,False,Both Parents,"₱25,000 - ₱49,999 (Middle)",College Degree,High,True,False,Both parents present and maintain regular communication with class adviser.
109238470026,John Carlo Valdez,Middle,False,2,None,Married / Intact,False,With Both Parents,False,Both Parents,"₱25,000 - ₱49,999 (Middle)",College Degree,High,True,False,Both parents present and maintain regular communication with class adviser.
109238470027,Hannah Aquino,Eldest,True,4,None,Married / Intact,False,With Both Parents,False,Both Parents,"₱25,000 - ₱49,999 (Middle)",College Degree,High,True,False,Both parents present and maintain regular communication with class adviser.
109238470028,Nicole Cruz,Middle,False,2,None,Married / Intact,False,With Both Parents,False,Both Parents,"₱25,000 - ₱49,999 (Middle)",College Degree,High,True,False,Both parents present and maintain regular communication with class adviser.
109238470029,Bianca Flores,Middle,False,2,None,Married / Intact,False,With Both Parents,False,Both Parents,"₱25,000 - ₱49,999 (Middle)",College Degree,High,True,False,Both parents present and maintain regular communication with class adviser.
109238470030,Nathan Reyes,Eldest,True,4,None,Married / Intact,False,With Both Parents,False,Both Parents,"₱25,000 - ₱49,999 (Middle)",College Degree,High,True,False,Both parents present and maintain regular communication with class adviser.
109238470031,Francis Alcantara,Middle,False,2,None,Married / Intact,False,With Both Parents,False,Both Parents,"₱25,000 - ₱49,999 (Middle)",College Degree,High,True,False,Both parents present and maintain regular communication with class adviser.
109238470032,Lance Gonzales,Middle,False,2,None,Married / Intact,False,With Both Parents,False,Both Parents,"₱25,000 - ₱49,999 (Middle)",College Degree,High,True,False,Both parents present and maintain regular communication with class adviser.
109238470033,Gabriel Flores,Eldest,True,4,None,Married / Intact,False,With Both Parents,False,Both Parents,"₱25,000 - ₱49,999 (Middle)",College Degree,High,True,False,Both parents present and maintain regular communication with class adviser.
109238470034,Bernadette Dela Cruz,Middle,False,2,None,Married / Intact,False,With Both Parents,False,Both Parents,"₱25,000 - ₱49,999 (Middle)",College Degree,High,True,False,Both parents present and maintain regular communication with class adviser.
109238470035,Chloe Navarro,Middle,False,2,None,Married / Intact,False,With Both Parents,False,Both Parents,"₱25,000 - ₱49,999 (Middle)",College Degree,High,True,False,Both parents present and maintain regular communication with class adviser.
109238470036,Maria Clara Aquino,Eldest,True,4,None,Married / Intact,False,With Both Parents,False,Both Parents,"₱25,000 - ₱49,999 (Middle)",College Degree,High,True,False,Both parents present and maintain regular communication with class adviser.
109238470037,Bernadette Pascual,Middle,False,2,Father OFW,Married / Intact,False,With Relatives / Extended,True,Grandmother / Aunt,"Below ₱10,000 (Low Income)",High School,Unresponsive,False,True,Both parents overseas/working long shifts; student shoulders heavy sibling domestic duties (panganay burden).
109238470038,Therese Alcantara,Middle,False,2,None,Married / Intact,False,With Both Parents,False,Both Parents,"₱25,000 - ₱49,999 (Middle)",College Degree,High,True,False,Both parents present and maintain regular communication with class adviser.
109238470039,Vanessa De Leon,Eldest,True,4,None,Married / Intact,False,With Both Parents,False,Both Parents,"₱25,000 - ₱49,999 (Middle)",College Degree,High,True,False,Both parents present and maintain regular communication with class adviser.
109238470040,Hannah Mercado,Middle,False,2,None,Married / Intact,False,With Both Parents,False,Both Parents,"₱25,000 - ₱49,999 (Middle)",College Degree,High,True,False,Both parents present and maintain regular communication with class adviser.
109238470041,Angelo Cruz,Middle,False,2,None,Married / Intact,False,With Both Parents,False,Both Parents,"₱25,000 - ₱49,999 (Middle)",College Degree,High,True,False,Both parents present and maintain regular communication with class adviser.
109238470042,Joaquin Morales,Eldest,True,4,None,Married / Intact,False,With Both Parents,False,Both Parents,"₱25,000 - ₱49,999 (Middle)",College Degree,High,True,False,Both parents present and maintain regular communication with class adviser.
109238470043,Andrea Dela Cruz,Middle,False,2,None,Married / Intact,False,With Both Parents,False,Both Parents,"₱25,000 - ₱49,999 (Middle)",College Degree,High,True,False,Both parents present and maintain regular communication with class adviser.
109238470044,Patricia Mercado,Middle,False,2,None,Married / Intact,False,With Both Parents,False,Both Parents,"₱25,000 - ₱49,999 (Middle)",College Degree,High,True,False,Both parents present and maintain regular communication with class adviser.
109238470045,Gabriel Reyes,Eldest,True,4,Father OFW,Married / Intact,False,With Relatives / Extended,True,Grandmother / Aunt,"Below ₱10,000 (Low Income)",High School,Unresponsive,False,True,Both parents overseas/working long shifts; student shoulders heavy sibling domestic duties (panganay burden).
109238470046,Jasmine Padilla,Middle,False,2,None,Married / Intact,False,With Both Parents,False,Both Parents,"₱25,000 - ₱49,999 (Middle)",College Degree,High,True,False,Both parents present and maintain regular communication with class adviser.
109238470047,Mariel Pascual,Middle,False,2,None,Married / Intact,False,With Both Parents,False,Both Parents,"₱25,000 - ₱49,999 (Middle)",College Degree,High,True,False,Both parents present and maintain regular communication with class adviser.
109238470048,Jose Domingo,Eldest,True,4,None,Married / Intact,False,With Both Parents,False,Both Parents,"₱25,000 - ₱49,999 (Middle)",College Degree,High,True,False,Both parents present and maintain regular communication with class adviser.
109238470049,Chloe Dizon,Middle,False,2,None,Married / Intact,False,With Both Parents,False,Both Parents,"₱25,000 - ₱49,999 (Middle)",College Degree,High,True,False,Both parents present and maintain regular communication with class adviser.
109238470050,Kathryn Bautista,Middle,False,2,None,Married / Intact,False,With Both Parents,False,Both Parents,"₱25,000 - ₱49,999 (Middle)",College Degree,High,True,False,Both parents present and maintain regular communication with class adviser.
109238470051,Christian Manalo,Eldest,True,4,Father OFW,Married / Intact,False,With Relatives / Extended,True,Grandmother / Aunt,"Below ₱10,000 (Low Income)",High School,Unresponsive,False,True,Both parents overseas/working long shifts; student shoulders heavy sibling domestic duties (panganay burden).
109238470052,Jerome Villanueva,Middle,False,2,None,Married / Intact,False,With Both Parents,False,Both Parents,"₱25,000 - ₱49,999 (Middle)",College Degree,High,True,False,Both parents present and maintain regular communication with class adviser.
109238470053,Karl Valdez,Middle,False,2,None,Married / Intact,False,With Both Parents,False,Both Parents,"₱25,000 - ₱49,999 (Middle)",College Degree,High,True,False,Both parents present and maintain regular communication with class adviser.
109238470054,Ethan Dela Cruz,Eldest,True,4,None,Married / Intact,False,With Both Parents,False,Both Parents,"₱25,000 - ₱49,999 (Middle)",College Degree,High,True,False,Both parents present and maintain regular communication with class adviser.
109238470055,Rochelle Tolentino,Middle,False,2,None,Married / Intact,False,With Both Parents,False,Both Parents,"₱25,000 - ₱49,999 (Middle)",College Degree,High,True,False,Both parents present and maintain regular communication with class adviser.
109238470056,Chloe Mercado,Middle,False,2,Father OFW,Married / Intact,False,With Relatives / Extended,True,Grandmother / Aunt,"Below ₱10,000 (Low Income)",High School,Unresponsive,False,True,Both parents overseas/working long shifts; student shoulders heavy sibling domestic duties (panganay burden).
109238470057,Cecilia De Leon,Eldest,True,4,None,Married / Intact,False,With Both Parents,False,Both Parents,"₱25,000 - ₱49,999 (Middle)",College Degree,High,True,False,Both parents present and maintain regular communication with class adviser.
109238470058,Simon Pascual,Middle,False,2,None,Married / Intact,False,With Both Parents,False,Both Parents,"₱25,000 - ₱49,999 (Middle)",College Degree,High,True,False,Both parents present and maintain regular communication with class adviser.
109238470059,Mark Torres,Middle,False,2,None,Married / Intact,False,With Both Parents,False,Both Parents,"₱25,000 - ₱49,999 (Middle)",College Degree,High,True,False,Both parents present and maintain regular communication with class adviser.
109238470060,Rochelle Domingo,Eldest,True,4,None,Married / Intact,False,With Both Parents,False,Both Parents,"₱25,000 - ₱49,999 (Middle)",College Degree,High,True,False,Both parents present and maintain regular communication with class adviser.
109238470061,Mariel Tolentino,Middle,False,2,None,Married / Intact,False,With Both Parents,False,Both Parents,"₱25,000 - ₱49,999 (Middle)",College Degree,High,True,False,Both parents present and maintain regular communication with class adviser.
109238470062,Andrea Ocampo,Middle,False,2,Father OFW,Married / Intact,False,With Relatives / Extended,True,Grandmother / Aunt,"Below ₱10,000 (Low Income)",High School,Unresponsive,False,True,Both parents overseas/working long shifts; student shoulders heavy sibling domestic duties (panganay burden).
109238470063,Justin Santiago,Eldest,True,4,None,Married / Intact,False,With Both Parents,False,Both Parents,"₱25,000 - ₱49,999 (Middle)",College Degree,High,True,False,Both parents present and maintain regular communication with class adviser.
109238470064,Paolo Villanueva,Middle,False,2,None,Married / Intact,False,With Both Parents,False,Both Parents,"₱25,000 - ₱49,999 (Middle)",College Degree,High,True,False,Both parents present and maintain regular communication with class adviser.
109238470065,Diego Alcantara,Middle,False,2,None,Married / Intact,False,With Both Parents,False,Both Parents,"₱25,000 - ₱49,999 (Middle)",College Degree,High,True,False,Both parents present and maintain regular communication with class adviser.
109238470066,Angelo Flores,Eldest,True,4,None,Married / Intact,False,With Both Parents,False,Both Parents,"₱25,000 - ₱49,999 (Middle)",College Degree,High,True,False,Both parents present and maintain regular communication with class adviser.
109238470067,Joaquin Navarro,Middle,False,2,None,Married / Intact,False,With Both Parents,False,Both Parents,"₱25,000 - ₱49,999 (Middle)",College Degree,High,True,False,Both parents present and maintain regular communication with class adviser.
109238470068,Benedict Villanueva,Middle,False,2,None,Married / Intact,False,With Both Parents,False,Both Parents,"₱25,000 - ₱49,999 (Middle)",College Degree,High,True,False,Both parents present and maintain regular communication with class adviser.
109238470069,Andrea San Jose,Eldest,True,4,None,Married / Intact,False,With Both Parents,False,Both Parents,"₱25,000 - ₱49,999 (Middle)",College Degree,High,True,False,Both parents present and maintain regular communication with class adviser.
109238470070,Erika Ramos,Middle,False,2,None,Married / Intact,False,With Both Parents,False,Both Parents,"₱25,000 - ₱49,999 (Middle)",College Degree,High,True,False,Both parents present and maintain regular communication with class adviser.
109238470071,Angelo Pascual,Middle,False,2,None,Married / Intact,False,With Both Parents,False,Both Parents,"₱25,000 - ₱49,999 (Middle)",College Degree,High,True,False,Both parents present and maintain regular communication with class adviser.
109238470072,Lance Garcia,Eldest,True,4,None,Married / Intact,False,With Both Parents,False,Both Parents,"₱25,000 - ₱49,999 (Middle)",College Degree,High,True,False,Both parents present and maintain regular communication with class adviser.
109238470073,Anthony Manalo,Middle,False,2,None,Married / Intact,False,With Both Parents,False,Both Parents,"₱25,000 - ₱49,999 (Middle)",College Degree,High,True,False,Both parents present and maintain regular communication with class adviser.
109238470074,Matthew Bautista,Middle,False,2,None,Married / Intact,False,With Both Parents,False,Both Parents,"₱25,000 - ₱49,999 (Middle)",College Degree,High,True,False,Both parents present and maintain regular communication with class adviser.
109238470075,Erika Cruz,Eldest,True,4,Father OFW,Married / Intact,False,With Relatives / Extended,True,Grandmother / Aunt,"Below ₱10,000 (Low Income)",High School,Unresponsive,False,True,Both parents overseas/working long shifts; student shoulders heavy sibling domestic duties (panganay burden).
109238470076,Liza Soriano,Middle,False,2,None,Married / Intact,False,With Both Parents,False,Both Parents,"₱25,000 - ₱49,999 (Middle)",College Degree,High,True,False,Both parents present and maintain regular communication with class adviser.
109238470077,Therese Castro,Middle,False,2,None,Married / Intact,False,With Both Parents,False,Both Parents,"₱25,000 - ₱49,999 (Middle)",College Degree,High,True,False,Both parents present and maintain regular communication with class adviser.
109238470078,Anthony Gonzales,Eldest,True,4,None,Married / Intact,False,With Both Parents,False,Both Parents,"₱25,000 - ₱49,999 (Middle)",College Degree,High,True,False,Both parents present and maintain regular communication with class adviser.
109238470079,Joy Corpuz,Middle,False,2,None,Married / Intact,False,With Both Parents,False,Both Parents,"₱25,000 - ₱49,999 (Middle)",College Degree,High,True,False,Both parents present and maintain regular communication with class adviser.
109238470080,Daniel Salazar,Middle,False,2,None,Married / Intact,False,With Both Parents,False,Both Parents,"₱25,000 - ₱49,999 (Middle)",College Degree,High,True,False,Both parents present and maintain regular communication with class adviser.
109238470081,Simon Castro,Eldest,True,4,None,Married / Intact,False,With Both Parents,False,Both Parents,"₱25,000 - ₱49,999 (Middle)",College Degree,High,True,False,Both parents present and maintain regular communication with class adviser.
109238470082,Adrian Lim,Middle,False,2,None,Married / Intact,False,With Both Parents,False,Both Parents,"₱25,000 - ₱49,999 (Middle)",College Degree,High,True,False,Both parents present and maintain regular communication with class adviser.
109238470083,Andrea Gonzales,Middle,False,2,None,Married / Intact,False,With Both Parents,False,Both Parents,"₱25,000 - ₱49,999 (Middle)",College Degree,High,True,False,Both parents present and maintain regular communication with class adviser.
109238470084,Trisha San Jose,Eldest,True,4,None,Married / Intact,False,With Both Parents,False,Both Parents,"₱25,000 - ₱49,999 (Middle)",College Degree,High,True,False,Both parents present and maintain regular communication with class adviser.
109238470085,Cecilia Ocampo,Middle,False,2,None,Married / Intact,False,With Both Parents,False,Both Parents,"₱25,000 - ₱49,999 (Middle)",College Degree,High,True,False,Both parents present and maintain regular communication with class adviser.
109238470086,Sebastian Dimaculangan,Middle,False,2,None,Married / Intact,False,With Both Parents,False,Both Parents,"₱25,000 - ₱49,999 (Middle)",College Degree,High,True,False,Both parents present and maintain regular communication with class adviser.
109238470087,Mariel Ocampo,Eldest,True,4,None,Married / Intact,False,With Both Parents,False,Both Parents,"₱25,000 - ₱49,999 (Middle)",College Degree,High,True,False,Both parents present and maintain regular communication with class adviser.
109238470088,Lorenzo Alcantara,Middle,False,2,Father OFW,Married / Intact,False,With Relatives / Extended,True,Grandmother / Aunt,"Below ₱10,000 (Low Income)",High School,Unresponsive,False,True,Both parents overseas/working long shifts; student shoulders heavy sibling domestic duties (panganay burden).
109238470089,Simon Ramos,Middle,False,2,None,Married / Intact,False,With Both Parents,False,Both Parents,"₱25,000 - ₱49,999 (Middle)",College Degree,High,True,False,Both parents present and maintain regular communication with class adviser.
109238470090,Rita Cruz,Eldest,True,4,None,Married / Intact,False,With Both Parents,False,Both Parents,"₱25,000 - ₱49,999 (Middle)",College Degree,High,True,False,Both parents present and maintain regular communication with class adviser.
109238470091,Cedric Lim,Middle,False,2,None,Married / Intact,False,With Both Parents,False,Both Parents,"₱25,000 - ₱49,999 (Middle)",College Degree,High,True,False,Both parents present and maintain regular communication with class adviser.
109238470092,Gabriel De Leon,Middle,False,2,None,Married / Intact,False,With Both Parents,False,Both Parents,"₱25,000 - ₱49,999 (Middle)",College Degree,High,True,False,Both parents present and maintain regular communication with class adviser.
109238470093,Liza Domingo,Eldest,True,4,None,Married / Intact,False,With Both Parents,False,Both Parents,"₱25,000 - ₱49,999 (Middle)",College Degree,High,True,False,Both parents present and maintain regular communication with class adviser.
109238470094,Justin Mercado,Middle,False,2,None,Married / Intact,False,With Both Parents,False,Both Parents,"₱25,000 - ₱49,999 (Middle)",College Degree,High,True,False,Both parents present and maintain regular communication with class adviser.
109238470095,Angelo Morales,Middle,False,2,None,Married / Intact,False,With Both Parents,False,Both Parents,"₱25,000 - ₱49,999 (Middle)",College Degree,High,True,False,Both parents present and maintain regular communication with class adviser.
109238470096,Jerome Padilla,Eldest,True,4,None,Married / Intact,False,With Both Parents,False,Both Parents,"₱25,000 - ₱49,999 (Middle)",College Degree,High,True,False,Both parents present and maintain regular communication with class adviser.
109238470097,Joshua Salazar,Middle,False,2,None,Married / Intact,False,With Both Parents,False,Both Parents,"₱25,000 - ₱49,999 (Middle)",College Degree,High,True,False,Both parents present and maintain regular communication with class adviser.
109238470098,Sofia Soriano,Middle,False,2,None,Married / Intact,False,With Both Parents,False,Both Parents,"₱25,000 - ₱49,999 (Middle)",College Degree,High,True,False,Both parents present and maintain regular communication with class adviser.
109238470099,Liza Aquino,Eldest,True,4,None,Married / Intact,False,With Both Parents,False,Both Parents,"₱25,000 - ₱49,999 (Middle)",College Degree,High,True,False,Both parents present and maintain regular communication with class adviser.
109238470100,Justin Aquino,Middle,False,2,None,Married / Intact,False,With Both Parents,False,Both Parents,"₱25,000 - ₱49,999 (Middle)",College Degree,High,True,False,Both parents present and maintain regular communication with class adviser.
109238470101,Sebastian Aquino,Middle,False,2,None,Married / Intact,False,With Both Parents,False,Both Parents,"₱25,000 - ₱49,999 (Middle)",College Degree,High,True,False,Both parents present and maintain regular communication with class adviser.
109238470102,Lucas Soriano,Eldest,True,4,None,Married / Intact,False,With Both Parents,False,Both Parents,"₱25,000 - ₱49,999 (Middle)",College Degree,High,True,False,Both parents present and maintain regular communication with class adviser.
109238470103,Luis Dimaculangan,Middle,False,2,None,Married / Intact,False,With Both Parents,False,Both Parents,"₱25,000 - ₱49,999 (Middle)",College Degree,High,True,False,Both parents present and maintain regular communication with class adviser.
109238470104,Emman Reyes,Middle,False,2,None,Married / Intact,False,With Both Parents,False,Both Parents,"₱25,000 - ₱49,999 (Middle)",College Degree,High,True,False,Both parents present and maintain regular communication with class adviser.
109238470105,Kathleen Santos,Eldest,True,4,None,Married / Intact,False,With Both Parents,False,Both Parents,"₱25,000 - ₱49,999 (Middle)",College Degree,High,True,False,Both parents present and maintain regular communication with class adviser.
109238470106,Angela San Jose,Middle,False,2,None,Married / Intact,False,With Both Parents,False,Both Parents,"₱25,000 - ₱49,999 (Middle)",College Degree,High,True,False,Both parents present and maintain regular communication with class adviser.
109238470107,Clare Castillo,Middle,False,2,None,Married / Intact,False,With Both Parents,False,Both Parents,"₱25,000 - ₱49,999 (Middle)",College Degree,High,True,False,Both parents present and maintain regular communication with class adviser.
109238470108,Princess Mae Rivera,Eldest,True,4,None,Married / Intact,False,With Both Parents,False,Both Parents,"₱25,000 - ₱49,999 (Middle)",College Degree,High,True,False,Both parents present and maintain regular communication with class adviser.
109238470109,Dominic Villanueva,Middle,False,2,None,Married / Intact,False,With Both Parents,False,Both Parents,"₱25,000 - ₱49,999 (Middle)",College Degree,High,True,False,Both parents present and maintain regular communication with class adviser.
109238470110,Angelo Alcantara,Middle,False,2,None,Married / Intact,False,With Both Parents,False,Both Parents,"₱25,000 - ₱49,999 (Middle)",College Degree,High,True,False,Both parents present and maintain regular communication with class adviser.
109238470111,John Carlo De Leon,Eldest,True,4,None,Married / Intact,False,With Both Parents,False,Both Parents,"₱25,000 - ₱49,999 (Middle)",College Degree,High,True,False,Both parents present and maintain regular communication with class adviser.
109238470112,Cedric Torres,Middle,False,2,Father OFW,Married / Intact,False,With Relatives / Extended,True,Grandmother / Aunt,"Below ₱10,000 (Low Income)",High School,Unresponsive,False,True,Both parents overseas/working long shifts; student shoulders heavy sibling domestic duties (panganay burden).
109238470113,Faith Santiago,Middle,False,2,None,Married / Intact,False,With Both Parents,False,Both Parents,"₱25,000 - ₱49,999 (Middle)",College Degree,High,True,False,Both parents present and maintain regular communication with class adviser.
109238470114,Martin Dela Cruz,Eldest,True,4,None,Married / Intact,False,With Both Parents,False,Both Parents,"₱25,000 - ₱49,999 (Middle)",College Degree,High,True,False,Both parents present and maintain regular communication with class adviser.
109238470115,Andrea Pascual,Middle,False,2,None,Married / Intact,False,With Both Parents,False,Both Parents,"₱25,000 - ₱49,999 (Middle)",College Degree,High,True,False,Both parents present and maintain regular communication with class adviser.
109238470116,Benedict Flores,Middle,False,2,None,Married / Intact,False,With Both Parents,False,Both Parents,"₱25,000 - ₱49,999 (Middle)",College Degree,High,True,False,Both parents present and maintain regular communication with class adviser.
109238470117,Carlos Soriano,Eldest,True,4,None,Married / Intact,False,With Both Parents,False,Both Parents,"₱25,000 - ₱49,999 (Middle)",College Degree,High,True,False,Both parents present and maintain regular communication with class adviser.
109238470118,Vanessa Dizon,Middle,False,2,None,Married / Intact,False,With Both Parents,False,Both Parents,"₱25,000 - ₱49,999 (Middle)",College Degree,High,True,False,Both parents present and maintain regular communication with class adviser.
109238470119,Kathryn Villanueva,Middle,False,2,None,Married / Intact,False,With Both Parents,False,Both Parents,"₱25,000 - ₱49,999 (Middle)",College Degree,High,True,False,Both parents present and maintain regular communication with class adviser.
109238470120,Karl Lim,Eldest,True,4,None,Married / Intact,False,With Both Parents,False,Both Parents,"₱25,000 - ₱49,999 (Middle)",College Degree,High,True,False,Both parents present and maintain regular communication with class adviser.
109238470121,Adrian De Leon,Middle,False,2,None,Married / Intact,False,With Both Parents,False,Both Parents,"₱25,000 - ₱49,999 (Middle)",College Degree,High,True,False,Both parents present and maintain regular communication with class adviser.
109238470122,Christian Gonzales,Middle,False,2,None,Married / Intact,False,With Both Parents,False,Both Parents,"₱25,000 - ₱49,999 (Middle)",College Degree,High,True,False,Both parents present and maintain regular communication with class adviser.
109238470123,Samantha Nicole Castillo,Eldest,True,4,None,Married / Intact,False,With Both Parents,False,Both Parents,"₱25,000 - ₱49,999 (Middle)",College Degree,High,True,False,Both parents present and maintain regular communication with class adviser.
109238470124,Rochelle Mercado,Middle,False,2,None,Married / Intact,False,With Both Parents,False,Both Parents,"₱25,000 - ₱49,999 (Middle)",College Degree,High,True,False,Both parents present and maintain regular communication with class adviser.
109238470125,Lance Villanueva,Middle,False,2,None,Married / Intact,False,With Both Parents,False,Both Parents,"₱25,000 - ₱49,999 (Middle)",College Degree,High,True,False,Both parents present and maintain regular communication with class adviser.
109238470126,Justin San Jose,Eldest,True,4,None,Married / Intact,False,With Both Parents,False,Both Parents,"₱25,000 - ₱49,999 (Middle)",College Degree,High,True,False,Both parents present and maintain regular communication with class adviser.
109238470127,Cedric Bautista,Middle,False,2,None,Married / Intact,False,With Both Parents,False,Both Parents,"₱25,000 - ₱49,999 (Middle)",College Degree,High,True,False,Both parents present and maintain regular communication with class adviser.
109238470128,Maria Clara Manalo,Middle,False,2,None,Married / Intact,False,With Both Parents,False,Both Parents,"₱25,000 - ₱49,999 (Middle)",College Degree,High,True,False,Both parents present and maintain regular communication with class adviser.
109238470129,Vanessa Dizon,Eldest,True,4,None,Married / Intact,False,With Both Parents,False,Both Parents,"₱25,000 - ₱49,999 (Middle)",College Degree,High,True,False,Both parents present and maintain regular communication with class adviser.
109238470130,Tristan Morales,Middle,False,2,None,Married / Intact,False,With Both Parents,False,Both Parents,"₱25,000 - ₱49,999 (Middle)",College Degree,High,True,False,Both parents present and maintain regular communication with class adviser.
109238470131,Daniel Dimaculangan,Middle,False,2,None,Married / Intact,False,With Both Parents,False,Both Parents,"₱25,000 - ₱49,999 (Middle)",College Degree,High,True,False,Both parents present and maintain regular communication with class adviser.
109238470132,Therese Santiago,Eldest,True,4,None,Married / Intact,False,With Both Parents,False,Both Parents,"₱25,000 - ₱49,999 (Middle)",College Degree,High,True,False,Both parents present and maintain regular communication with class adviser.
109238470133,Anthony Rivera,Middle,False,2,None,Married / Intact,False,With Both Parents,False,Both Parents,"₱25,000 - ₱49,999 (Middle)",College Degree,High,True,False,Both parents present and maintain regular communication with class adviser.
109238470134,Matthew Valdez,Middle,False,2,None,Married / Intact,False,With Both Parents,False,Both Parents,"₱25,000 - ₱49,999 (Middle)",College Degree,High,True,False,Both parents present and maintain regular communication with class adviser.
109238470135,Angela Mendoza,Eldest,True,4,None,Married / Intact,False,With Both Parents,False,Both Parents,"₱25,000 - ₱49,999 (Middle)",College Degree,High,True,False,Both parents present and maintain regular communication with class adviser.
109238470136,Anthony Cruz,Middle,False,2,None,Married / Intact,False,With Both Parents,False,Both Parents,"₱25,000 - ₱49,999 (Middle)",College Degree,High,True,False,Both parents present and maintain regular communication with class adviser.
109238470137,Camille Manalo,Middle,False,2,None,Married / Intact,False,With Both Parents,False,Both Parents,"₱25,000 - ₱49,999 (Middle)",College Degree,High,True,False,Both parents present and maintain regular communication with class adviser.
109238470138,Elijah Gonzales,Eldest,True,4,None,Married / Intact,False,With Both Parents,False,Both Parents,"₱25,000 - ₱49,999 (Middle)",College Degree,High,True,False,Both parents present and maintain regular communication with class adviser.
109238470139,Bianca Dizon,Middle,False,2,None,Married / Intact,False,With Both Parents,False,Both Parents,"₱25,000 - ₱49,999 (Middle)",College Degree,High,True,False,Both parents present and maintain regular communication with class adviser.
109238470140,Therese Manalo,Middle,False,2,None,Married / Intact,False,With Both Parents,False,Both Parents,"₱25,000 - ₱49,999 (Middle)",College Degree,High,True,False,Both parents present and maintain regular communication with class adviser.
109238470141,Simon San Jose,Eldest,True,4,None,Married / Intact,False,With Both Parents,False,Both Parents,"₱25,000 - ₱49,999 (Middle)",College Degree,High,True,False,Both parents present and maintain regular communication with class adviser.
109238470142,Patricia Torres,Middle,False,2,None,Married / Intact,False,With Both Parents,False,Both Parents,"₱25,000 - ₱49,999 (Middle)",College Degree,High,True,False,Both parents present and maintain regular communication with class adviser.
109238470143,Anthony Aquino,Middle,False,2,Father OFW,Married / Intact,False,With Relatives / Extended,True,Grandmother / Aunt,"Below ₱10,000 (Low Income)",High School,Unresponsive,False,True,Both parents overseas/working long shifts; student shoulders heavy sibling domestic duties (panganay burden).
109238470144,Clare Castro,Eldest,True,4,None,Married / Intact,False,With Both Parents,False,Both Parents,"₱25,000 - ₱49,999 (Middle)",College Degree,High,True,False,Both parents present and maintain regular communication with class adviser.
109238470145,Samantha Nicole Castillo,Middle,False,2,None,Married / Intact,False,With Both Parents,False,Both Parents,"₱25,000 - ₱49,999 (Middle)",College Degree,High,True,False,Both parents present and maintain regular communication with class adviser.
109238470146,Sebastian Torres,Middle,False,2,None,Married / Intact,False,With Both Parents,False,Both Parents,"₱25,000 - ₱49,999 (Middle)",College Degree,High,True,False,Both parents present and maintain regular communication with class adviser.
109238470147,Vincent Ocampo,Eldest,True,4,Father OFW,Married / Intact,False,With Relatives / Extended,True,Grandmother / Aunt,"Below ₱10,000 (Low Income)",High School,Unresponsive,False,True,Both parents overseas/working long shifts; student shoulders heavy sibling domestic duties (panganay burden).
109238470148,Rochelle San Jose,Middle,False,2,None,Married / Intact,False,With Both Parents,False,Both Parents,"₱25,000 - ₱49,999 (Middle)",College Degree,High,True,False,Both parents present and maintain regular communication with class adviser.
109238470149,Patricia De Leon,Middle,False,2,None,Married / Intact,False,With Both Parents,False,Both Parents,"₱25,000 - ₱49,999 (Middle)",College Degree,High,True,False,Both parents present and maintain regular communication with class adviser.
109238470150,Joshua Flores,Eldest,True,4,None,Married / Intact,False,With Both Parents,False,Both Parents,"₱25,000 - ₱49,999 (Middle)",College Degree,High,True,False,Both parents present and maintain regular communication with class adviser.
109238470151,Sofia De Leon,Middle,False,2,None,Married / Intact,False,With Both Parents,False,Both Parents,"₱25,000 - ₱49,999 (Middle)",College Degree,High,True,False,Both parents present and maintain regular communication with class adviser.
109238470152,Bea De Leon,Middle,False,2,None,Married / Intact,False,With Both Parents,False,Both Parents,"₱25,000 - ₱49,999 (Middle)",College Degree,High,True,False,Both parents present and maintain regular communication with class adviser.
109238470153,Justin Alcantara,Eldest,True,4,None,Married / Intact,False,With Both Parents,False,Both Parents,"₱25,000 - ₱49,999 (Middle)",College Degree,High,True,False,Both parents present and maintain regular communication with class adviser.
109238470154,Kathleen Soriano,Middle,False,2,None,Married / Intact,False,With Both Parents,False,Both Parents,"₱25,000 - ₱49,999 (Middle)",College Degree,High,True,False,Both parents present and maintain regular communication with class adviser.
109238470155,Cedric Gonzales,Middle,False,2,None,Married / Intact,False,With Both Parents,False,Both Parents,"₱25,000 - ₱49,999 (Middle)",College Degree,High,True,False,Both parents present and maintain regular communication with class adviser.
109238470156,Sebastian Dimaculangan,Eldest,True,4,None,Married / Intact,False,With Both Parents,False,Both Parents,"₱25,000 - ₱49,999 (Middle)",College Degree,High,True,False,Both parents present and maintain regular communication with class adviser.
109238470157,Lucas Domingo,Middle,False,2,None,Married / Intact,False,With Both Parents,False,Both Parents,"₱25,000 - ₱49,999 (Middle)",College Degree,High,True,False,Both parents present and maintain regular communication with class adviser.
109238470158,Matthew Cruz,Middle,False,2,None,Married / Intact,False,With Both Parents,False,Both Parents,"₱25,000 - ₱49,999 (Middle)",College Degree,High,True,False,Both parents present and maintain regular communication with class adviser.
109238470159,Dominic Castro,Eldest,True,4,None,Married / Intact,False,With Both Parents,False,Both Parents,"₱25,000 - ₱49,999 (Middle)",College Degree,High,True,False,Both parents present and maintain regular communication with class adviser.
109238470160,Camille Lim,Middle,False,2,None,Married / Intact,False,With Both Parents,False,Both Parents,"₱25,000 - ₱49,999 (Middle)",College Degree,High,True,False,Both parents present and maintain regular communication with class adviser.
109238470161,Diego Tolentino,Middle,False,2,None,Married / Intact,False,With Both Parents,False,Both Parents,"₱25,000 - ₱49,999 (Middle)",College Degree,High,True,False,Both parents present and maintain regular communication with class adviser.
109238470162,Matthew Cruz,Eldest,True,4,None,Married / Intact,False,With Both Parents,False,Both Parents,"₱25,000 - ₱49,999 (Middle)",College Degree,High,True,False,Both parents present and maintain regular communication with class adviser.
109238470163,Chloe Torres,Middle,False,2,None,Married / Intact,False,With Both Parents,False,Both Parents,"₱25,000 - ₱49,999 (Middle)",College Degree,High,True,False,Both parents present and maintain regular communication with class adviser.
109238470164,Daniel Manalo,Middle,False,2,None,Married / Intact,False,With Both Parents,False,Both Parents,"₱25,000 - ₱49,999 (Middle)",College Degree,High,True,False,Both parents present and maintain regular communication with class adviser.
109238470165,Matthew Tolentino,Eldest,True,4,None,Married / Intact,False,With Both Parents,False,Both Parents,"₱25,000 - ₱49,999 (Middle)",College Degree,High,True,False,Both parents present and maintain regular communication with class adviser.
109238470166,Diego Lim,Middle,False,2,None,Married / Intact,False,With Both Parents,False,Both Parents,"₱25,000 - ₱49,999 (Middle)",College Degree,High,True,False,Both parents present and maintain regular communication with class adviser.
109238470167,Adrian Ramos,Middle,False,2,None,Married / Intact,False,With Both Parents,False,Both Parents,"₱25,000 - ₱49,999 (Middle)",College Degree,High,True,False,Both parents present and maintain regular communication with class adviser.
109238470168,Rochelle Corpuz,Eldest,True,4,None,Married / Intact,False,With Both Parents,False,Both Parents,"₱25,000 - ₱49,999 (Middle)",College Degree,High,True,False,Both parents present and maintain regular communication with class adviser.
109238470169,Samantha Nicole Villanueva,Middle,False,2,None,Married / Intact,False,With Both Parents,False,Both Parents,"₱25,000 - ₱49,999 (Middle)",College Degree,High,True,False,Both parents present and maintain regular communication with class adviser.
109238470170,Martin Dela Cruz,Middle,False,2,Father OFW,Married / Intact,False,With Relatives / Extended,True,Grandmother / Aunt,"Below ₱10,000 (Low Income)",High School,Unresponsive,False,True,Both parents overseas/working long shifts; student shoulders heavy sibling domestic duties (panganay burden).
109238470171,Trisha Padilla,Eldest,True,4,None,Married / Intact,False,With Both Parents,False,Both Parents,"₱25,000 - ₱49,999 (Middle)",College Degree,High,True,False,Both parents present and maintain regular communication with class adviser.
109238470172,Miguel Castillo,Middle,False,2,None,Married / Intact,False,With Both Parents,False,Both Parents,"₱25,000 - ₱49,999 (Middle)",College Degree,High,True,False,Both parents present and maintain regular communication with class adviser.
109238470173,Jose Reyes,Middle,False,2,None,Married / Intact,False,With Both Parents,False,Both Parents,"₱25,000 - ₱49,999 (Middle)",College Degree,High,True,False,Both parents present and maintain regular communication with class adviser.
109238470174,Lorenzo Ramos,Eldest,True,4,None,Married / Intact,False,With Both Parents,False,Both Parents,"₱25,000 - ₱49,999 (Middle)",College Degree,High,True,False,Both parents present and maintain regular communication with class adviser.
109238470175,Matthew Domingo,Middle,False,2,None,Married / Intact,False,With Both Parents,False,Both Parents,"₱25,000 - ₱49,999 (Middle)",College Degree,High,True,False,Both parents present and maintain regular communication with class adviser.
109238470176,Jasmine Cruz,Middle,False,2,None,Married / Intact,False,With Both Parents,False,Both Parents,"₱25,000 - ₱49,999 (Middle)",College Degree,High,True,False,Both parents present and maintain regular communication with class adviser.
109238470177,Angelica Ocampo,Eldest,True,4,None,Married / Intact,False,With Both Parents,False,Both Parents,"₱25,000 - ₱49,999 (Middle)",College Degree,High,True,False,Both parents present and maintain regular communication with class adviser.
109238470178,Janine Mendoza,Middle,False,2,None,Married / Intact,False,With Both Parents,False,Both Parents,"₱25,000 - ₱49,999 (Middle)",College Degree,High,True,False,Both parents present and maintain regular communication with class adviser.
109238470179,Clarisse Reyes,Middle,False,2,None,Married / Intact,False,With Both Parents,False,Both Parents,"₱25,000 - ₱49,999 (Middle)",College Degree,High,True,False,Both parents present and maintain regular communication with class adviser.
109238470180,Adrian Garcia,Eldest,True,4,None,Married / Intact,False,With Both Parents,False,Both Parents,"₱25,000 - ₱49,999 (Middle)",College Degree,High,True,False,Both parents present and maintain regular communication with class adviser.
109238470181,Patricia De Leon,Middle,False,2,None,Married / Intact,False,With Both Parents,False,Both Parents,"₱25,000 - ₱49,999 (Middle)",College Degree,High,True,False,Both parents present and maintain regular communication with class adviser.
109238470182,Kathryn Castro,Middle,False,2,None,Married / Intact,False,With Both Parents,False,Both Parents,"₱25,000 - ₱49,999 (Middle)",College Degree,High,True,False,Both parents present and maintain regular communication with class adviser.
109238470183,Kathryn Tolentino,Eldest,True,4,None,Married / Intact,False,With Both Parents,False,Both Parents,"₱25,000 - ₱49,999 (Middle)",College Degree,High,True,False,Both parents present and maintain regular communication with class adviser.
109238470184,Justin Ramos,Middle,False,2,None,Married / Intact,False,With Both Parents,False,Both Parents,"₱25,000 - ₱49,999 (Middle)",College Degree,High,True,False,Both parents present and maintain regular communication with class adviser.
109238470185,Cecilia Mendoza,Middle,False,2,None,Married / Intact,False,With Both Parents,False,Both Parents,"₱25,000 - ₱49,999 (Middle)",College Degree,High,True,False,Both parents present and maintain regular communication with class adviser.
109238470186,Lorenzo Santos,Eldest,True,4,None,Married / Intact,False,With Both Parents,False,Both Parents,"₱25,000 - ₱49,999 (Middle)",College Degree,High,True,False,Both parents present and maintain regular communication with class adviser.
109238470187,Camille Dela Cruz,Middle,False,2,None,Married / Intact,False,With Both Parents,False,Both Parents,"₱25,000 - ₱49,999 (Middle)",College Degree,High,True,False,Both parents present and maintain regular communication with class adviser.
109238470188,Francis Lim,Middle,False,2,None,Married / Intact,False,With Both Parents,False,Both Parents,"₱25,000 - ₱49,999 (Middle)",College Degree,High,True,False,Both parents present and maintain regular communication with class adviser.
109238470189,Lance Garcia,Eldest,True,4,None,Married / Intact,False,With Both Parents,False,Both Parents,"₱25,000 - ₱49,999 (Middle)",College Degree,High,True,False,Both parents present and maintain regular communication with class adviser.
109238470190,Paolo Torres,Middle,False,2,Father OFW,Married / Intact,False,With Relatives / Extended,True,Grandmother / Aunt,"Below ₱10,000 (Low Income)",High School,Unresponsive,False,True,Both parents overseas/working long shifts; student shoulders heavy sibling domestic duties (panganay burden).
109238470191,Angela Navarro,Middle,False,2,None,Married / Intact,False,With Both Parents,False,Both Parents,"₱25,000 - ₱49,999 (Middle)",College Degree,High,True,False,Both parents present and maintain regular communication with class adviser.
109238470192,Andrea Mendoza,Eldest,True,4,None,Married / Intact,False,With Both Parents,False,Both Parents,"₱25,000 - ₱49,999 (Middle)",College Degree,High,True,False,Both parents present and maintain regular communication with class adviser.
109238470193,Grace Manalo,Middle,False,2,None,Married / Intact,False,With Both Parents,False,Both Parents,"₱25,000 - ₱49,999 (Middle)",College Degree,High,True,False,Both parents present and maintain regular communication with class adviser.
109238470194,Camille Santos,Middle,False,2,None,Married / Intact,False,With Both Parents,False,Both Parents,"₱25,000 - ₱49,999 (Middle)",College Degree,High,True,False,Both parents present and maintain regular communication with class adviser.
109238470195,Rafael Corpuz,Eldest,True,4,None,Married / Intact,False,With Both Parents,False,Both Parents,"₱25,000 - ₱49,999 (Middle)",College Degree,High,True,False,Both parents present and maintain regular communication with class adviser.
109238470196,Angelica Soriano,Middle,False,2,None,Married / Intact,False,With Both Parents,False,Both Parents,"₱25,000 - ₱49,999 (Middle)",College Degree,High,True,False,Both parents present and maintain regular communication with class adviser.
109238470197,Andrea Cruz,Middle,False,2,None,Married / Intact,False,With Both Parents,False,Both Parents,"₱25,000 - ₱49,999 (Middle)",College Degree,High,True,False,Both parents present and maintain regular communication with class adviser.
109238470198,Joy Padilla,Eldest,True,4,None,Married / Intact,False,With Both Parents,False,Both Parents,"₱25,000 - ₱49,999 (Middle)",College Degree,High,True,False,Both parents present and maintain regular communication with class adviser.
109238470199,Clarisse De Leon,Middle,False,2,None,Married / Intact,False,With Both Parents,False,Both Parents,"₱25,000 - ₱49,999 (Middle)",College Degree,High,True,False,Both parents present and maintain regular communication with class adviser.
109238470200,Lorenzo Reyes,Middle,False,2,None,Married / Intact,False,With Both Parents,False,Both Parents,"₱25,000 - ₱49,999 (Middle)",College Degree,High,True,False,Both parents present and maintain regular communication with class adviser.
109238470201,Therese Soriano,Eldest,True,4,None,Married / Intact,False,With Both Parents,False,Both Parents,"₱25,000 - ₱49,999 (Middle)",College Degree,High,True,False,Both parents present and maintain regular communication with class adviser.
109238470202,Jerome Padilla,Middle,False,2,None,Married / Intact,False,With Both Parents,False,Both Parents,"₱25,000 - ₱49,999 (Middle)",College Degree,High,True,False,Both parents present and maintain regular communication with class adviser.
109238470203,Carlos Santos,Middle,False,2,None,Married / Intact,False,With Both Parents,False,Both Parents,"₱25,000 - ₱49,999 (Middle)",College Degree,High,True,False,Both parents present and maintain regular communication with class adviser.
109238470204,Adrian Flores,Eldest,True,4,None,Married / Intact,False,With Both Parents,False,Both Parents,"₱25,000 - ₱49,999 (Middle)",College Degree,High,True,False,Both parents present and maintain regular communication with class adviser.
109238470205,Lance Valdez,Middle,False,2,None,Married / Intact,False,With Both Parents,False,Both Parents,"₱25,000 - ₱49,999 (Middle)",College Degree,High,True,False,Both parents present and maintain regular communication with class adviser.
109238470206,Bianca Torres,Middle,False,2,None,Married / Intact,False,With Both Parents,False,Both Parents,"₱25,000 - ₱49,999 (Middle)",College Degree,High,True,False,Both parents present and maintain regular communication with class adviser.
109238470207,Anthony Bautista,Eldest,True,4,Father OFW,Married / Intact,False,With Relatives / Extended,True,Grandmother / Aunt,"Below ₱10,000 (Low Income)",High School,Unresponsive,False,True,Both parents overseas/working long shifts; student shoulders heavy sibling domestic duties (panganay burden).
109238470208,Anthony Aquino,Middle,False,2,None,Married / Intact,False,With Both Parents,False,Both Parents,"₱25,000 - ₱49,999 (Middle)",College Degree,High,True,False,Both parents present and maintain regular communication with class adviser.
109238470209,Elijah Manalo,Middle,False,2,None,Married / Intact,False,With Both Parents,False,Both Parents,"₱25,000 - ₱49,999 (Middle)",College Degree,High,True,False,Both parents present and maintain regular communication with class adviser.
109238470210,Therese Navarro,Eldest,True,4,None,Married / Intact,False,With Both Parents,False,Both Parents,"₱25,000 - ₱49,999 (Middle)",College Degree,High,True,False,Both parents present and maintain regular communication with class adviser.
109238470211,Tristan Villanueva,Middle,False,2,None,Married / Intact,False,With Both Parents,False,Both Parents,"₱25,000 - ₱49,999 (Middle)",College Degree,High,True,False,Both parents present and maintain regular communication with class adviser.
109238470212,Angelica Padilla,Middle,False,2,None,Married / Intact,False,With Both Parents,False,Both Parents,"₱25,000 - ₱49,999 (Middle)",College Degree,High,True,False,Both parents present and maintain regular communication with class adviser.
109238470213,Angelo Bautista,Eldest,True,4,None,Married / Intact,False,With Both Parents,False,Both Parents,"₱25,000 - ₱49,999 (Middle)",College Degree,High,True,False,Both parents present and maintain regular communication with class adviser.
109238470214,Lorenzo Aquino,Middle,False,2,None,Married / Intact,False,With Both Parents,False,Both Parents,"₱25,000 - ₱49,999 (Middle)",College Degree,High,True,False,Both parents present and maintain regular communication with class adviser.
109238470215,Grace Pascual,Middle,False,2,None,Married / Intact,False,With Both Parents,False,Both Parents,"₱25,000 - ₱49,999 (Middle)",College Degree,High,True,False,Both parents present and maintain regular communication with class adviser.
109238470216,Miguel Cruz,Eldest,True,4,None,Married / Intact,False,With Both Parents,False,Both Parents,"₱25,000 - ₱49,999 (Middle)",College Degree,High,True,False,Both parents present and maintain regular communication with class adviser.
109238470217,Karl Santiago,Middle,False,2,None,Married / Intact,False,With Both Parents,False,Both Parents,"₱25,000 - ₱49,999 (Middle)",College Degree,High,True,False,Both parents present and maintain regular communication with class adviser.
109238470218,Joshua Padilla,Middle,False,2,None,Married / Intact,False,With Both Parents,False,Both Parents,"₱25,000 - ₱49,999 (Middle)",College Degree,High,True,False,Both parents present and maintain regular communication with class adviser.
109238470219,Rafael Villanueva,Eldest,True,4,None,Married / Intact,False,With Both Parents,False,Both Parents,"₱25,000 - ₱49,999 (Middle)",College Degree,High,True,False,Both parents present and maintain regular communication with class adviser.
109238470220,Camille Domingo,Middle,False,2,None,Married / Intact,False,With Both Parents,False,Both Parents,"₱25,000 - ₱49,999 (Middle)",College Degree,High,True,False,Both parents present and maintain regular communication with class adviser.
109238470221,Erika Dimaculangan,Middle,False,2,None,Married / Intact,False,With Both Parents,False,Both Parents,"₱25,000 - ₱49,999 (Middle)",College Degree,High,True,False,Both parents present and maintain regular communication with class adviser.
109238470222,Matthew Ocampo,Eldest,True,4,None,Married / Intact,False,With Both Parents,False,Both Parents,"₱25,000 - ₱49,999 (Middle)",College Degree,High,True,False,Both parents present and maintain regular communication with class adviser.
109238470223,Alyssa Rivera,Middle,False,2,Father OFW,Married / Intact,False,With Relatives / Extended,True,Grandmother / Aunt,"Below ₱10,000 (Low Income)",High School,Unresponsive,False,True,Both parents overseas/working long shifts; student shoulders heavy sibling domestic duties (panganay burden).
109238470224,Sebastian Villanueva,Middle,False,2,None,Married / Intact,False,With Both Parents,False,Both Parents,"₱25,000 - ₱49,999 (Middle)",College Degree,High,True,False,Both parents present and maintain regular communication with class adviser.
109238470225,Cecilia Mercado,Eldest,True,4,None,Married / Intact,False,With Both Parents,False,Both Parents,"₱25,000 - ₱49,999 (Middle)",College Degree,High,True,False,Both parents present and maintain regular communication with class adviser.
109238470226,Jerome Reyes,Middle,False,2,None,Married / Intact,False,With Both Parents,False,Both Parents,"₱25,000 - ₱49,999 (Middle)",College Degree,High,True,False,Both parents present and maintain regular communication with class adviser.
109238470227,Francis Ocampo,Middle,False,2,None,Married / Intact,False,With Both Parents,False,Both Parents,"₱25,000 - ₱49,999 (Middle)",College Degree,High,True,False,Both parents present and maintain regular communication with class adviser.
109238470228,Joshua Santiago,Eldest,True,4,None,Married / Intact,False,With Both Parents,False,Both Parents,"₱25,000 - ₱49,999 (Middle)",College Degree,High,True,False,Both parents present and maintain regular communication with class adviser.
109238470229,Mark Mendoza,Middle,False,2,None,Married / Intact,False,With Both Parents,False,Both Parents,"₱25,000 - ₱49,999 (Middle)",College Degree,High,True,False,Both parents present and maintain regular communication with class adviser.
109238470230,Chloe Navarro,Middle,False,2,None,Married / Intact,False,With Both Parents,False,Both Parents,"₱25,000 - ₱49,999 (Middle)",College Degree,High,True,False,Both parents present and maintain regular communication with class adviser.
109238470231,Faith Navarro,Eldest,True,4,None,Married / Intact,False,With Both Parents,False,Both Parents,"₱25,000 - ₱49,999 (Middle)",College Degree,High,True,False,Both parents present and maintain regular communication with class adviser.
109238470232,Nathan Torres,Middle,False,2,Father OFW,Married / Intact,False,With Relatives / Extended,True,Grandmother / Aunt,"Below ₱10,000 (Low Income)",High School,Unresponsive,False,True,Both parents overseas/working long shifts; student shoulders heavy sibling domestic duties (panganay burden).
109238470233,Andrea Ramos,Middle,False,2,None,Married / Intact,False,With Both Parents,False,Both Parents,"₱25,000 - ₱49,999 (Middle)",College Degree,High,True,False,Both parents present and maintain regular communication with class adviser.
109238470234,Elijah Lim,Eldest,True,4,None,Married / Intact,False,With Both Parents,False,Both Parents,"₱25,000 - ₱49,999 (Middle)",College Degree,High,True,False,Both parents present and maintain regular communication with class adviser.
109238470235,Andrea Rivera,Middle,False,2,None,Married / Intact,False,With Both Parents,False,Both Parents,"₱25,000 - ₱49,999 (Middle)",College Degree,High,True,False,Both parents present and maintain regular communication with class adviser.
109238470236,Mariel Rivera,Middle,False,2,None,Married / Intact,False,With Both Parents,False,Both Parents,"₱25,000 - ₱49,999 (Middle)",College Degree,High,True,False,Both parents present and maintain regular communication with class adviser.
109238470237,Vincent Santiago,Eldest,True,4,None,Married / Intact,False,With Both Parents,False,Both Parents,"₱25,000 - ₱49,999 (Middle)",College Degree,High,True,False,Both parents present and maintain regular communication with class adviser.
109238470238,Diego Pascual,Middle,False,2,None,Married / Intact,False,With Both Parents,False,Both Parents,"₱25,000 - ₱49,999 (Middle)",College Degree,High,True,False,Both parents present and maintain regular communication with class adviser.
109238470239,Benedict Rivera,Middle,False,2,None,Married / Intact,False,With Both Parents,False,Both Parents,"₱25,000 - ₱49,999 (Middle)",College Degree,High,True,False,Both parents present and maintain regular communication with class adviser.
109238470240,Janine Domingo,Eldest,True,4,None,Married / Intact,False,With Both Parents,False,Both Parents,"₱25,000 - ₱49,999 (Middle)",College Degree,High,True,False,Both parents present and maintain regular communication with class adviser.
109238470241,Benedict Padilla,Middle,False,2,None,Married / Intact,False,With Both Parents,False,Both Parents,"₱25,000 - ₱49,999 (Middle)",College Degree,High,True,False,Both parents present and maintain regular communication with class adviser.
109238470242,Joy Salazar,Middle,False,2,None,Married / Intact,False,With Both Parents,False,Both Parents,"₱25,000 - ₱49,999 (Middle)",College Degree,High,True,False,Both parents present and maintain regular communication with class adviser.
109238470243,Francis Bautista,Eldest,True,4,None,Married / Intact,False,With Both Parents,False,Both Parents,"₱25,000 - ₱49,999 (Middle)",College Degree,High,True,False,Both parents present and maintain regular communication with class adviser.
109238470244,Emman Ramos,Middle,False,2,None,Married / Intact,False,With Both Parents,False,Both Parents,"₱25,000 - ₱49,999 (Middle)",College Degree,High,True,False,Both parents present and maintain regular communication with class adviser.
109238470245,Cedric Corpuz,Middle,False,2,None,Married / Intact,False,With Both Parents,False,Both Parents,"₱25,000 - ₱49,999 (Middle)",College Degree,High,True,False,Both parents present and maintain regular communication with class adviser.
109238470246,Simon Garcia,Eldest,True,4,None,Married / Intact,False,With Both Parents,False,Both Parents,"₱25,000 - ₱49,999 (Middle)",College Degree,High,True,False,Both parents present and maintain regular communication with class adviser.
109238470247,Justin Padilla,Middle,False,2,None,Married / Intact,False,With Both Parents,False,Both Parents,"₱25,000 - ₱49,999 (Middle)",College Degree,High,True,False,Both parents present and maintain regular communication with class adviser.
109238470248,John Carlo Dela Cruz,Middle,False,2,Father OFW,Married / Intact,False,With Relatives / Extended,True,Grandmother / Aunt,"Below ₱10,000 (Low Income)",High School,Unresponsive,False,True,Both parents overseas/working long shifts; student shoulders heavy sibling domestic duties (panganay burden).
109238470249,Alyssa Santiago,Eldest,True,4,None,Married / Intact,False,With Both Parents,False,Both Parents,"₱25,000 - ₱49,999 (Middle)",College Degree,High,True,False,Both parents present and maintain regular communication with class adviser.
109238470250,Chloe Soriano,Middle,False,2,None,Married / Intact,False,With Both Parents,False,Both Parents,"₱25,000 - ₱49,999 (Middle)",College Degree,High,True,False,Both parents present and maintain regular communication with class adviser.
109238470251,Mariel Ramos,Middle,False,2,None,Married / Intact,False,With Both Parents,False,Both Parents,"₱25,000 - ₱49,999 (Middle)",College Degree,High,True,False,Both parents present and maintain regular communication with class adviser.
109238470252,Karl Castillo,Eldest,True,4,None,Married / Intact,False,With Both Parents,False,Both Parents,"₱25,000 - ₱49,999 (Middle)",College Degree,High,True,False,Both parents present and maintain regular communication with class adviser.
109238470253,Justin Aquino,Middle,False,2,None,Married / Intact,False,With Both Parents,False,Both Parents,"₱25,000 - ₱49,999 (Middle)",College Degree,High,True,False,Both parents present and maintain regular communication with class adviser.
109238470254,Alyssa Castillo,Middle,False,2,None,Married / Intact,False,With Both Parents,False,Both Parents,"₱25,000 - ₱49,999 (Middle)",College Degree,High,True,False,Both parents present and maintain regular communication with class adviser.
109238470255,Elijah Tolentino,Eldest,True,4,None,Married / Intact,False,With Both Parents,False,Both Parents,"₱25,000 - ₱49,999 (Middle)",College Degree,High,True,False,Both parents present and maintain regular communication with class adviser.
109238470256,Martin Santiago,Middle,False,2,None,Married / Intact,False,With Both Parents,False,Both Parents,"₱25,000 - ₱49,999 (Middle)",College Degree,High,True,False,Both parents present and maintain regular communication with class adviser.
109238470257,Andrea De Leon,Middle,False,2,None,Married / Intact,False,With Both Parents,False,Both Parents,"₱25,000 - ₱49,999 (Middle)",College Degree,High,True,False,Both parents present and maintain regular communication with class adviser.
109238470258,Justin Dimaculangan,Eldest,True,4,None,Married / Intact,False,With Both Parents,False,Both Parents,"₱25,000 - ₱49,999 (Middle)",College Degree,High,True,False,Both parents present and maintain regular communication with class adviser.
109238470259,Christian Castro,Middle,False,2,None,Married / Intact,False,With Both Parents,False,Both Parents,"₱25,000 - ₱49,999 (Middle)",College Degree,High,True,False,Both parents present and maintain regular communication with class adviser.
109238470260,Alyssa Soriano,Middle,False,2,None,Married / Intact,False,With Both Parents,False,Both Parents,"₱25,000 - ₱49,999 (Middle)",College Degree,High,True,False,Both parents present and maintain regular communication with class adviser.
109238470261,Princess Mae Villanueva,Eldest,True,4,None,Married / Intact,False,With Both Parents,False,Both Parents,"₱25,000 - ₱49,999 (Middle)",College Degree,High,True,False,Both parents present and maintain regular communication with class adviser.
109238470262,Benedict Flores,Middle,False,2,None,Married / Intact,False,With Both Parents,False,Both Parents,"₱25,000 - ₱49,999 (Middle)",College Degree,High,True,False,Both parents present and maintain regular communication with class adviser.
109238470263,Jerome Flores,Middle,False,2,None,Married / Intact,False,With Both Parents,False,Both Parents,"₱25,000 - ₱49,999 (Middle)",College Degree,High,True,False,Both parents present and maintain regular communication with class adviser.
109238470264,Jasmine Gonzales,Eldest,True,4,None,Married / Intact,False,With Both Parents,False,Both Parents,"₱25,000 - ₱49,999 (Middle)",College Degree,High,True,False,Both parents present and maintain regular communication with class adviser.
109238470265,Liza Garcia,Middle,False,2,None,Married / Intact,False,With Both Parents,False,Both Parents,"₱25,000 - ₱49,999 (Middle)",College Degree,High,True,False,Both parents present and maintain regular communication with class adviser.
109238470266,Christian Navarro,Middle,False,2,None,Married / Intact,False,With Both Parents,False,Both Parents,"₱25,000 - ₱49,999 (Middle)",College Degree,High,True,False,Both parents present and maintain regular communication with class adviser.
109238470267,Paolo Mendoza,Eldest,True,4,None,Married / Intact,False,With Both Parents,False,Both Parents,"₱25,000 - ₱49,999 (Middle)",College Degree,High,True,False,Both parents present and maintain regular communication with class adviser.
109238470268,Joshua San Jose,Middle,False,2,None,Married / Intact,False,With Both Parents,False,Both Parents,"₱25,000 - ₱49,999 (Middle)",College Degree,High,True,False,Both parents present and maintain regular communication with class adviser.
109238470269,Anthony Mendoza,Middle,False,2,None,Married / Intact,False,With Both Parents,False,Both Parents,"₱25,000 - ₱49,999 (Middle)",College Degree,High,True,False,Both parents present and maintain regular communication with class adviser.
109238470270,Vanessa Mendoza,Eldest,True,4,None,Married / Intact,False,With Both Parents,False,Both Parents,"₱25,000 - ₱49,999 (Middle)",College Degree,High,True,False,Both parents present and maintain regular communication with class adviser.
109238470271,Bernadette De Leon,Middle,False,2,None,Married / Intact,False,With Both Parents,False,Both Parents,"₱25,000 - ₱49,999 (Middle)",College Degree,High,True,False,Both parents present and maintain regular communication with class adviser.
109238470272,Cecilia Bautista,Middle,False,2,None,Married / Intact,False,With Both Parents,False,Both Parents,"₱25,000 - ₱49,999 (Middle)",College Degree,High,True,False,Both parents present and maintain regular communication with class adviser.
109238470273,Nicole Rivera,Eldest,True,4,None,Married / Intact,False,With Both Parents,False,Both Parents,"₱25,000 - ₱49,999 (Middle)",College Degree,High,True,False,Both parents present and maintain regular communication with class adviser.
109238470274,Joaquin Domingo,Middle,False,2,None,Married / Intact,False,With Both Parents,False,Both Parents,"₱25,000 - ₱49,999 (Middle)",College Degree,High,True,False,Both parents present and maintain regular communication with class adviser.
109238470275,Kathleen Corpuz,Middle,False,2,None,Married / Intact,False,With Both Parents,False,Both Parents,"₱25,000 - ₱49,999 (Middle)",College Degree,High,True,False,Both parents present and maintain regular communication with class adviser.
109238470276,Benedict Flores,Eldest,True,4,None,Married / Intact,False,With Both Parents,False,Both Parents,"₱25,000 - ₱49,999 (Middle)",College Degree,High,True,False,Both parents present and maintain regular communication with class adviser.
109238470277,Nicole Castro,Middle,False,2,None,Married / Intact,False,With Both Parents,False,Both Parents,"₱25,000 - ₱49,999 (Middle)",College Degree,High,True,False,Both parents present and maintain regular communication with class adviser.
109238470278,Karl Garcia,Middle,False,2,None,Married / Intact,False,With Both Parents,False,Both Parents,"₱25,000 - ₱49,999 (Middle)",College Degree,High,True,False,Both parents present and maintain regular communication with class adviser.
109238470279,Chloe Cruz,Eldest,True,4,None,Married / Intact,False,With Both Parents,False,Both Parents,"₱25,000 - ₱49,999 (Middle)",College Degree,High,True,False,Both parents present and maintain regular communication with class adviser.
109238470280,Timothy Corpuz,Middle,False,2,None,Married / Intact,False,With Both Parents,False,Both Parents,"₱25,000 - ₱49,999 (Middle)",College Degree,High,True,False,Both parents present and maintain regular communication with class adviser.
109238470281,Grace San Jose,Middle,False,2,None,Married / Intact,False,With Both Parents,False,Both Parents,"₱25,000 - ₱49,999 (Middle)",College Degree,High,True,False,Both parents present and maintain regular communication with class adviser.
109238470282,Patricia Tolentino,Eldest,True,4,None,Married / Intact,False,With Both Parents,False,Both Parents,"₱25,000 - ₱49,999 (Middle)",College Degree,High,True,False,Both parents present and maintain regular communication with class adviser.
109238470283,Jasmine Lim,Middle,False,2,None,Married / Intact,False,With Both Parents,False,Both Parents,"₱25,000 - ₱49,999 (Middle)",College Degree,High,True,False,Both parents present and maintain regular communication with class adviser.
109238470284,Grace Tolentino,Middle,False,2,None,Married / Intact,False,With Both Parents,False,Both Parents,"₱25,000 - ₱49,999 (Middle)",College Degree,High,True,False,Both parents present and maintain regular communication with class adviser.
109238470285,Alyssa Salazar,Eldest,True,4,None,Married / Intact,False,With Both Parents,False,Both Parents,"₱25,000 - ₱49,999 (Middle)",College Degree,High,True,False,Both parents present and maintain regular communication with class adviser.
109238470286,Maria Clara Aquino,Middle,False,2,None,Married / Intact,False,With Both Parents,False,Both Parents,"₱25,000 - ₱49,999 (Middle)",College Degree,High,True,False,Both parents present and maintain regular communication with class adviser.
109238470287,Carlos Castillo,Middle,False,2,None,Married / Intact,False,With Both Parents,False,Both Parents,"₱25,000 - ₱49,999 (Middle)",College Degree,High,True,False,Both parents present and maintain regular communication with class adviser.
109238470288,Maria Clara Manalo,Eldest,True,4,None,Married / Intact,False,With Both Parents,False,Both Parents,"₱25,000 - ₱49,999 (Middle)",College Degree,High,True,False,Both parents present and maintain regular communication with class adviser.
109238470289,Jasmine Bautista,Middle,False,2,None,Married / Intact,False,With Both Parents,False,Both Parents,"₱25,000 - ₱49,999 (Middle)",College Degree,High,True,False,Both parents present and maintain regular communication with class adviser.
109238470290,Nicole Alcantara,Middle,False,2,None,Married / Intact,False,With Both Parents,False,Both Parents,"₱25,000 - ₱49,999 (Middle)",College Degree,High,True,False,Both parents present and maintain regular communication with class adviser.
109238470291,Mark Santiago,Eldest,True,4,None,Married / Intact,False,With Both Parents,False,Both Parents,"₱25,000 - ₱49,999 (Middle)",College Degree,High,True,False,Both parents present and maintain regular communication with class adviser.
109238470292,Mark Lim,Middle,False,2,None,Married / Intact,False,With Both Parents,False,Both Parents,"₱25,000 - ₱49,999 (Middle)",College Degree,High,True,False,Both parents present and maintain regular communication with class adviser.
109238470293,Clare Mendoza,Middle,False,2,None,Married / Intact,False,With Both Parents,False,Both Parents,"₱25,000 - ₱49,999 (Middle)",College Degree,High,True,False,Both parents present and maintain regular communication with class adviser.
109238470294,Bea Flores,Eldest,True,4,None,Married / Intact,False,With Both Parents,False,Both Parents,"₱25,000 - ₱49,999 (Middle)",College Degree,High,True,False,Both parents present and maintain regular communication with class adviser.
109238470295,Cedric Torres,Middle,False,2,None,Married / Intact,False,With Both Parents,False,Both Parents,"₱25,000 - ₱49,999 (Middle)",College Degree,High,True,False,Both parents present and maintain regular communication with class adviser.
109238470296,Chloe Corpuz,Middle,False,2,None,Married / Intact,False,With Both Parents,False,Both Parents,"₱25,000 - ₱49,999 (Middle)",College Degree,High,True,False,Both parents present and maintain regular communication with class adviser.
109238470297,Sofia Morales,Eldest,True,4,None,Married / Intact,False,With Both Parents,False,Both Parents,"₱25,000 - ₱49,999 (Middle)",College Degree,High,True,False,Both parents present and maintain regular communication with class adviser.
109238470298,Vincent Tolentino,Middle,False,2,None,Married / Intact,False,With Both Parents,False,Both Parents,"₱25,000 - ₱49,999 (Middle)",College Degree,High,True,False,Both parents present and maintain regular communication with class adviser.
109238470299,Jasmine Ocampo,Middle,False,2,None,Married / Intact,False,With Both Parents,False,Both Parents,"₱25,000 - ₱49,999 (Middle)",College Degree,High,True,False,Both parents present and maintain regular communication with class adviser.
109238470300,Lorenzo Castro,Eldest,True,4,None,Married / Intact,False,With Both Parents,False,Both Parents,"₱25,000 - ₱49,999 (Middle)",College Degree,High,True,False,Both parents present and maintain regular communication with class adviser.
109238470301,Therese Flores,Middle,False,2,None,Married / Intact,False,With Both Parents,False,Both Parents,"₱25,000 - ₱49,999 (Middle)",College Degree,High,True,False,Both parents present and maintain regular communication with class adviser.
109238470302,Samantha Nicole Santiago,Middle,False,2,None,Married / Intact,False,With Both Parents,False,Both Parents,"₱25,000 - ₱49,999 (Middle)",College Degree,High,True,False,Both parents present and maintain regular communication with class adviser.
109238470303,Angelo Aquino,Eldest,True,4,None,Married / Intact,False,With Both Parents,False,Both Parents,"₱25,000 - ₱49,999 (Middle)",College Degree,High,True,False,Both parents present and maintain regular communication with class adviser.
109238470304,Dominic Gonzales,Middle,False,2,None,Married / Intact,False,With Both Parents,False,Both Parents,"₱25,000 - ₱49,999 (Middle)",College Degree,High,True,False,Both parents present and maintain regular communication with class adviser.
109238470305,Trisha Santiago,Middle,False,2,None,Married / Intact,False,With Both Parents,False,Both Parents,"₱25,000 - ₱49,999 (Middle)",College Degree,High,True,False,Both parents present and maintain regular communication with class adviser.
109238470306,Bea Alcantara,Eldest,True,4,Father OFW,Married / Intact,False,With Relatives / Extended,True,Grandmother / Aunt,"Below ₱10,000 (Low Income)",High School,Unresponsive,False,True,Both parents overseas/working long shifts; student shoulders heavy sibling domestic duties (panganay burden).
109238470307,Joshua Padilla,Middle,False,2,None,Married / Intact,False,With Both Parents,False,Both Parents,"₱25,000 - ₱49,999 (Middle)",College Degree,High,True,False,Both parents present and maintain regular communication with class adviser.
109238470308,Patricia Pascual,Middle,False,2,None,Married / Intact,False,With Both Parents,False,Both Parents,"₱25,000 - ₱49,999 (Middle)",College Degree,High,True,False,Both parents present and maintain regular communication with class adviser.
109238470309,Princess Mae Mercado,Eldest,True,4,None,Married / Intact,False,With Both Parents,False,Both Parents,"₱25,000 - ₱49,999 (Middle)",College Degree,High,True,False,Both parents present and maintain regular communication with class adviser.
109238470310,Clarisse Rivera,Middle,False,2,None,Married / Intact,False,With Both Parents,False,Both Parents,"₱25,000 - ₱49,999 (Middle)",College Degree,High,True,False,Both parents present and maintain regular communication with class adviser.
109238470311,Lorenzo Salazar,Middle,False,2,None,Married / Intact,False,With Both Parents,False,Both Parents,"₱25,000 - ₱49,999 (Middle)",College Degree,High,True,False,Both parents present and maintain regular communication with class adviser.
109238470312,Vincent Alcantara,Eldest,True,4,None,Married / Intact,False,With Both Parents,False,Both Parents,"₱25,000 - ₱49,999 (Middle)",College Degree,High,True,False,Both parents present and maintain regular communication with class adviser.
109238470313,Patricia Tolentino,Middle,False,2,None,Married / Intact,False,With Both Parents,False,Both Parents,"₱25,000 - ₱49,999 (Middle)",College Degree,High,True,False,Both parents present and maintain regular communication with class adviser.
109238470314,Daniel Aquino,Middle,False,2,Father OFW,Married / Intact,False,With Relatives / Extended,True,Grandmother / Aunt,"Below ₱10,000 (Low Income)",High School,Unresponsive,False,True,Both parents overseas/working long shifts; student shoulders heavy sibling domestic duties (panganay burden).
109238470315,Faith Flores,Eldest,True,4,None,Married / Intact,False,With Both Parents,False,Both Parents,"₱25,000 - ₱49,999 (Middle)",College Degree,High,True,False,Both parents present and maintain regular communication with class adviser.
109238470316,Dominic Dela Cruz,Middle,False,2,None,Married / Intact,False,With Both Parents,False,Both Parents,"₱25,000 - ₱49,999 (Middle)",College Degree,High,True,False,Both parents present and maintain regular communication with class adviser.
109238470317,Kyle Bautista,Middle,False,2,None,Married / Intact,False,With Both Parents,False,Both Parents,"₱25,000 - ₱49,999 (Middle)",College Degree,High,True,False,Both parents present and maintain regular communication with class adviser.
109238470318,Elijah Lim,Eldest,True,4,None,Married / Intact,False,With Both Parents,False,Both Parents,"₱25,000 - ₱49,999 (Middle)",College Degree,High,True,False,Both parents present and maintain regular communication with class adviser.
109238470319,Clare Aquino,Middle,False,2,None,Married / Intact,False,With Both Parents,False,Both Parents,"₱25,000 - ₱49,999 (Middle)",College Degree,High,True,False,Both parents present and maintain regular communication with class adviser.
109238470320,Althea Castillo,Middle,False,2,Father OFW,Married / Intact,False,With Relatives / Extended,True,Grandmother / Aunt,"Below ₱10,000 (Low Income)",High School,Unresponsive,False,True,Both parents overseas/working long shifts; student shoulders heavy sibling domestic duties (panganay burden).
109238470321,Cedric Castillo,Eldest,True,4,None,Married / Intact,False,With Both Parents,False,Both Parents,"₱25,000 - ₱49,999 (Middle)",College Degree,High,True,False,Both parents present and maintain regular communication with class adviser.
109238470322,Faith Santos,Middle,False,2,None,Married / Intact,False,With Both Parents,False,Both Parents,"₱25,000 - ₱49,999 (Middle)",College Degree,High,True,False,Both parents present and maintain regular communication with class adviser.
109238470323,Matthew Dela Cruz,Middle,False,2,None,Married / Intact,False,With Both Parents,False,Both Parents,"₱25,000 - ₱49,999 (Middle)",College Degree,High,True,False,Both parents present and maintain regular communication with class adviser.
109238470324,Ethan Torres,Eldest,True,4,None,Married / Intact,False,With Both Parents,False,Both Parents,"₱25,000 - ₱49,999 (Middle)",College Degree,High,True,False,Both parents present and maintain regular communication with class adviser.
109238470325,Lance Soriano,Middle,False,2,None,Married / Intact,False,With Both Parents,False,Both Parents,"₱25,000 - ₱49,999 (Middle)",College Degree,High,True,False,Both parents present and maintain regular communication with class adviser.
109238470326,Benedict Corpuz,Middle,False,2,None,Married / Intact,False,With Both Parents,False,Both Parents,"₱25,000 - ₱49,999 (Middle)",College Degree,High,True,False,Both parents present and maintain regular communication with class adviser.
109238470327,Bea Mercado,Eldest,True,4,None,Married / Intact,False,With Both Parents,False,Both Parents,"₱25,000 - ₱49,999 (Middle)",College Degree,High,True,False,Both parents present and maintain regular communication with class adviser.
109238470328,Andrea Garcia,Middle,False,2,None,Married / Intact,False,With Both Parents,False,Both Parents,"₱25,000 - ₱49,999 (Middle)",College Degree,High,True,False,Both parents present and maintain regular communication with class adviser.
109238470329,Janine Villanueva,Middle,False,2,None,Married / Intact,False,With Both Parents,False,Both Parents,"₱25,000 - ₱49,999 (Middle)",College Degree,High,True,False,Both parents present and maintain regular communication with class adviser.
109238470330,Therese Castillo,Eldest,True,4,None,Married / Intact,False,With Both Parents,False,Both Parents,"₱25,000 - ₱49,999 (Middle)",College Degree,High,True,False,Both parents present and maintain regular communication with class adviser.
109238470331,Ethan Torres,Middle,False,2,None,Married / Intact,False,With Both Parents,False,Both Parents,"₱25,000 - ₱49,999 (Middle)",College Degree,High,True,False,Both parents present and maintain regular communication with class adviser.
109238470332,Trisha Garcia,Middle,False,2,None,Married / Intact,False,With Both Parents,False,Both Parents,"₱25,000 - ₱49,999 (Middle)",College Degree,High,True,False,Both parents present and maintain regular communication with class adviser.
109238470333,Adrian Reyes,Eldest,True,4,None,Married / Intact,False,With Both Parents,False,Both Parents,"₱25,000 - ₱49,999 (Middle)",College Degree,High,True,False,Both parents present and maintain regular communication with class adviser.
109238470334,Joy Navarro,Middle,False,2,None,Married / Intact,False,With Both Parents,False,Both Parents,"₱25,000 - ₱49,999 (Middle)",College Degree,High,True,False,Both parents present and maintain regular communication with class adviser.
109238470335,Angelo Mendoza,Middle,False,2,None,Married / Intact,False,With Both Parents,False,Both Parents,"₱25,000 - ₱49,999 (Middle)",College Degree,High,True,False,Both parents present and maintain regular communication with class adviser.
109238470336,Angelo Alcantara,Eldest,True,4,None,Married / Intact,False,With Both Parents,False,Both Parents,"₱25,000 - ₱49,999 (Middle)",College Degree,High,True,False,Both parents present and maintain regular communication with class adviser.
109238470337,Clarisse Mercado,Middle,False,2,None,Married / Intact,False,With Both Parents,False,Both Parents,"₱25,000 - ₱49,999 (Middle)",College Degree,High,True,False,Both parents present and maintain regular communication with class adviser.
109238470338,Andrea Soriano,Middle,False,2,None,Married / Intact,False,With Both Parents,False,Both Parents,"₱25,000 - ₱49,999 (Middle)",College Degree,High,True,False,Both parents present and maintain regular communication with class adviser.
109238470339,Camille Reyes,Eldest,True,4,None,Married / Intact,False,With Both Parents,False,Both Parents,"₱25,000 - ₱49,999 (Middle)",College Degree,High,True,False,Both parents present and maintain regular communication with class adviser.
109238470340,Bernadette Alcantara,Middle,False,2,None,Married / Intact,False,With Both Parents,False,Both Parents,"₱25,000 - ₱49,999 (Middle)",College Degree,High,True,False,Both parents present and maintain regular communication with class adviser.
109238470341,John Carlo Dimaculangan,Middle,False,2,None,Married / Intact,False,With Both Parents,False,Both Parents,"₱25,000 - ₱49,999 (Middle)",College Degree,High,True,False,Both parents present and maintain regular communication with class adviser.
109238470342,Joy Mendoza,Eldest,True,4,Father OFW,Married / Intact,False,With Relatives / Extended,True,Grandmother / Aunt,"Below ₱10,000 (Low Income)",High School,Unresponsive,False,True,Both parents overseas/working long shifts; student shoulders heavy sibling domestic duties (panganay burden).
109238470343,Matthew Ramos,Middle,False,2,None,Married / Intact,False,With Both Parents,False,Both Parents,"₱25,000 - ₱49,999 (Middle)",College Degree,High,True,False,Both parents present and maintain regular communication with class adviser.
109238470344,Alyssa Santiago,Middle,False,2,None,Married / Intact,False,With Both Parents,False,Both Parents,"₱25,000 - ₱49,999 (Middle)",College Degree,High,True,False,Both parents present and maintain regular communication with class adviser.
109238470345,Nathan Manalo,Eldest,True,4,None,Married / Intact,False,With Both Parents,False,Both Parents,"₱25,000 - ₱49,999 (Middle)",College Degree,High,True,False,Both parents present and maintain regular communication with class adviser.
109238470346,Jose Alcantara,Middle,False,2,Father OFW,Married / Intact,False,With Relatives / Extended,True,Grandmother / Aunt,"Below ₱10,000 (Low Income)",High School,Unresponsive,False,True,Both parents overseas/working long shifts; student shoulders heavy sibling domestic duties (panganay burden).
109238470347,Martin Santos,Middle,False,2,None,Married / Intact,False,With Both Parents,False,Both Parents,"₱25,000 - ₱49,999 (Middle)",College Degree,High,True,False,Both parents present and maintain regular communication with class adviser.
109238470348,Lorenzo Mercado,Eldest,True,4,None,Married / Intact,False,With Both Parents,False,Both Parents,"₱25,000 - ₱49,999 (Middle)",College Degree,High,True,False,Both parents present and maintain regular communication with class adviser.
109238470349,Gabriel Dimaculangan,Middle,False,2,None,Married / Intact,False,With Both Parents,False,Both Parents,"₱25,000 - ₱49,999 (Middle)",College Degree,High,True,False,Both parents present and maintain regular communication with class adviser.
109238470350,Simon Pascual,Middle,False,2,None,Married / Intact,False,With Both Parents,False,Both Parents,"₱25,000 - ₱49,999 (Middle)",College Degree,High,True,False,Both parents present and maintain regular communication with class adviser.
109238470351,Clarisse Gonzales,Eldest,True,4,None,Married / Intact,False,With Both Parents,False,Both Parents,"₱25,000 - ₱49,999 (Middle)",College Degree,High,True,False,Both parents present and maintain regular communication with class adviser.
109238470352,Rochelle Garcia,Middle,False,2,None,Married / Intact,False,With Both Parents,False,Both Parents,"₱25,000 - ₱49,999 (Middle)",College Degree,High,True,False,Both parents present and maintain regular communication with class adviser.
109238470353,Emman Tolentino,Middle,False,2,None,Married / Intact,False,With Both Parents,False,Both Parents,"₱25,000 - ₱49,999 (Middle)",College Degree,High,True,False,Both parents present and maintain regular communication with class adviser.
109238470354,Camille Gonzales,Eldest,True,4,None,Married / Intact,False,With Both Parents,False,Both Parents,"₱25,000 - ₱49,999 (Middle)",College Degree,High,True,False,Both parents present and maintain regular communication with class adviser.
109238470355,Bernadette Tolentino,Middle,False,2,None,Married / Intact,False,With Both Parents,False,Both Parents,"₱25,000 - ₱49,999 (Middle)",College Degree,High,True,False,Both parents present and maintain regular communication with class adviser.
109238470356,Jasmine Dela Cruz,Middle,False,2,None,Married / Intact,False,With Both Parents,False,Both Parents,"₱25,000 - ₱49,999 (Middle)",College Degree,High,True,False,Both parents present and maintain regular communication with class adviser.
109238470357,Jose Dela Cruz,Eldest,True,4,None,Married / Intact,False,With Both Parents,False,Both Parents,"₱25,000 - ₱49,999 (Middle)",College Degree,High,True,False,Both parents present and maintain regular communication with class adviser.
109238470358,Kathleen Morales,Middle,False,2,None,Married / Intact,False,With Both Parents,False,Both Parents,"₱25,000 - ₱49,999 (Middle)",College Degree,High,True,False,Both parents present and maintain regular communication with class adviser.
109238470359,Kathleen Ramos,Middle,False,2,None,Married / Intact,False,With Both Parents,False,Both Parents,"₱25,000 - ₱49,999 (Middle)",College Degree,High,True,False,Both parents present and maintain regular communication with class adviser.
109238470360,Timothy Dela Cruz,Eldest,True,4,None,Married / Intact,False,With Both Parents,False,Both Parents,"₱25,000 - ₱49,999 (Middle)",College Degree,High,True,False,Both parents present and maintain regular communication with class adviser.
109238470361,Simon Manalo,Middle,False,2,None,Married / Intact,False,With Both Parents,False,Both Parents,"₱25,000 - ₱49,999 (Middle)",College Degree,High,True,False,Both parents present and maintain regular communication with class adviser.
109238470362,Adrian Santos,Middle,False,2,None,Married / Intact,False,With Both Parents,False,Both Parents,"₱25,000 - ₱49,999 (Middle)",College Degree,High,True,False,Both parents present and maintain regular communication with class adviser.
109238470363,Francis Lim,Eldest,True,4,None,Married / Intact,False,With Both Parents,False,Both Parents,"₱25,000 - ₱49,999 (Middle)",College Degree,High,True,False,Both parents present and maintain regular communication with class adviser.
109238470364,Chloe Soriano,Middle,False,2,None,Married / Intact,False,With Both Parents,False,Both Parents,"₱25,000 - ₱49,999 (Middle)",College Degree,High,True,False,Both parents present and maintain regular communication with class adviser.
109238470365,Kyle Villanueva,Middle,False,2,Father OFW,Married / Intact,False,With Relatives / Extended,True,Grandmother / Aunt,"Below ₱10,000 (Low Income)",High School,Unresponsive,False,True,Both parents overseas/working long shifts; student shoulders heavy sibling domestic duties (panganay burden).
109238470366,Francis Salazar,Eldest,True,4,None,Married / Intact,False,With Both Parents,False,Both Parents,"₱25,000 - ₱49,999 (Middle)",College Degree,High,True,False,Both parents present and maintain regular communication with class adviser.
109238470367,Daniel Mendoza,Middle,False,2,None,Married / Intact,False,With Both Parents,False,Both Parents,"₱25,000 - ₱49,999 (Middle)",College Degree,High,True,False,Both parents present and maintain regular communication with class adviser.
109238470368,Justin Lim,Middle,False,2,None,Married / Intact,False,With Both Parents,False,Both Parents,"₱25,000 - ₱49,999 (Middle)",College Degree,High,True,False,Both parents present and maintain regular communication with class adviser.
109238470369,Martin Alcantara,Eldest,True,4,None,Married / Intact,False,With Both Parents,False,Both Parents,"₱25,000 - ₱49,999 (Middle)",College Degree,High,True,False,Both parents present and maintain regular communication with class adviser.
109238470370,Ethan Mendoza,Middle,False,2,None,Married / Intact,False,With Both Parents,False,Both Parents,"₱25,000 - ₱49,999 (Middle)",College Degree,High,True,False,Both parents present and maintain regular communication with class adviser.
109238470371,Trisha Mercado,Middle,False,2,None,Married / Intact,False,With Both Parents,False,Both Parents,"₱25,000 - ₱49,999 (Middle)",College Degree,High,True,False,Both parents present and maintain regular communication with class adviser.
109238470372,Bernadette Santiago,Eldest,True,4,None,Married / Intact,False,With Both Parents,False,Both Parents,"₱25,000 - ₱49,999 (Middle)",College Degree,High,True,False,Both parents present and maintain regular communication with class adviser.
109238470373,Simon Dela Cruz,Middle,False,2,None,Married / Intact,False,With Both Parents,False,Both Parents,"₱25,000 - ₱49,999 (Middle)",College Degree,High,True,False,Both parents present and maintain regular communication with class adviser.
109238470374,Mark Pascual,Middle,False,2,None,Married / Intact,False,With Both Parents,False,Both Parents,"₱25,000 - ₱49,999 (Middle)",College Degree,High,True,False,Both parents present and maintain regular communication with class adviser.
109238470375,Nicole Mendoza,Eldest,True,4,None,Married / Intact,False,With Both Parents,False,Both Parents,"₱25,000 - ₱49,999 (Middle)",College Degree,High,True,False,Both parents present and maintain regular communication with class adviser.
109238470376,Liza Castillo,Middle,False,2,None,Married / Intact,False,With Both Parents,False,Both Parents,"₱25,000 - ₱49,999 (Middle)",College Degree,High,True,False,Both parents present and maintain regular communication with class adviser.
109238470377,Cecilia Lim,Middle,False,2,None,Married / Intact,False,With Both Parents,False,Both Parents,"₱25,000 - ₱49,999 (Middle)",College Degree,High,True,False,Both parents present and maintain regular communication with class adviser.
109238470378,Cedric Gonzales,Eldest,True,4,None,Married / Intact,False,With Both Parents,False,Both Parents,"₱25,000 - ₱49,999 (Middle)",College Degree,High,True,False,Both parents present and maintain regular communication with class adviser.
109238470379,Bea Lim,Middle,False,2,None,Married / Intact,False,With Both Parents,False,Both Parents,"₱25,000 - ₱49,999 (Middle)",College Degree,High,True,False,Both parents present and maintain regular communication with class adviser.
109238470380,Christian Corpuz,Middle,False,2,Father OFW,Married / Intact,False,With Relatives / Extended,True,Grandmother / Aunt,"Below ₱10,000 (Low Income)",High School,Unresponsive,False,True,Both parents overseas/working long shifts; student shoulders heavy sibling domestic duties (panganay burden).
109238470381,Angelo Castro,Eldest,True,4,None,Married / Intact,False,With Both Parents,False,Both Parents,"₱25,000 - ₱49,999 (Middle)",College Degree,High,True,False,Both parents present and maintain regular communication with class adviser.
109238470382,Andrea Villanueva,Middle,False,2,None,Married / Intact,False,With Both Parents,False,Both Parents,"₱25,000 - ₱49,999 (Middle)",College Degree,High,True,False,Both parents present and maintain regular communication with class adviser.
109238470383,Ethan Torres,Middle,False,2,None,Married / Intact,False,With Both Parents,False,Both Parents,"₱25,000 - ₱49,999 (Middle)",College Degree,High,True,False,Both parents present and maintain regular communication with class adviser.
109238470384,Erika Alcantara,Eldest,True,4,None,Married / Intact,False,With Both Parents,False,Both Parents,"₱25,000 - ₱49,999 (Middle)",College Degree,High,True,False,Both parents present and maintain regular communication with class adviser.
109238470385,Lance Villanueva,Middle,False,2,None,Married / Intact,False,With Both Parents,False,Both Parents,"₱25,000 - ₱49,999 (Middle)",College Degree,High,True,False,Both parents present and maintain regular communication with class adviser.
109238470386,Angelo Valdez,Middle,False,2,Father OFW,Married / Intact,False,With Relatives / Extended,True,Grandmother / Aunt,"Below ₱10,000 (Low Income)",High School,Unresponsive,False,True,Both parents overseas/working long shifts; student shoulders heavy sibling domestic duties (panganay burden).
109238470387,Jerome Castro,Eldest,True,4,None,Married / Intact,False,With Both Parents,False,Both Parents,"₱25,000 - ₱49,999 (Middle)",College Degree,High,True,False,Both parents present and maintain regular communication with class adviser.
109238470388,Simon Dela Cruz,Middle,False,2,None,Married / Intact,False,With Both Parents,False,Both Parents,"₱25,000 - ₱49,999 (Middle)",College Degree,High,True,False,Both parents present and maintain regular communication with class adviser.
109238470389,Benedict Lim,Middle,False,2,None,Married / Intact,False,With Both Parents,False,Both Parents,"₱25,000 - ₱49,999 (Middle)",College Degree,High,True,False,Both parents present and maintain regular communication with class adviser.
109238470390,Martin Mendoza,Eldest,True,4,None,Married / Intact,False,With Both Parents,False,Both Parents,"₱25,000 - ₱49,999 (Middle)",College Degree,High,True,False,Both parents present and maintain regular communication with class adviser.
109238470391,Anthony Padilla,Middle,False,2,None,Married / Intact,False,With Both Parents,False,Both Parents,"₱25,000 - ₱49,999 (Middle)",College Degree,High,True,False,Both parents present and maintain regular communication with class adviser.
109238470392,Elijah Cruz,Middle,False,2,None,Married / Intact,False,With Both Parents,False,Both Parents,"₱25,000 - ₱49,999 (Middle)",College Degree,High,True,False,Both parents present and maintain regular communication with class adviser.
109238470393,Bea Ramos,Eldest,True,4,None,Married / Intact,False,With Both Parents,False,Both Parents,"₱25,000 - ₱49,999 (Middle)",College Degree,High,True,False,Both parents present and maintain regular communication with class adviser.
109238470394,Princess Mae Santos,Middle,False,2,None,Married / Intact,False,With Both Parents,False,Both Parents,"₱25,000 - ₱49,999 (Middle)",College Degree,High,True,False,Both parents present and maintain regular communication with class adviser.
109238470395,Dominic Castro,Middle,False,2,None,Married / Intact,False,With Both Parents,False,Both Parents,"₱25,000 - ₱49,999 (Middle)",College Degree,High,True,False,Both parents present and maintain regular communication with class adviser.
109238470396,Clarisse Mercado,Eldest,True,4,None,Married / Intact,False,With Both Parents,False,Both Parents,"₱25,000 - ₱49,999 (Middle)",College Degree,High,True,False,Both parents present and maintain regular communication with class adviser.
109238470397,Justin Bautista,Middle,False,2,None,Married / Intact,False,With Both Parents,False,Both Parents,"₱25,000 - ₱49,999 (Middle)",College Degree,High,True,False,Both parents present and maintain regular communication with class adviser.
109238470398,Jose Santos,Middle,False,2,None,Married / Intact,False,With Both Parents,False,Both Parents,"₱25,000 - ₱49,999 (Middle)",College Degree,High,True,False,Both parents present and maintain regular communication with class adviser.
109238470399,Gabriel Lim,Eldest,True,4,None,Married / Intact,False,With Both Parents,False,Both Parents,"₱25,000 - ₱49,999 (Middle)",College Degree,High,True,False,Both parents present and maintain regular communication with class adviser.
109238470400,Jose Ramos,Middle,False,2,None,Married / Intact,False,With Both Parents,False,Both Parents,"₱25,000 - ₱49,999 (Middle)",College Degree,High,True,False,Both parents present and maintain regular communication with class adviser.
109238470401,Karl Bautista,Middle,False,2,None,Married / Intact,False,With Both Parents,False,Both Parents,"₱25,000 - ₱49,999 (Middle)",College Degree,High,True,False,Both parents present and maintain regular communication with class adviser.
109238470402,Timothy Padilla,Eldest,True,4,None,Married / Intact,False,With Both Parents,False,Both Parents,"₱25,000 - ₱49,999 (Middle)",College Degree,High,True,False,Both parents present and maintain regular communication with class adviser.
109238470403,Ethan Bautista,Middle,False,2,None,Married / Intact,False,With Both Parents,False,Both Parents,"₱25,000 - ₱49,999 (Middle)",College Degree,High,True,False,Both parents present and maintain regular communication with class adviser.
109238470404,Adrian Aquino,Middle,False,2,None,Married / Intact,False,With Both Parents,False,Both Parents,"₱25,000 - ₱49,999 (Middle)",College Degree,High,True,False,Both parents present and maintain regular communication with class adviser.
109238470405,Jerome Bautista,Eldest,True,4,None,Married / Intact,False,With Both Parents,False,Both Parents,"₱25,000 - ₱49,999 (Middle)",College Degree,High,True,False,Both parents present and maintain regular communication with class adviser.
109238470406,Jerome Torres,Middle,False,2,None,Married / Intact,False,With Both Parents,False,Both Parents,"₱25,000 - ₱49,999 (Middle)",College Degree,High,True,False,Both parents present and maintain regular communication with class adviser.
109238470407,Cecilia De Leon,Middle,False,2,None,Married / Intact,False,With Both Parents,False,Both Parents,"₱25,000 - ₱49,999 (Middle)",College Degree,High,True,False,Both parents present and maintain regular communication with class adviser.
109238470408,Clarisse Gonzales,Eldest,True,4,Father OFW,Married / Intact,False,With Relatives / Extended,True,Grandmother / Aunt,"Below ₱10,000 (Low Income)",High School,Unresponsive,False,True,Both parents overseas/working long shifts; student shoulders heavy sibling domestic duties (panganay burden).
109238470409,John Carlo Domingo,Middle,False,2,None,Married / Intact,False,With Both Parents,False,Both Parents,"₱25,000 - ₱49,999 (Middle)",College Degree,High,True,False,Both parents present and maintain regular communication with class adviser.
109238470410,Ethan Navarro,Middle,False,2,None,Married / Intact,False,With Both Parents,False,Both Parents,"₱25,000 - ₱49,999 (Middle)",College Degree,High,True,False,Both parents present and maintain regular communication with class adviser.
109238470411,Lance Torres,Eldest,True,4,None,Married / Intact,False,With Both Parents,False,Both Parents,"₱25,000 - ₱49,999 (Middle)",College Degree,High,True,False,Both parents present and maintain regular communication with class adviser.
109238470412,Matthew Domingo,Middle,False,2,None,Married / Intact,False,With Both Parents,False,Both Parents,"₱25,000 - ₱49,999 (Middle)",College Degree,High,True,False,Both parents present and maintain regular communication with class adviser.
109238470413,Emman Reyes,Middle,False,2,None,Married / Intact,False,With Both Parents,False,Both Parents,"₱25,000 - ₱49,999 (Middle)",College Degree,High,True,False,Both parents present and maintain regular communication with class adviser.
109238470414,Nathan Cruz,Eldest,True,4,None,Married / Intact,False,With Both Parents,False,Both Parents,"₱25,000 - ₱49,999 (Middle)",College Degree,High,True,False,Both parents present and maintain regular communication with class adviser.
109238470415,Kathryn Morales,Middle,False,2,None,Married / Intact,False,With Both Parents,False,Both Parents,"₱25,000 - ₱49,999 (Middle)",College Degree,High,True,False,Both parents present and maintain regular communication with class adviser.
109238470416,Alyssa Morales,Middle,False,2,None,Married / Intact,False,With Both Parents,False,Both Parents,"₱25,000 - ₱49,999 (Middle)",College Degree,High,True,False,Both parents present and maintain regular communication with class adviser.
109238470417,Nicole Santos,Eldest,True,4,None,Married / Intact,False,With Both Parents,False,Both Parents,"₱25,000 - ₱49,999 (Middle)",College Degree,High,True,False,Both parents present and maintain regular communication with class adviser.
109238470418,Rita Ocampo,Middle,False,2,None,Married / Intact,False,With Both Parents,False,Both Parents,"₱25,000 - ₱49,999 (Middle)",College Degree,High,True,False,Both parents present and maintain regular communication with class adviser.
109238470419,Andrea Aquino,Middle,False,2,None,Married / Intact,False,With Both Parents,False,Both Parents,"₱25,000 - ₱49,999 (Middle)",College Degree,High,True,False,Both parents present and maintain regular communication with class adviser.
109238470420,Karl Rivera,Eldest,True,4,None,Married / Intact,False,With Both Parents,False,Both Parents,"₱25,000 - ₱49,999 (Middle)",College Degree,High,True,False,Both parents present and maintain regular communication with class adviser.
109238470421,Simon Rivera,Middle,False,2,None,Married / Intact,False,With Both Parents,False,Both Parents,"₱25,000 - ₱49,999 (Middle)",College Degree,High,True,False,Both parents present and maintain regular communication with class adviser.
109238470422,Princess Mae Lim,Middle,False,2,None,Married / Intact,False,With Both Parents,False,Both Parents,"₱25,000 - ₱49,999 (Middle)",College Degree,High,True,False,Both parents present and maintain regular communication with class adviser.
109238470423,Joy San Jose,Eldest,True,4,None,Married / Intact,False,With Both Parents,False,Both Parents,"₱25,000 - ₱49,999 (Middle)",College Degree,High,True,False,Both parents present and maintain regular communication with class adviser.
109238470424,Patricia Castillo,Middle,False,2,None,Married / Intact,False,With Both Parents,False,Both Parents,"₱25,000 - ₱49,999 (Middle)",College Degree,High,True,False,Both parents present and maintain regular communication with class adviser.
109238470425,Bernadette Ramos,Middle,False,2,None,Married / Intact,False,With Both Parents,False,Both Parents,"₱25,000 - ₱49,999 (Middle)",College Degree,High,True,False,Both parents present and maintain regular communication with class adviser.
109238470426,Princess Mae Dela Cruz,Eldest,True,4,None,Married / Intact,False,With Both Parents,False,Both Parents,"₱25,000 - ₱49,999 (Middle)",College Degree,High,True,False,Both parents present and maintain regular communication with class adviser.
109238470427,Kyle Ramos,Middle,False,2,None,Married / Intact,False,With Both Parents,False,Both Parents,"₱25,000 - ₱49,999 (Middle)",College Degree,High,True,False,Both parents present and maintain regular communication with class adviser.
109238470428,Patricia Cruz,Middle,False,2,None,Married / Intact,False,With Both Parents,False,Both Parents,"₱25,000 - ₱49,999 (Middle)",College Degree,High,True,False,Both parents present and maintain regular communication with class adviser.
109238470429,Christian Flores,Eldest,True,4,None,Married / Intact,False,With Both Parents,False,Both Parents,"₱25,000 - ₱49,999 (Middle)",College Degree,High,True,False,Both parents present and maintain regular communication with class adviser.
109238470430,Rafael Garcia,Middle,False,2,None,Married / Intact,False,With Both Parents,False,Both Parents,"₱25,000 - ₱49,999 (Middle)",College Degree,High,True,False,Both parents present and maintain regular communication with class adviser.
109238470431,Carlos Aquino,Middle,False,2,None,Married / Intact,False,With Both Parents,False,Both Parents,"₱25,000 - ₱49,999 (Middle)",College Degree,High,True,False,Both parents present and maintain regular communication with class adviser.
109238470432,Clare Castillo,Eldest,True,4,None,Married / Intact,False,With Both Parents,False,Both Parents,"₱25,000 - ₱49,999 (Middle)",College Degree,High,True,False,Both parents present and maintain regular communication with class adviser.
109238470433,Maria Clara Gonzales,Middle,False,2,None,Married / Intact,False,With Both Parents,False,Both Parents,"₱25,000 - ₱49,999 (Middle)",College Degree,High,True,False,Both parents present and maintain regular communication with class adviser.
109238470434,Bea Navarro,Middle,False,2,Father OFW,Married / Intact,False,With Relatives / Extended,True,Grandmother / Aunt,"Below ₱10,000 (Low Income)",High School,Unresponsive,False,True,Both parents overseas/working long shifts; student shoulders heavy sibling domestic duties (panganay burden).
109238470435,Dominic Villanueva,Eldest,True,4,None,Married / Intact,False,With Both Parents,False,Both Parents,"₱25,000 - ₱49,999 (Middle)",College Degree,High,True,False,Both parents present and maintain regular communication with class adviser.
109238470436,Mariel Garcia,Middle,False,2,None,Married / Intact,False,With Both Parents,False,Both Parents,"₱25,000 - ₱49,999 (Middle)",College Degree,High,True,False,Both parents present and maintain regular communication with class adviser.
109238470437,Gabriel San Jose,Middle,False,2,None,Married / Intact,False,With Both Parents,False,Both Parents,"₱25,000 - ₱49,999 (Middle)",College Degree,High,True,False,Both parents present and maintain regular communication with class adviser.
109238470438,Nicole San Jose,Eldest,True,4,None,Married / Intact,False,With Both Parents,False,Both Parents,"₱25,000 - ₱49,999 (Middle)",College Degree,High,True,False,Both parents present and maintain regular communication with class adviser.
109238470439,Elijah Tolentino,Middle,False,2,None,Married / Intact,False,With Both Parents,False,Both Parents,"₱25,000 - ₱49,999 (Middle)",College Degree,High,True,False,Both parents present and maintain regular communication with class adviser.
109238470440,Martin Bautista,Middle,False,2,None,Married / Intact,False,With Both Parents,False,Both Parents,"₱25,000 - ₱49,999 (Middle)",College Degree,High,True,False,Both parents present and maintain regular communication with class adviser.
109238470441,Patricia Villanueva,Eldest,True,4,None,Married / Intact,False,With Both Parents,False,Both Parents,"₱25,000 - ₱49,999 (Middle)",College Degree,High,True,False,Both parents present and maintain regular communication with class adviser.
109238470442,Rochelle Pascual,Middle,False,2,None,Married / Intact,False,With Both Parents,False,Both Parents,"₱25,000 - ₱49,999 (Middle)",College Degree,High,True,False,Both parents present and maintain regular communication with class adviser.
109238470443,Benedict Lim,Middle,False,2,None,Married / Intact,False,With Both Parents,False,Both Parents,"₱25,000 - ₱49,999 (Middle)",College Degree,High,True,False,Both parents present and maintain regular communication with class adviser.
109238470444,Martin Valdez,Eldest,True,4,None,Married / Intact,False,With Both Parents,False,Both Parents,"₱25,000 - ₱49,999 (Middle)",College Degree,High,True,False,Both parents present and maintain regular communication with class adviser.
109238470445,Timothy Dela Cruz,Middle,False,2,Father OFW,Married / Intact,False,With Relatives / Extended,True,Grandmother / Aunt,"Below ₱10,000 (Low Income)",High School,Unresponsive,False,True,Both parents overseas/working long shifts; student shoulders heavy sibling domestic duties (panganay burden).
109238470446,Dominic Aquino,Middle,False,2,None,Married / Intact,False,With Both Parents,False,Both Parents,"₱25,000 - ₱49,999 (Middle)",College Degree,High,True,False,Both parents present and maintain regular communication with class adviser.
109238470447,Lorenzo Navarro,Eldest,True,4,None,Married / Intact,False,With Both Parents,False,Both Parents,"₱25,000 - ₱49,999 (Middle)",College Degree,High,True,False,Both parents present and maintain regular communication with class adviser.
109238470448,Bernadette Santiago,Middle,False,2,None,Married / Intact,False,With Both Parents,False,Both Parents,"₱25,000 - ₱49,999 (Middle)",College Degree,High,True,False,Both parents present and maintain regular communication with class adviser.
109238470449,John Carlo Dizon,Middle,False,2,None,Married / Intact,False,With Both Parents,False,Both Parents,"₱25,000 - ₱49,999 (Middle)",College Degree,High,True,False,Both parents present and maintain regular communication with class adviser.
109238470450,Angela Navarro,Eldest,True,4,None,Married / Intact,False,With Both Parents,False,Both Parents,"₱25,000 - ₱49,999 (Middle)",College Degree,High,True,False,Both parents present and maintain regular communication with class adviser.
109238470451,Alyssa Castillo,Middle,False,2,None,Married / Intact,False,With Both Parents,False,Both Parents,"₱25,000 - ₱49,999 (Middle)",College Degree,High,True,False,Both parents present and maintain regular communication with class adviser.
109238470452,Rochelle Ramos,Middle,False,2,Father OFW,Married / Intact,False,With Relatives / Extended,True,Grandmother / Aunt,"Below ₱10,000 (Low Income)",High School,Unresponsive,False,True,Both parents overseas/working long shifts; student shoulders heavy sibling domestic duties (panganay burden).
109238470453,Angela Morales,Eldest,True,4,None,Married / Intact,False,With Both Parents,False,Both Parents,"₱25,000 - ₱49,999 (Middle)",College Degree,High,True,False,Both parents present and maintain regular communication with class adviser.
109238470454,Bernadette Santos,Middle,False,2,None,Married / Intact,False,With Both Parents,False,Both Parents,"₱25,000 - ₱49,999 (Middle)",College Degree,High,True,False,Both parents present and maintain regular communication with class adviser.
109238470455,Sebastian De Leon,Middle,False,2,Father OFW,Married / Intact,False,With Relatives / Extended,True,Grandmother / Aunt,"Below ₱10,000 (Low Income)",High School,Unresponsive,False,True,Both parents overseas/working long shifts; student shoulders heavy sibling domestic duties (panganay burden).
109238470456,Camille Mercado,Eldest,True,4,Father OFW,Married / Intact,False,With Relatives / Extended,True,Grandmother / Aunt,"Below ₱10,000 (Low Income)",High School,Unresponsive,False,True,Both parents overseas/working long shifts; student shoulders heavy sibling domestic duties (panganay burden).
109238470457,Bernadette Aquino,Middle,False,2,None,Married / Intact,False,With Both Parents,False,Both Parents,"₱25,000 - ₱49,999 (Middle)",College Degree,High,True,False,Both parents present and maintain regular communication with class adviser.
109238470458,Diego Navarro,Middle,False,2,None,Married / Intact,False,With Both Parents,False,Both Parents,"₱25,000 - ₱49,999 (Middle)",College Degree,High,True,False,Both parents present and maintain regular communication with class adviser.
109238470459,Kyle Castro,Eldest,True,4,None,Married / Intact,False,With Both Parents,False,Both Parents,"₱25,000 - ₱49,999 (Middle)",College Degree,High,True,False,Both parents present and maintain regular communication with class adviser.
109238470460,Carlos Dizon,Middle,False,2,None,Married / Intact,False,With Both Parents,False,Both Parents,"₱25,000 - ₱49,999 (Middle)",College Degree,High,True,False,Both parents present and maintain regular communication with class adviser.
109238470461,Gabriel Dimaculangan,Middle,False,2,None,Married / Intact,False,With Both Parents,False,Both Parents,"₱25,000 - ₱49,999 (Middle)",College Degree,High,True,False,Both parents present and maintain regular communication with class adviser.
109238470462,Kyle Corpuz,Eldest,True,4,None,Married / Intact,False,With Both Parents,False,Both Parents,"₱25,000 - ₱49,999 (Middle)",College Degree,High,True,False,Both parents present and maintain regular communication with class adviser.
109238470463,Therese Manalo,Middle,False,2,None,Married / Intact,False,With Both Parents,False,Both Parents,"₱25,000 - ₱49,999 (Middle)",College Degree,High,True,False,Both parents present and maintain regular communication with class adviser.
109238470464,Jose Reyes,Middle,False,2,None,Married / Intact,False,With Both Parents,False,Both Parents,"₱25,000 - ₱49,999 (Middle)",College Degree,High,True,False,Both parents present and maintain regular communication with class adviser.
109238470465,Jasmine Navarro,Eldest,True,4,None,Married / Intact,False,With Both Parents,False,Both Parents,"₱25,000 - ₱49,999 (Middle)",College Degree,High,True,False,Both parents present and maintain regular communication with class adviser.
109238470466,Mark Garcia,Middle,False,2,None,Married / Intact,False,With Both Parents,False,Both Parents,"₱25,000 - ₱49,999 (Middle)",College Degree,High,True,False,Both parents present and maintain regular communication with class adviser.
109238470467,Kathryn Padilla,Middle,False,2,None,Married / Intact,False,With Both Parents,False,Both Parents,"₱25,000 - ₱49,999 (Middle)",College Degree,High,True,False,Both parents present and maintain regular communication with class adviser.
109238470468,Miguel Salazar,Eldest,True,4,None,Married / Intact,False,With Both Parents,False,Both Parents,"₱25,000 - ₱49,999 (Middle)",College Degree,High,True,False,Both parents present and maintain regular communication with class adviser.
109238470469,Sebastian Valdez,Middle,False,2,Father OFW,Married / Intact,False,With Relatives / Extended,True,Grandmother / Aunt,"Below ₱10,000 (Low Income)",High School,Unresponsive,False,True,Both parents overseas/working long shifts; student shoulders heavy sibling domestic duties (panganay burden).
109238470470,Rita Ocampo,Middle,False,2,None,Married / Intact,False,With Both Parents,False,Both Parents,"₱25,000 - ₱49,999 (Middle)",College Degree,High,True,False,Both parents present and maintain regular communication with class adviser.
109238470471,Angela Castillo,Eldest,True,4,None,Married / Intact,False,With Both Parents,False,Both Parents,"₱25,000 - ₱49,999 (Middle)",College Degree,High,True,False,Both parents present and maintain regular communication with class adviser.
109238470472,Paolo Mercado,Middle,False,2,None,Married / Intact,False,With Both Parents,False,Both Parents,"₱25,000 - ₱49,999 (Middle)",College Degree,High,True,False,Both parents present and maintain regular communication with class adviser.
109238470473,Hannah Aquino,Middle,False,2,None,Married / Intact,False,With Both Parents,False,Both Parents,"₱25,000 - ₱49,999 (Middle)",College Degree,High,True,False,Both parents present and maintain regular communication with class adviser.
109238470474,Francis San Jose,Eldest,True,4,None,Married / Intact,False,With Both Parents,False,Both Parents,"₱25,000 - ₱49,999 (Middle)",College Degree,High,True,False,Both parents present and maintain regular communication with class adviser.
109238470475,Clare Aquino,Middle,False,2,None,Married / Intact,False,With Both Parents,False,Both Parents,"₱25,000 - ₱49,999 (Middle)",College Degree,High,True,False,Both parents present and maintain regular communication with class adviser.
109238470476,Justin Pascual,Middle,False,2,None,Married / Intact,False,With Both Parents,False,Both Parents,"₱25,000 - ₱49,999 (Middle)",College Degree,High,True,False,Both parents present and maintain regular communication with class adviser.
109238470477,Angelo Manalo,Eldest,True,4,None,Married / Intact,False,With Both Parents,False,Both Parents,"₱25,000 - ₱49,999 (Middle)",College Degree,High,True,False,Both parents present and maintain regular communication with class adviser.
109238470478,Nathan Morales,Middle,False,2,None,Married / Intact,False,With Both Parents,False,Both Parents,"₱25,000 - ₱49,999 (Middle)",College Degree,High,True,False,Both parents present and maintain regular communication with class adviser.
109238470479,Rita Navarro,Middle,False,2,None,Married / Intact,False,With Both Parents,False,Both Parents,"₱25,000 - ₱49,999 (Middle)",College Degree,High,True,False,Both parents present and maintain regular communication with class adviser.
109238470480,Cecilia Santos,Eldest,True,4,Father OFW,Married / Intact,False,With Relatives / Extended,True,Grandmother / Aunt,"Below ₱10,000 (Low Income)",High School,Unresponsive,False,True,Both parents overseas/working long shifts; student shoulders heavy sibling domestic duties (panganay burden).
109238470481,Clarisse Salazar,Middle,False,2,None,Married / Intact,False,With Both Parents,False,Both Parents,"₱25,000 - ₱49,999 (Middle)",College Degree,High,True,False,Both parents present and maintain regular communication with class adviser.
109238470482,Kathleen Dimaculangan,Middle,False,2,None,Married / Intact,False,With Both Parents,False,Both Parents,"₱25,000 - ₱49,999 (Middle)",College Degree,High,True,False,Both parents present and maintain regular communication with class adviser.
109238470483,Christian Ocampo,Eldest,True,4,None,Married / Intact,False,With Both Parents,False,Both Parents,"₱25,000 - ₱49,999 (Middle)",College Degree,High,True,False,Both parents present and maintain regular communication with class adviser.
109238470484,Janine Dimaculangan,Middle,False,2,None,Married / Intact,False,With Both Parents,False,Both Parents,"₱25,000 - ₱49,999 (Middle)",College Degree,High,True,False,Both parents present and maintain regular communication with class adviser.
109238470485,Ethan Navarro,Middle,False,2,None,Married / Intact,False,With Both Parents,False,Both Parents,"₱25,000 - ₱49,999 (Middle)",College Degree,High,True,False,Both parents present and maintain regular communication with class adviser.
109238470486,Ethan Pascual,Eldest,True,4,None,Married / Intact,False,With Both Parents,False,Both Parents,"₱25,000 - ₱49,999 (Middle)",College Degree,High,True,False,Both parents present and maintain regular communication with class adviser.
109238470487,Rafael Bautista,Middle,False,2,None,Married / Intact,False,With Both Parents,False,Both Parents,"₱25,000 - ₱49,999 (Middle)",College Degree,High,True,False,Both parents present and maintain regular communication with class adviser.
109238470488,Camille Padilla,Middle,False,2,None,Married / Intact,False,With Both Parents,False,Both Parents,"₱25,000 - ₱49,999 (Middle)",College Degree,High,True,False,Both parents present and maintain regular communication with class adviser.
109238470489,Maria Clara Lim,Eldest,True,4,None,Married / Intact,False,With Both Parents,False,Both Parents,"₱25,000 - ₱49,999 (Middle)",College Degree,High,True,False,Both parents present and maintain regular communication with class adviser.
109238470490,Paolo Mercado,Middle,False,2,None,Married / Intact,False,With Both Parents,False,Both Parents,"₱25,000 - ₱49,999 (Middle)",College Degree,High,True,False,Both parents present and maintain regular communication with class adviser.
109238470491,Anthony Mendoza,Middle,False,2,None,Married / Intact,False,With Both Parents,False,Both Parents,"₱25,000 - ₱49,999 (Middle)",College Degree,High,True,False,Both parents present and maintain regular communication with class adviser.
109238470492,Hannah San Jose,Eldest,True,4,None,Married / Intact,False,With Both Parents,False,Both Parents,"₱25,000 - ₱49,999 (Middle)",College Degree,High,True,False,Both parents present and maintain regular communication with class adviser.
109238470493,Joshua Lim,Middle,False,2,None,Married / Intact,False,With Both Parents,False,Both Parents,"₱25,000 - ₱49,999 (Middle)",College Degree,High,True,False,Both parents present and maintain regular communication with class adviser.
109238470494,Ethan Soriano,Middle,False,2,None,Married / Intact,False,With Both Parents,False,Both Parents,"₱25,000 - ₱49,999 (Middle)",College Degree,High,True,False,Both parents present and maintain regular communication with class adviser.
109238470495,Karl Ramos,Eldest,True,4,None,Married / Intact,False,With Both Parents,False,Both Parents,"₱25,000 - ₱49,999 (Middle)",College Degree,High,True,False,Both parents present and maintain regular communication with class adviser.
109238470496,Jerome Tolentino,Middle,False,2,None,Married / Intact,False,With Both Parents,False,Both Parents,"₱25,000 - ₱49,999 (Middle)",College Degree,High,True,False,Both parents present and maintain regular communication with class adviser.
109238470497,Therese Rivera,Middle,False,2,None,Married / Intact,False,With Both Parents,False,Both Parents,"₱25,000 - ₱49,999 (Middle)",College Degree,High,True,False,Both parents present and maintain regular communication with class adviser.
109238470498,Hannah Dimaculangan,Eldest,True,4,None,Married / Intact,False,With Both Parents,False,Both Parents,"₱25,000 - ₱49,999 (Middle)",College Degree,High,True,False,Both parents present and maintain regular communication with class adviser.
109238470499,Benedict Dela Cruz,Middle,False,2,None,Married / Intact,False,With Both Parents,False,Both Parents,"₱25,000 - ₱49,999 (Middle)",College Degree,High,True,False,Both parents present and maintain regular communication with class adviser.
109238470500,Ethan Garcia,Middle,False,2,None,Married / Intact,False,With Both Parents,False,Both Parents,"₱25,000 - ₱49,999 (Middle)",College Degree,High,True,False,Both parents present and maintain regular communication with class adviser.
